Invoice,StockCode,Description,Quantity,InvoiceDate,Price,Customer ID,Country
536366,22961,JAM MAKING SET PRINTED,2,2011-01-27 09:17:00,1.45,12673,United Kingdom
536366,22960,JAM MAKING SET WITH JARS,8,2011-01-27 09:17:00,4.25,12673,United Kingdom
536367,85123A,WHITE HANGING HEART T-LIGHT HOLDER,8,2010-12-16 09:43:00,2.95,12362,United Kingdom
536367,71053,WHITE METAL LANTERN,4,2010-12-16 09:43:00,3.75,12362,United Kingdom
536367,21730,GLASS STAR FROSTED T-LIGHT HOLDER,12,2010-12-16 09:43:00,4.25,12362,United Kingdom
536367,22632,HAND WARMER RED POLKA DOT,6,2010-12-16 09:43:00,1.85,12362,United Kingdom
536367,85099B,JUMBO BAG RED RETROSPOT,1,2010-12-16 09:43:00,2.08,12362,United Kingdom
536367,22386,JUMBO BAG PINK POLKADOT,3,2010-12-16 09:43:00,2.08,12362,United Kingdom
536368,85099B,JUMBO BAG RED RETROSPOT,2,2011-07-05 13:47:00,2.08,12703,United Kingdom
536368,85099C,JUMBO BAG BAROQUE BLACK WHITE,8,2011-07-05 13:47:00,2.08,12703,United Kingdom
536368,22386,JUMBO BAG PINK POLKADOT,2,2011-07-05 13:47:00,2.08,12703,United Kingdom
536369,84406B,CREAM CUPID HEARTS COAT HANGER,6,2011-05-26 17:46:00,4.15,12529,United Kingdom
536369,22752,SET 7 BABUSHKA NESTING BOXES,6,2011-05-26 17:46:00,7.65,12529,United Kingdom
536369,84879,ASSORTED COLOUR BIRD ORNAMENT,4,2011-05-26 17:46:00,1.69,12529,United Kingdom
536369,21977,PACK OF 60 PINK PAISLEY CAKE CASES,2,2011-05-26 17:46:00,0.55,12529,United Kingdom
536370,22139,RETROSPOT TEA SET CERAMIC 11 PC,2,2011-11-04 12:19:00,4.95,12369,United Kingdom
536371,85099B,JUMBO BAG RED RETROSPOT,6,2011-04-22 16:10:00,2.08,12540,United Kingdom
536371,85099C,JUMBO BAG BAROQUE BLACK WHITE,2,2011-04-22 16:10:00,2.08,12540,United Kingdom
536371,22386,JUMBO BAG PINK POLKADOT,3,2011-04-22 16:10:00,2.08,12540,United Kingdom
536372,85123A,WHITE HANGING HEART T-LIGHT HOLDER,6,2011-04-05 10:59:00,2.95,12619,United Kingdom
536372,84406B,CREAM CUPID HEARTS COAT HANGER,1,2011-04-05 10:59:00,4.15,12619,United Kingdom
536372,85099C,JUMBO BAG BAROQUE BLACK WHITE,4,2011-04-05 10:59:00,2.08,12619,United Kingdom
536373,22086,PAPER CHAIN KIT 50'S CHRISTMAS,12,2011-05-11 14:47:00,2.55,12362,United Kingdom
536373,85099B,JUMBO BAG RED RETROSPOT,8,2011-05-11 14:47:00,2.08,12362,United Kingdom
536373,47566,PARTY BUNTING,12,2011-05-11 14:47:00,4.95,12362,United Kingdom
536373,22632,HAND WARMER RED POLKA DOT,3,2011-05-11 14:47:00,1.85,12362,United Kingdom
536374,22086,PAPER CHAIN KIT 50'S CHRISTMAS,6,2011-02-10 12:17:00,2.55,12481,Spain
536374,84879,ASSORTED COLOUR BIRD ORNAMENT,4,2011-02-10 12:17:00,1.69,12481,Spain
536374,47566,PARTY BUNTING,3,2011-02-10 12:17:00,4.95,12481,Spain
536374,23166,MEDIUM CERAMIC TOP STORAGE JAR,12,2011-02-10 12:17:00,1.04,12481,Spain
536374,22138,BAKING SET 9 PIECE RETROSPOT,2,2011-02-10 12:17:00,4.95,12481,Spain
536375,84406B,CREAM CUPID HEARTS COAT HANGER,8,2010-12-25 09:39:00,4.15,12732,United Kingdom
536375,22197,POPCORN HOLDER,12,2010-12-25 09:39:00,0.85,12732,United Kingdom
536375,84879,ASSORTED COLOUR BIRD ORNAMENT,6,2010-12-25 09:39:00,1.69,12732,United Kingdom
536376,22960,JAM MAKING SET WITH JARS,8,2010-12-06 10:13:00,4.25,12629,Spain
536376,22752,SET 7 BABUSHKA NESTING BOXES,3,2010-12-06 10:13:00,7.65,12629,Spain
536377,22633,HAND WARMER UNION JACK,4,2010-12-02 13:02:00,1.85,12578,United Kingdom
536377,22632,HAND WARMER RED POLKA DOT,3,2010-12-02 13:02:00,1.85,12578,United Kingdom
536377,84029G,KNITTED UNION FLAG HOT WATER BOTTLE,6,2010-12-02 13:02:00,3.75,12578,United Kingdom
536377,85099B,JUMBO BAG RED RETROSPOT,3,2010-12-02 13:02:00,2.08,12578,United Kingdom
536377,21034,REX CASH+CARRY JUMBO SHOPPER,1,2010-12-02 13:02:00,0.95,12578,United Kingdom
536378,71053,WHITE METAL LANTERN,4,2011-05-15 15:31:00,3.75,12652,United Kingdom
536378,84029G,KNITTED UNION FLAG HOT WATER BOTTLE,2,2011-05-15 15:31:00,3.75,12652,United Kingdom
536379,85099C,JUMBO BAG BAROQUE BLACK WHITE,12,2011-08-06 10:18:00,2.08,12389,Spain
536380,22720,SET OF 3 CAKE TINS PANTRY DESIGN,6,2011-02-23 13:03:00,4.95,12627,United Kingdom
536380,22632,HAND WARMER RED POLKA DOT,8,2011-02-23 13:03:00,1.85,12627,United Kingdom
536380,22386,JUMBO BAG PINK POLKADOT,6,2011-02-23 13:03:00,2.08,12627,United Kingdom
536380,23084,RABBIT NIGHT LIGHT,12,2011-02-23 13:03:00,2.08,12627,United Kingdom
536381,85123A,WHITE HANGING HEART T-LIGHT HOLDER,1,2011-07-20 09:45:00,2.95,12610,United Kingdom
536381,71053,WHITE METAL LANTERN,2,2011-07-20 09:45:00,3.75,12610,United Kingdom
536381,21730,GLASS STAR FROSTED T-LIGHT HOLDER,1,2011-07-20 09:45:00,4.25,12610,United Kingdom
536381,84029G,KNITTED UNION FLAG HOT WATER BOTTLE,4,2011-07-20 09:45:00,3.75,12610,United Kingdom
536381,22382,LUNCH BAG SPACEBOY DESIGN,2,2011-07-20 09:45:00,1.65,12610,United Kingdom
536381,23166,MEDIUM CERAMIC TOP STORAGE JAR,1,2011-07-20 09:45:00,1.04,12610,United Kingdom
536382,21730,GLASS STAR FROSTED T-LIGHT HOLDER,12,2011-01-06 16:45:00,4.25,12515,United Kingdom
536382,21212,PACK OF 72 RETROSPOT CAKE CASES,4,2011-01-06 16:45:00,0.55,12515,United Kingdom
536382,22423,REGENCY CAKESTAND 3 TIER,12,2011-01-06 16:45:00,12.75,12515,United Kingdom
536382,23084,RABBIT NIGHT LIGHT,8,2011-01-06 16:45:00,2.08,12515,United Kingdom
536382,22138,BAKING SET 9 PIECE RETROSPOT,4,2011-01-06 16:45:00,4.95,12515,United Kingdom
536382,21977,PACK OF 60 PINK PAISLEY CAKE CASES,2,2011-01-06 16:45:00,0.55,12515,United Kingdom
536383,85123A,WHITE HANGING HEART T-LIGHT HOLDER,1,2011-11-03 14:52:00,2.95,12395,United Kingdom
536383,71053,WHITE METAL LANTERN,8,2011-11-03 14:52:00,3.75,12395,United Kingdom
536383,21730,GLASS STAR FROSTED T-LIGHT HOLDER,6,2011-11-03 14:52:00,4.25,12395,United Kingdom
536384,22961,JAM MAKING SET PRINTED,12,2011-04-07 11:42:00,1.45,12401,Spain
536384,22139,RETROSPOT TEA SET CERAMIC 11 PC,4,2011-04-07 11:42:00,4.95,12401,Spain
536384,22138,BAKING SET 9 PIECE RETROSPOT,2,2011-04-07 11:42:00,4.95,12401,Spain
536385,21977,PACK OF 60 PINK PAISLEY CAKE CASES,4,2011-09-08 09:33:00,0.55,12572,Spain
536386,22633,HAND WARMER UNION JACK,8,2011-06-27 16:00:00,1.85,12431,United Kingdom
536387,85123A,WHITE HANGING HEART T-LIGHT HOLDER,4,2011-06-18 13:29:00,2.95,12347,Germany
536387,84406B,CREAM CUPID HEARTS COAT HANGER,1,2011-06-18 13:29:00,4.15,12347,Germany
536387,21730,GLASS STAR FROSTED T-LIGHT HOLDER,1,2011-06-18 13:29:00,4.25,12347,Germany
536387,22632,HAND WARMER RED POLKA DOT,6,2011-06-18 13:29:00,1.85,12347,Germany
536387,22960,JAM MAKING SET WITH JARS,1,2011-06-18 13:29:00,4.25,12347,Germany
536388,85123A,WHITE HANGING HEART T-LIGHT HOLDER,3,2011-09-26 16:02:00,2.95,12371,EIRE
536388,84406B,CREAM CUPID HEARTS COAT HANGER,2,2011-09-26 16:02:00,4.15,12371,EIRE
536389,71053,WHITE METAL LANTERN,2,2011-01-04 11:55:00,3.75,12650,United Kingdom
536389,23166,MEDIUM CERAMIC TOP STORAGE JAR,8,2011-01-04 11:55:00,1.04,12650,United Kingdom
536389,22197,POPCORN HOLDER,6,2011-01-04 11:55:00,0.85,12650,United Kingdom
536389,84029G,KNITTED UNION FLAG HOT WATER BOTTLE,6,2011-01-04 11:55:00,3.75,12650,United Kingdom
536390,22086,PAPER CHAIN KIT 50'S CHRISTMAS,2,2011-11-08 13:45:00,2.55,12450,United Kingdom
536390,20725,LUNCH BAG RED RETROSPOT,1,2011-11-08 13:45:00,1.65,12450,United Kingdom
536390,20727,LUNCH BAG BLACK SKULL,12,2011-11-08 13:45:00,1.65,12450,United Kingdom
536390,22382,LUNCH BAG SPACEBOY DESIGN,2,2011-11-08 13:45:00,1.65,12450,United Kingdom
536390,22720,SET OF 3 CAKE TINS PANTRY DESIGN,2,2011-11-08 13:45:00,4.95,12450,United Kingdom
536390,21977,PACK OF 60 PINK PAISLEY CAKE CASES,4,2011-11-08 13:45:00,0.55,12450,United Kingdom
536391,21212,PACK OF 72 RETROSPOT CAKE CASES,6,2011-04-15 11:29:00,0.55,12605,United Kingdom
536392,85123A,WHITE HANGING HEART T-LIGHT HOLDER,6,2011-07-13 17:15:00,2.95,12426,United Kingdom
536392,84406B,CREAM CUPID HEARTS COAT HANGER,2,2011-07-13 17:15:00,4.15,12426,United Kingdom
536393,22961,JAM MAKING SET PRINTED,6,2011-04-15 10:26:00,1.45,12414,United Kingdom
536394,20727,LUNCH BAG BLACK SKULL,2,2011-03-18 13:43:00,1.65,12655,United Kingdom
536394,22382,LUNCH BAG SPACEBOY DESIGN,8,2011-03-18 13:43:00,1.65,12655,United Kingdom
536394,20725,LUNCH BAG RED RETROSPOT,6,2011-03-18 13:43:00,1.65,12655,United Kingdom
536395,20727,LUNCH BAG BLACK SKULL,12,2010-12-02 14:19:00,1.65,12368,United Kingdom
536395,22382,LUNCH BAG SPACEBOY DESIGN,8,2010-12-02 14:19:00,1.65,12368,United Kingdom
536395,23084,RABBIT NIGHT LIGHT,1,2010-12-02 14:19:00,2.08,12368,United Kingdom
536395,20725,LUNCH BAG RED RETROSPOT,2,2010-12-02 14:19:00,1.65,12368,United Kingdom
536396,22382,LUNCH BAG SPACEBOY DESIGN,1,2011-11-19 11:04:00,1.65,12384,United Kingdom
536396,21730,GLASS STAR FROSTED T-LIGHT HOLDER,6,2011-11-19 11:04:00,4.25,12384,United Kingdom
536396,22423,REGENCY CAKESTAND 3 TIER,6,2011-11-19 11:04:00,12.75,12384,United Kingdom
536397,22423,REGENCY CAKESTAND 3 TIER,3,2011-06-02 12:13:00,12.75,12366,United Kingdom
536397,22197,POPCORN HOLDER,4,2011-06-02 12:13:00,0.85,12366,United Kingdom
536397,85099B,JUMBO BAG RED RETROSPOT,3,2011-06-02 12:13:00,2.08,12366,United Kingdom
536397,85099C,JUMBO BAG BAROQUE BLACK WHITE,3,2011-06-02 12:13:00,2.08,12366,United Kingdom
536397,22386,JUMBO BAG PINK POLKADOT,8,2011-06-02 12:13:00,2.08,12366,United Kingdom
536397,22139,RETROSPOT TEA SET CERAMIC 11 PC,1,2011-06-02 12:13:00,4.95,12366,United Kingdom
536397,22138,BAKING SET 9 PIECE RETROSPOT,3,2011-06-02 12:13:00,4.95,12366,United Kingdom
536398,71053,WHITE METAL LANTERN,12,2011-05-20 15:21:00,3.75,12723,United Kingdom
536398,22633,HAND WARMER UNION JACK,4,2011-05-20 15:21:00,1.85,12723,United Kingdom
536398,22632,HAND WARMER RED POLKA DOT,4,2011-05-20 15:21:00,1.85,12723,United Kingdom
536398,84029G,KNITTED UNION FLAG HOT WATER BOTTLE,12,2011-05-20 15:21:00,3.75,12723,United Kingdom
536398,22139,RETROSPOT TEA SET CERAMIC 11 PC,6,2011-05-20 15:21:00,4.95,12723,United Kingdom
536399,20727,LUNCH BAG BLACK SKULL,6,2011-03-27 11:31:00,1.65,12502,United Kingdom
536399,22382,LUNCH BAG SPACEBOY DESIGN,6,2011-03-27 11:31:00,1.65,12502,United Kingdom
536399,20725,LUNCH BAG RED RETROSPOT,8,2011-03-27 11:31:00,1.65,12502,United Kingdom
536400,23166,MEDIUM CERAMIC TOP STORAGE JAR,6,2011-09-01 13:31:00,1.04,12693,United Kingdom
536400,22633,HAND WARMER UNION JACK,1,2011-09-01 13:31:00,1.85,12693,United Kingdom
536401,85123A,WHITE HANGING HEART T-LIGHT HOLDER,8,2011-10-02 14:52:00,2.95,12401,United Kingdom
536401,84406B,CREAM CUPID HEARTS COAT HANGER,4,2011-10-02 14:52:00,4.15,12401,United Kingdom
536402,85099C,JUMBO BAG BAROQUE BLACK WHITE,4,2010-12-23 14:30:00,2.08,12476,EIRE
536402,23084,RABBIT NIGHT LIGHT,6,2010-12-23 14:30:00,2.08,12476,EIRE
536403,22633,HAND WARMER UNION JACK,8,2011-01-05 14:09:00,1.85,12566,United Kingdom
536403,22632,HAND WARMER RED POLKA DOT,6,2011-01-05 14:09:00,1.85,12566,United Kingdom
536403,84029G,KNITTED UNION FLAG HOT WATER BOTTLE,8,2011-01-05 14:09:00,3.75,12566,United Kingdom
536403,22960,JAM MAKING SET WITH JARS,6,2011-01-05 14:09:00,4.25,12566,United Kingdom
536403,20727,LUNCH BAG BLACK SKULL,3,2011-01-05 14:09:00,1.65,12566,United Kingdom
536404,85123A,WHITE HANGING HEART T-LIGHT HOLDER,6,2011-07-04 15:13:00,2.95,12444,United Kingdom
536404,20725,LUNCH BAG RED RETROSPOT,6,2011-07-04 15:13:00,1.65,12444,United Kingdom
536404,20727,LUNCH BAG BLACK SKULL,4,2011-07-04 15:13:00,1.65,12444,United Kingdom
536404,22382,LUNCH BAG SPACEBOY DESIGN,8,2011-07-04 15:13:00,1.65,12444,United Kingdom
536404,21034,REX CASH+CARRY JUMBO SHOPPER,6,2011-07-04 15:13:00,0.95,12444,United Kingdom
536405,22961,JAM MAKING SET PRINTED,6,2011-07-15 16:13:00,1.45,12584,United Kingdom
536405,22960,JAM MAKING SET WITH JARS,6,2011-07-15 16:13:00,4.25,12584,United Kingdom
536406,85123A,WHITE HANGING HEART T-LIGHT HOLDER,2,2011-03-31 12:44:00,2.95,12393,United Kingdom
536406,71053,WHITE METAL LANTERN,12,2011-03-31 12:44:00,3.75,12393,United Kingdom
536406,21730,GLASS STAR FROSTED T-LIGHT HOLDER,8,2011-03-31 12:44:00,4.25,12393,United Kingdom
536406,20725,LUNCH BAG RED RETROSPOT,4,2011-03-31 12:44:00,1.65,12393,United Kingdom
536407,85123A,WHITE HANGING HEART T-LIGHT HOLDER,8,2011-11-22 15:01:00,2.95,12713,United Kingdom
536407,71053,WHITE METAL LANTERN,4,2011-11-22 15:01:00,3.75,12713,United Kingdom
536407,21730,GLASS STAR FROSTED T-LIGHT HOLDER,3,2011-11-22 15:01:00,4.25,12713,United Kingdom
536408,21730,GLASS STAR FROSTED T-LIGHT HOLDER,6,2011-08-23 15:33:00,4.25,12702,Spain
536408,22633,HAND WARMER UNION JACK,12,2011-08-23 15:33:00,1.85,12702,Spain
536408,22632,HAND WARMER RED POLKA DOT,8,2011-08-23 15:33:00,1.85,12702,Spain
536408,84029G,KNITTED UNION FLAG HOT WATER BOTTLE,12,2011-08-23 15:33:00,3.75,12702,Spain
536408,47566,PARTY BUNTING,3,2011-08-23 15:33:00,4.95,12702,Spain
536408,22457,NATURAL SLATE HEART CHALKBOARD,12,2011-08-23 15:33:00,2.95,12702,Spain
536409,22961,JAM MAKING SET PRINTED,12,2011-04-12 12:23:00,1.45,12576,United Kingdom
536409,85099B,JUMBO BAG RED RETROSPOT,2,2011-04-12 12:23:00,2.08,12576,United Kingdom
536409,84029G,KNITTED UNION FLAG HOT WATER BOTTLE,6,2011-04-12 12:23:00,3.75,12576,United Kingdom
536409,20725,LUNCH BAG RED RETROSPOT,4,2011-04-12 12:23:00,1.65,12576,United Kingdom
536410,22961,JAM MAKING SET PRINTED,3,2011-05-21 14:27:00,1.45,12485,Spain
536410,22960,JAM MAKING SET WITH JARS,4,2011-05-21 14:27:00,4.25,12485,Spain
536410,84879,ASSORTED COLOUR BIRD ORNAMENT,2,2011-05-21 14:27:00,1.69,12485,Spain
536411,21212,PACK OF 72 RETROSPOT CAKE CASES,1,2011-06-27 14:04:00,0.55,12558,Germany
536411,84879,ASSORTED COLOUR BIRD ORNAMENT,8,2011-06-27 14:04:00,1.69,12558,Germany
536411,22423,REGENCY CAKESTAND 3 TIER,12,2011-06-27 14:04:00,12.75,12558,Germany
536411,22720,SET OF 3 CAKE TINS PANTRY DESIGN,1,2011-06-27 14:04:00,4.95,12558,Germany
536411,22138,BAKING SET 9 PIECE RETROSPOT,6,2011-06-27 14:04:00,4.95,12558,Germany
536411,21977,PACK OF 60 PINK PAISLEY CAKE CASES,6,2011-06-27 14:04:00,0.55,12558,Germany
536412,20725,LUNCH BAG RED RETROSPOT,4,2011-06-18 15:04:00,1.65,12731,Spain
536413,21034,REX CASH+CARRY JUMBO SHOPPER,12,2011-07-12 15:31:00,0.95,12485,United Kingdom
536413,22139,RETROSPOT TEA SET CERAMIC 11 PC,3,2011-07-12 15:31:00,4.95,12485,United Kingdom
536413,22138,BAKING SET 9 PIECE RETROSPOT,1,2011-07-12 15:31:00,4.95,12485,United Kingdom
536414,22139,RETROSPOT TEA SET CERAMIC 11 PC,12,2011-09-30 18:12:00,4.95,12547,United Kingdom
536414,22138,BAKING SET 9 PIECE RETROSPOT,3,2011-09-30 18:12:00,4.95,12547,United Kingdom
536415,22961,JAM MAKING SET PRINTED,8,2011-04-13 14:50:00,1.45,12371,United Kingdom
536415,85099B,JUMBO BAG RED RETROSPOT,6,2011-04-13 14:50:00,2.08,12371,United Kingdom
536415,85099C,JUMBO BAG BAROQUE BLACK WHITE,2,2011-04-13 14:50:00,2.08,12371,United Kingdom
536415,22386,JUMBO BAG PINK POLKADOT,12,2011-04-13 14:50:00,2.08,12371,United Kingdom
536415,22720,SET OF 3 CAKE TINS PANTRY DESIGN,1,2011-04-13 14:50:00,4.95,12371,United Kingdom
536415,21034,REX CASH+CARRY JUMBO SHOPPER,1,2011-04-13 14:50:00,0.95,12371,United Kingdom
536416,22632,HAND WARMER RED POLKA DOT,1,2011-03-25 10:19:00,1.85,12525,United Kingdom
536417,22086,PAPER CHAIN KIT 50'S CHRISTMAS,6,2011-02-17 11:38:00,2.55,12664,France
536417,47566,PARTY BUNTING,6,2011-02-17 11:38:00,4.95,12664,France
536418,22960,JAM MAKING SET WITH JARS,2,2011-10-07 18:17:00,4.25,12431,United Kingdom
536419,21977,PACK OF 60 PINK PAISLEY CAKE CASES,4,2010-12-14 13:06:00,0.55,12642,United Kingdom
536419,21212,PACK OF 72 RETROSPOT CAKE CASES,2,2010-12-14 13:06:00,0.55,12642,United Kingdom
536419,22423,REGENCY CAKESTAND 3 TIER,6,2010-12-14 13:06:00,12.75,12642,United Kingdom
536420,22382,LUNCH BAG SPACEBOY DESIGN,6,2011-10-04 10:20:00,1.65,12696,Netherlands
536420,22423,REGENCY CAKESTAND 3 TIER,2,2011-10-04 10:20:00,12.75,12696,Netherlands
536421,22423,REGENCY CAKESTAND 3 TIER,6,2011-10-28 13:30:00,12.75,12605,United Kingdom
536422,22457,NATURAL SLATE HEART CHALKBOARD,12,2011-07-24 10:57:00,2.95,12671,United Kingdom
536422,22197,POPCORN HOLDER,12,2011-07-24 10:57:00,0.85,12671,United Kingdom
536423,22961,JAM MAKING SET PRINTED,12,2011-09-30 12:50:00,1.45,12569,United Kingdom
536424,22720,SET OF 3 CAKE TINS PANTRY DESIGN,4,2011-07-26 18:09:00,4.95,12470,United Kingdom
536424,22633,HAND WARMER UNION JACK,6,2011-07-26 18:09:00,1.85,12470,United Kingdom
536424,22423,REGENCY CAKESTAND 3 TIER,6,2011-07-26 18:09:00,12.75,12470,United Kingdom
536424,20725,LUNCH BAG RED RETROSPOT,6,2011-07-26 18:09:00,1.65,12470,United Kingdom
536425,21977,PACK OF 60 PINK PAISLEY CAKE CASES,4,2011-10-02 13:05:00,0.55,12489,United Kingdom
536425,21212,PACK OF 72 RETROSPOT CAKE CASES,8,2011-10-02 13:05:00,0.55,12489,United Kingdom
536425,22423,REGENCY CAKESTAND 3 TIER,12,2011-10-02 13:05:00,12.75,12489,United Kingdom
536426,85123A,WHITE HANGING HEART T-LIGHT HOLDER,6,2011-04-03 16:11:00,2.95,12630,France
536426,71053,WHITE METAL LANTERN,4,2011-04-03 16:11:00,3.75,12630,France
536426,21730,GLASS STAR FROSTED T-LIGHT HOLDER,8,2011-04-03 16:11:00,4.25,12630,France
536427,85123A,WHITE HANGING HEART T-LIGHT HOLDER,6,2011-04-04 13:12:00,2.95,12700,Netherlands
536427,84406B,CREAM CUPID HEARTS COAT HANGER,6,2011-04-04 13:12:00,4.15,12700,Netherlands
536427,21212,PACK OF 72 RETROSPOT CAKE CASES,12,2011-04-04 13:12:00,0.55,12700,Netherlands
536427,22423,REGENCY CAKESTAND 3 TIER,6,2011-04-04 13:12:00,12.75,12700,Netherlands
536427,22382,LUNCH BAG SPACEBOY DESIGN,6,2011-04-04 13:12:00,1.65,12700,Netherlands
536427,23084,RABBIT NIGHT LIGHT,6,2011-04-04 13:12:00,2.08,12700,Netherlands
536428,22632,HAND WARMER RED POLKA DOT,4,2011-01-31 11:50:00,1.85,12464,United Kingdom
536429,22752,SET 7 BABUSHKA NESTING BOXES,4,2011-08-05 13:16:00,7.65,12724,Netherlands
536429,22960,JAM MAKING SET WITH JARS,6,2011-08-05 13:16:00,4.25,12724,Netherlands
536429,21034,REX CASH+CARRY JUMBO SHOPPER,4,2011-08-05 13:16:00,0.95,12724,Netherlands
536429,22197,POPCORN HOLDER,6,2011-08-05 13:16:00,0.85,12724,Netherlands
536430,85123A,WHITE HANGING HEART T-LIGHT HOLDER,6,2011-05-04 09:15:00,2.95,12437,Spain
536430,71053,WHITE METAL LANTERN,3,2011-05-04 09:15:00,3.75,12437,Spain
536430,21730,GLASS STAR FROSTED T-LIGHT HOLDER,12,2011-05-04 09:15:00,4.25,12437,Spain
536431,71053,WHITE METAL LANTERN,6,2010-12-07 17:48:00,3.75,12398,France
536431,85099B,JUMBO BAG RED RETROSPOT,12,2010-12-07 17:48:00,2.08,12398,France
536431,85099C,JUMBO BAG BAROQUE BLACK WHITE,2,2010-12-07 17:48:00,2.08,12398,France
536431,22386,JUMBO BAG PINK POLKADOT,2,2010-12-07 17:48:00,2.08,12398,France
536432,22086,PAPER CHAIN KIT 50'S CHRISTMAS,2,2011-08-09 10:06:00,2.55,12551,United Kingdom
536432,84406B,CREAM CUPID HEARTS COAT HANGER,8,2011-08-09 10:06:00,4.15,12551,United Kingdom
536432,47566,PARTY BUNTING,4,2011-08-09 10:06:00,4.95,12551,United Kingdom
536432,84029G,KNITTED UNION FLAG HOT WATER BOTTLE,8,2011-08-09 10:06:00,3.75,12551,United Kingdom
536433,23166,MEDIUM CERAMIC TOP STORAGE JAR,1,2011-07-15 13:25:00,1.04,12576,Netherlands
536433,22197,POPCORN HOLDER,2,2011-07-15 13:25:00,0.85,12576,Netherlands
536434,85123A,WHITE HANGING HEART T-LIGHT HOLDER,12,2011-03-17 11:46:00,2.95,12736,United Kingdom
536434,84406B,CREAM CUPID HEARTS COAT HANGER,12,2011-03-17 11:46:00,4.15,12736,United Kingdom
536434,22633,HAND WARMER UNION JACK,6,2011-03-17 11:46:00,1.85,12736,United Kingdom
536434,22961,JAM MAKING SET PRINTED,1,2011-03-17 11:46:00,1.45,12736,United Kingdom
536434,22960,JAM MAKING SET WITH JARS,4,2011-03-17 11:46:00,4.25,12736,United Kingdom
536434,22423,REGENCY CAKESTAND 3 TIER,6,2011-03-17 11:46:00,12.75,12736,United Kingdom
536435,22457,NATURAL SLATE HEART CHALKBOARD,8,2011-04-24 15:34:00,2.95,12707,United Kingdom
536435,21977,PACK OF 60 PINK PAISLEY CAKE CASES,2,2011-04-24 15:34:00,0.55,12707,United Kingdom
536435,85099C,JUMBO BAG BAROQUE BLACK WHITE,4,2011-04-24 15:34:00,2.08,12707,United Kingdom
536435,22632,HAND WARMER RED POLKA DOT,3,2011-04-24 15:34:00,1.85,12707,United Kingdom
536436,21034,REX CASH+CARRY JUMBO SHOPPER,6,2011-02-11 09:33:00,0.95,12482,United Kingdom
536436,23166,MEDIUM CERAMIC TOP STORAGE JAR,12,2011-02-11 09:33:00,1.04,12482,United Kingdom
536436,21977,PACK OF 60 PINK PAISLEY CAKE CASES,2,2011-02-11 09:33:00,0.55,12482,United Kingdom
536436,23084,RABBIT NIGHT LIGHT,12,2011-02-11 09:33:00,2.08,12482,United Kingdom
536437,22720,SET OF 3 CAKE TINS PANTRY DESIGN,1,2011-05-05 14:47:00,4.95,12698,EIRE
536437,22423,REGENCY CAKESTAND 3 TIER,8,2011-05-05 14:47:00,12.75,12698,EIRE
536438,85123A,WHITE HANGING HEART T-LIGHT HOLDER,6,2011-05-15 17:46:00,2.95,12722,United Kingdom
536438,22086,PAPER CHAIN KIT 50'S CHRISTMAS,1,2011-05-15 17:46:00,2.55,12722,United Kingdom
536438,47566,PARTY BUNTING,3,2011-05-15 17:46:00,4.95,12722,United Kingdom
536438,85099C,JUMBO BAG BAROQUE BLACK WHITE,12,2011-05-15 17:46:00,2.08,12722,United Kingdom
536438,22720,SET OF 3 CAKE TINS PANTRY DESIGN,12,2011-05-15 17:46:00,4.95,12722,United Kingdom
536438,21034,REX CASH+CARRY JUMBO SHOPPER,6,2011-05-15 17:46:00,0.95,12722,United Kingdom
536439,22086,PAPER CHAIN KIT 50'S CHRISTMAS,6,2011-09-26 15:10:00,2.55,12438,France
536439,21212,PACK OF 72 RETROSPOT CAKE CASES,2,2011-09-26 15:10:00,0.55,12438,France
536439,22423,REGENCY CAKESTAND 3 TIER,3,2011-09-26 15:10:00,12.75,12438,France
536440,71053,WHITE METAL LANTERN,6,2011-06-29 15:48:00,3.75,12514,United Kingdom
536440,84406B,CREAM CUPID HEARTS COAT HANGER,6,2011-06-29 15:48:00,4.15,12514,United Kingdom
536440,22086,PAPER CHAIN KIT 50'S CHRISTMAS,2,2011-06-29 15:48:00,2.55,12514,United Kingdom
536440,47566,PARTY BUNTING,8,2011-06-29 15:48:00,4.95,12514,United Kingdom
536441,85123A,WHITE HANGING HEART T-LIGHT HOLDER,12,2010-12-01 16:59:00,2.95,12609,United Kingdom
536441,22720,SET OF 3 CAKE TINS PANTRY DESIGN,12,2010-12-01 16:59:00,4.95,12609,United Kingdom
536441,84406B,CREAM CUPID HEARTS COAT HANGER,1,2010-12-01 16:59:00,4.15,12609,United Kingdom
536441,22197,POPCORN HOLDER,4,2010-12-01 16:59:00,0.85,12609,United Kingdom
536442,22720,SET OF 3 CAKE TINS PANTRY DESIGN,1,2011-09-08 11:29:00,4.95,12482,United Kingdom
536442,22423,REGENCY CAKESTAND 3 TIER,4,2011-09-08 11:29:00,12.75,12482,United Kingdom
536443,21034,REX CASH+CARRY JUMBO SHOPPER,2,2011-02-20 13:05:00,0.95,12709,United Kingdom
536443,22633,HAND WARMER UNION JACK,12,2011-02-20 13:05:00,1.85,12709,United Kingdom
536443,22632,HAND WARMER RED POLKA DOT,2,2011-02-20 13:05:00,1.85,12709,United Kingdom
536443,84029G,KNITTED UNION FLAG HOT WATER BOTTLE,3,2011-02-20 13:05:00,3.75,12709,United Kingdom
536444,84029G,KNITTED UNION FLAG HOT WATER BOTTLE,3,2011-04-29 17:15:00,3.75,12601,United Kingdom
536444,22423,REGENCY CAKESTAND 3 TIER,8,2011-04-29 17:15:00,12.75,12601,United Kingdom
536444,47566,PARTY BUNTING,4,2011-04-29 17:15:00,4.95,12601,United Kingdom
536444,22382,LUNCH BAG SPACEBOY DESIGN,3,2011-04-29 17:15:00,1.65,12601,United Kingdom
536444,22720,SET OF 3 CAKE TINS PANTRY DESIGN,2,2011-04-29 17:15:00,4.95,12601,United Kingdom
536445,85123A,WHITE HANGING HEART T-LIGHT HOLDER,12,2011-07-01 14:29:00,2.95,12487,EIRE
536445,71053,WHITE METAL LANTERN,3,2011-07-01 14:29:00,3.75,12487,EIRE
536445,21730,GLASS STAR FROSTED T-LIGHT HOLDER,12,2011-07-01 14:29:00,4.25,12487,EIRE
536445,22960,JAM MAKING SET WITH JARS,12,2011-07-01 14:29:00,4.25,12487,EIRE
536445,23084,RABBIT NIGHT LIGHT,6,2011-07-01 14:29:00,2.08,12487,EIRE
536446,22386,JUMBO BAG PINK POLKADOT,4,2011-09-09 16:54:00,2.08,12516,Germany
536447,84879,ASSORTED COLOUR BIRD ORNAMENT,3,2011-06-15 12:24:00,1.69,12638,United Kingdom
536447,22423,REGENCY CAKESTAND 3 TIER,12,2011-06-15 12:24:00,12.75,12638,United Kingdom
536447,85099C,JUMBO BAG BAROQUE BLACK WHITE,1,2011-06-15 12:24:00,2.08,12638,United Kingdom
536447,22720,SET OF 3 CAKE TINS PANTRY DESIGN,3,2011-06-15 12:24:00,4.95,12638,United Kingdom
536447,22457,NATURAL SLATE HEART CHALKBOARD,6,2011-06-15 12:24:00,2.95,12638,United Kingdom
536448,21730,GLASS STAR FROSTED T-LIGHT HOLDER,2,2011-07-14 10:03:00,4.25,12397,Germany
536448,22961,JAM MAKING SET PRINTED,12,2011-07-14 10:03:00,1.45,12397,Germany
536448,22960,JAM MAKING SET WITH JARS,6,2011-07-14 10:03:00,4.25,12397,Germany
536448,85099B,JUMBO BAG RED RETROSPOT,6,2011-07-14 10:03:00,2.08,12397,Germany
536448,22139,RETROSPOT TEA SET CERAMIC 11 PC,8,2011-07-14 10:03:00,4.95,12397,Germany
536449,71053,WHITE METAL LANTERN,2,2011-01-11 14:24:00,3.75,12678,Spain
536449,22382,LUNCH BAG SPACEBOY DESIGN,4,2011-01-11 14:24:00,1.65,12678,Spain
536449,85099B,JUMBO BAG RED RETROSPOT,6,2011-01-11 14:24:00,2.08,12678,Spain
536449,85099C,JUMBO BAG BAROQUE BLACK WHITE,4,2011-01-11 14:24:00,2.08,12678,Spain
536449,22386,JUMBO BAG PINK POLKADOT,2,2011-01-11 14:24:00,2.08,12678,Spain
536449,22139,RETROSPOT TEA SET CERAMIC 11 PC,8,2011-01-11 14:24:00,4.95,12678,Spain
536450,85123A,WHITE HANGING HEART T-LIGHT HOLDER,6,2011-10-21 09:58:00,2.95,12396,United Kingdom
536450,71053,WHITE METAL LANTERN,1,2011-10-21 09:58:00,3.75,12396,United Kingdom
536450,21730,GLASS STAR FROSTED T-LIGHT HOLDER,6,2011-10-21 09:58:00,4.25,12396,United Kingdom
536451,22086,PAPER CHAIN KIT 50'S CHRISTMAS,3,2011-06-10 14:39:00,2.55,12529,United Kingdom
536451,22633,HAND WARMER UNION JACK,2,2011-06-10 14:39:00,1.85,12529,United Kingdom
536451,47566,PARTY BUNTING,8,2011-06-10 14:39:00,4.95,12529,United Kingdom
536452,22720,SET OF 3 CAKE TINS PANTRY DESIGN,1,2011-11-15 12:01:00,4.95,12663,Netherlands
536452,22961,JAM MAKING SET PRINTED,12,2011-11-15 12:01:00,1.45,12663,Netherlands
536452,22423,REGENCY CAKESTAND 3 TIER,6,2011-11-15 12:01:00,12.75,12663,Netherlands
536452,47566,PARTY BUNTING,3,2011-11-15 12:01:00,4.95,12663,Netherlands
536453,22139,RETROSPOT TEA SET CERAMIC 11 PC,6,2011-07-15 14:07:00,4.95,12383,United Kingdom
536453,22138,BAKING SET 9 PIECE RETROSPOT,4,2011-07-15 14:07:00,4.95,12383,United Kingdom
536453,47566,PARTY BUNTING,8,2011-07-15 14:07:00,4.95,12383,United Kingdom
536454,85123A,WHITE HANGING HEART T-LIGHT HOLDER,8,2011-01-24 11:54:00,2.95,12593,Netherlands
536454,20725,LUNCH BAG RED RETROSPOT,6,2011-01-24 11:54:00,1.65,12593,Netherlands
536454,20727,LUNCH BAG BLACK SKULL,1,2011-01-24 11:54:00,1.65,12593,Netherlands
536454,22382,LUNCH BAG SPACEBOY DESIGN,1,2011-01-24 11:54:00,1.65,12593,Netherlands
536454,21034,REX CASH+CARRY JUMBO SHOPPER,12,2011-01-24 11:54:00,0.95,12593,Netherlands
536455,22961,JAM MAKING SET PRINTED,3,2011-03-28 18:21:00,1.45,12492,United Kingdom
536455,21212,PACK OF 72 RETROSPOT CAKE CASES,2,2011-03-28 18:21:00,0.55,12492,United Kingdom
536455,22423,REGENCY CAKESTAND 3 TIER,1,2011-03-28 18:21:00,12.75,12492,United Kingdom
536455,85099C,JUMBO BAG BAROQUE BLACK WHITE,6,2011-03-28 18:21:00,2.08,12492,United Kingdom
536455,23084,RABBIT NIGHT LIGHT,12,2011-03-28 18:21:00,2.08,12492,United Kingdom
536455,22720,SET OF 3 CAKE TINS PANTRY DESIGN,1,2011-03-28 18:21:00,4.95,12492,United Kingdom
536455,21977,PACK OF 60 PINK PAISLEY CAKE CASES,6,2011-03-28 18:21:00,0.55,12492,United Kingdom
536456,22139,RETROSPOT TEA SET CERAMIC 11 PC,3,2011-02-06 10:28:00,4.95,12720,United Kingdom
536456,22138,BAKING SET 9 PIECE RETROSPOT,6,2011-02-06 10:28:00,4.95,12720,United Kingdom
536456,22632,HAND WARMER RED POLKA DOT,6,2011-02-06 10:28:00,1.85,12720,United Kingdom
536457,22457,NATURAL SLATE HEART CHALKBOARD,12,2011-04-11 16:21:00,2.95,12430,United Kingdom
536457,22752,SET 7 BABUSHKA NESTING BOXES,2,2011-04-11 16:21:00,7.65,12430,United Kingdom
536458,22139,RETROSPOT TEA SET CERAMIC 11 PC,6,2011-03-26 15:24:00,4.95,12418,Spain
536458,22138,BAKING SET 9 PIECE RETROSPOT,2,2011-03-26 15:24:00,4.95,12418,Spain
536459,22752,SET 7 BABUSHKA NESTING BOXES,4,2011-06-07 13:07:00,7.65,12578,United Kingdom
536459,85099C,JUMBO BAG BAROQUE BLACK WHITE,12,2011-06-07 13:07:00,2.08,12578,United Kingdom
536460,22720,SET OF 3 CAKE TINS PANTRY DESIGN,2,2011-10-14 16:50:00,4.95,12358,United Kingdom
536460,85099B,JUMBO BAG RED RETROSPOT,3,2011-10-14 16:50:00,2.08,12358,United Kingdom
536460,22423,REGENCY CAKESTAND 3 TIER,1,2011-10-14 16:50:00,12.75,12358,United Kingdom
536461,85123A,WHITE HANGING HEART T-LIGHT HOLDER,12,2011-05-05 15:37:00,2.95,12365,United Kingdom
536461,84406B,CREAM CUPID HEARTS COAT HANGER,6,2011-05-05 15:37:00,4.15,12365,United Kingdom
536461,84879,ASSORTED COLOUR BIRD ORNAMENT,8,2011-05-05 15:37:00,1.69,12365,United Kingdom
536462,22961,JAM MAKING SET PRINTED,6,2011-02-18 15:11:00,1.45,12646,United Kingdom
536462,71053,WHITE METAL LANTERN,4,2011-02-18 15:11:00,3.75,12646,United Kingdom
536462,22423,REGENCY CAKESTAND 3 TIER,12,2011-02-18 15:11:00,12.75,12646,United Kingdom
536462,22386,JUMBO BAG PINK POLKADOT,12,2011-02-18 15:11:00,2.08,12646,United Kingdom
536463,85099B,JUMBO BAG RED RETROSPOT,8,2011-06-04 10:13:00,2.08,12466,United Kingdom
536463,85099C,JUMBO BAG BAROQUE BLACK WHITE,6,2011-06-04 10:13:00,2.08,12466,United Kingdom
536463,22386,JUMBO BAG PINK POLKADOT,4,2011-06-04 10:13:00,2.08,12466,United Kingdom
536464,22086,PAPER CHAIN KIT 50'S CHRISTMAS,1,2011-07-21 10:12:00,2.55,12408,United Kingdom
536464,47566,PARTY BUNTING,6,2011-07-21 10:12:00,4.95,12408,United Kingdom
536465,23166,MEDIUM CERAMIC TOP STORAGE JAR,4,2011-02-03 17:43:00,1.04,12470,United Kingdom
536465,21034,REX CASH+CARRY JUMBO SHOPPER,6,2011-02-03 17:43:00,0.95,12470,United Kingdom
536465,22632,HAND WARMER RED POLKA DOT,3,2011-02-03 17:43:00,1.85,12470,United Kingdom
536466,22961,JAM MAKING SET PRINTED,1,2010-12-02 13:24:00,1.45,12651,United Kingdom
536466,22457,NATURAL SLATE HEART CHALKBOARD,3,2010-12-02 13:24:00,2.95,12651,United Kingdom
536466,22752,SET 7 BABUSHKA NESTING BOXES,1,2010-12-02 13:24:00,7.65,12651,United Kingdom
536466,22633,HAND WARMER UNION JACK,6,2010-12-02 13:24:00,1.85,12651,United Kingdom
536467,22752,SET 7 BABUSHKA NESTING BOXES,2,2011-09-28 13:31:00,7.65,12467,United Kingdom
536467,22961,JAM MAKING SET PRINTED,12,2011-09-28 13:31:00,1.45,12467,United Kingdom
536467,22960,JAM MAKING SET WITH JARS,12,2011-09-28 13:31:00,4.25,12467,United Kingdom
536467,20727,LUNCH BAG BLACK SKULL,6,2011-09-28 13:31:00,1.65,12467,United Kingdom
536467,23084,RABBIT NIGHT LIGHT,2,2011-09-28 13:31:00,2.08,12467,United Kingdom
536468,85123A,WHITE HANGING HEART T-LIGHT HOLDER,1,2011-08-15 12:09:00,2.95,12577,United Kingdom
536468,22960,JAM MAKING SET WITH JARS,12,2011-08-15 12:09:00,4.25,12577,United Kingdom
536468,85099B,JUMBO BAG RED RETROSPOT,8,2011-08-15 12:09:00,2.08,12577,United Kingdom
536468,47566,PARTY BUNTING,8,2011-08-15 12:09:00,4.95,12577,United Kingdom
536469,21730,GLASS STAR FROSTED T-LIGHT HOLDER,2,2011-01-25 16:15:00,4.25,12697,Germany
536469,22633,HAND WARMER UNION JACK,3,2011-01-25 16:15:00,1.85,12697,Germany
536469,22632,HAND WARMER RED POLKA DOT,6,2011-01-25 16:15:00,1.85,12697,Germany
536469,84029G,KNITTED UNION FLAG HOT WATER BOTTLE,6,2011-01-25 16:15:00,3.75,12697,Germany
536469,22197,POPCORN HOLDER,8,2011-01-25 16:15:00,0.85,12697,Germany
536470,22633,HAND WARMER UNION JACK,4,2011-08-29 12:59:00,1.85,12651,EIRE
536470,22632,HAND WARMER RED POLKA DOT,8,2011-08-29 12:59:00,1.85,12651,EIRE
536470,84029G,KNITTED UNION FLAG HOT WATER BOTTLE,12,2011-08-29 12:59:00,3.75,12651,EIRE
536471,22633,HAND WARMER UNION JACK,6,2011-06-30 14:22:00,1.85,12462,Germany
536471,22632,HAND WARMER RED POLKA DOT,6,2011-06-30 14:22:00,1.85,12462,Germany
536471,84029G,KNITTED UNION FLAG HOT WATER BOTTLE,3,2011-06-30 14:22:00,3.75,12462,Germany
536471,22086,PAPER CHAIN KIT 50'S CHRISTMAS,12,2011-06-30 14:22:00,2.55,12462,Germany
536471,22423,REGENCY CAKESTAND 3 TIER,2,2011-06-30 14:22:00,12.75,12462,Germany
536472,22457,NATURAL SLATE HEART CHALKBOARD,1,2011-01-13 09:57:00,2.95,12392,United Kingdom
536472,21730,GLASS STAR FROSTED T-LIGHT HOLDER,6,2011-01-13 09:57:00,4.25,12392,United Kingdom
536473,22960,JAM MAKING SET WITH JARS,6,2011-02-01 14:52:00,4.25,12689,United Kingdom
536474,22720,SET OF 3 CAKE TINS PANTRY DESIGN,2,2011-01-23 18:02:00,4.95,12526,United Kingdom
536474,22139,RETROSPOT TEA SET CERAMIC 11 PC,6,2011-01-23 18:02:00,4.95,12526,United Kingdom
536474,22423,REGENCY CAKESTAND 3 TIER,6,2011-01-23 18:02:00,12.75,12526,United Kingdom
536475,22382,LUNCH BAG SPACEBOY DESIGN,1,2011-04-22 17:44:00,1.65,12404,United Kingdom
536475,22197,POPCORN HOLDER,6,2011-04-22 17:44:00,0.85,12404,United Kingdom
536475,85099B,JUMBO BAG RED RETROSPOT,1,2011-04-22 17:44:00,2.08,12404,United Kingdom
536475,85099C,JUMBO BAG BAROQUE BLACK WHITE,3,2011-04-22 17:44:00,2.08,12404,United Kingdom
536476,22961,JAM MAKING SET PRINTED,8,2011-11-25 13:28:00,1.45,12485,United Kingdom
536476,22960,JAM MAKING SET WITH JARS,2,2011-11-25 13:28:00,4.25,12485,United Kingdom
536476,23166,MEDIUM CERAMIC TOP STORAGE JAR,3,2011-11-25 13:28:00,1.04,12485,United Kingdom
536477,22633,HAND WARMER UNION JACK,6,2011-10-21 08:35:00,1.85,12725,EIRE
536477,22086,PAPER CHAIN KIT 50'S CHRISTMAS,6,2011-10-21 08:35:00,2.55,12725,EIRE
536477,21212,PACK OF 72 RETROSPOT CAKE CASES,2,2011-10-21 08:35:00,0.55,12725,EIRE
536477,22139,RETROSPOT TEA SET CERAMIC 11 PC,1,2011-10-21 08:35:00,4.95,12725,EIRE
536477,22138,BAKING SET 9 PIECE RETROSPOT,3,2011-10-21 08:35:00,4.95,12725,EIRE
536478,22423,REGENCY CAKESTAND 3 TIER,6,2011-10-13 09:13:00,12.75,12426,United Kingdom
536478,47566,PARTY BUNTING,4,2011-10-13 09:13:00,4.95,12426,United Kingdom
536478,22197,POPCORN HOLDER,2,2011-10-13 09:13:00,0.85,12426,United Kingdom
536478,22139,RETROSPOT TEA SET CERAMIC 11 PC,6,2011-10-13 09:13:00,4.95,12426,United Kingdom
536478,22138,BAKING SET 9 PIECE RETROSPOT,8,2011-10-13 09:13:00,4.95,12426,United Kingdom
536479,85123A,WHITE HANGING HEART T-LIGHT HOLDER,1,2011-04-25 18:01:00,2.95,12402,EIRE
536479,71053,WHITE METAL LANTERN,1,2011-04-25 18:01:00,3.75,12402,EIRE
536479,21730,GLASS STAR FROSTED T-LIGHT HOLDER,4,2011-04-25 18:01:00,4.25,12402,EIRE
536479,84879,ASSORTED COLOUR BIRD ORNAMENT,6,2011-04-25 18:01:00,1.69,12402,EIRE
536480,21730,GLASS STAR FROSTED T-LIGHT HOLDER,4,2011-02-09 12:48:00,4.25,12454,United Kingdom
536480,22633,HAND WARMER UNION JACK,6,2011-02-09 12:48:00,1.85,12454,United Kingdom
536480,84879,ASSORTED COLOUR BIRD ORNAMENT,2,2011-02-09 12:48:00,1.69,12454,United Kingdom
536480,22423,REGENCY CAKESTAND 3 TIER,8,2011-02-09 12:48:00,12.75,12454,United Kingdom
536480,22720,SET OF 3 CAKE TINS PANTRY DESIGN,1,2011-02-09 12:48:00,4.95,12454,United Kingdom
536481,23166,MEDIUM CERAMIC TOP STORAGE JAR,8,2010-12-10 16:28:00,1.04,12569,United Kingdom
536481,84879,ASSORTED COLOUR BIRD ORNAMENT,6,2010-12-10 16:28:00,1.69,12569,United Kingdom
536481,22423,REGENCY CAKESTAND 3 TIER,2,2010-12-10 16:28:00,12.75,12569,United Kingdom
536481,22386,JUMBO BAG PINK POLKADOT,8,2010-12-10 16:28:00,2.08,12569,United Kingdom
536482,84406B,CREAM CUPID HEARTS COAT HANGER,2,2011-05-16 11:21:00,4.15,12356,Germany
536482,22423,REGENCY CAKESTAND 3 TIER,4,2011-05-16 11:21:00,12.75,12356,Germany
536483,84029G,KNITTED UNION FLAG HOT WATER BOTTLE,3,2011-09-28 15:03:00,3.75,12569,United Kingdom
536483,22086,PAPER CHAIN KIT 50'S CHRISTMAS,2,2011-09-28 15:03:00,2.55,12569,United Kingdom
536483,20725,LUNCH BAG RED RETROSPOT,2,2011-09-28 15:03:00,1.65,12569,United Kingdom
536483,20727,LUNCH BAG BLACK SKULL,4,2011-09-28 15:03:00,1.65,12569,United Kingdom
536483,22382,LUNCH BAG SPACEBOY DESIGN,6,2011-09-28 15:03:00,1.65,12569,United Kingdom
536484,22197,POPCORN HOLDER,3,2011-10-27 10:45:00,0.85,12525,United Kingdom
536484,21977,PACK OF 60 PINK PAISLEY CAKE CASES,2,2011-10-27 10:45:00,0.55,12525,United Kingdom
536484,21212,PACK OF 72 RETROSPOT CAKE CASES,3,2011-10-27 10:45:00,0.55,12525,United Kingdom
536484,22423,REGENCY CAKESTAND 3 TIER,12,2011-10-27 10:45:00,12.75,12525,United Kingdom
536485,22086,PAPER CHAIN KIT 50'S CHRISTMAS,6,2011-09-15 17:58:00,2.55,12583,Netherlands
536485,22139,RETROSPOT TEA SET CERAMIC 11 PC,3,2011-09-15 17:58:00,4.95,12583,Netherlands
536485,85099B,JUMBO BAG RED RETROSPOT,12,2011-09-15 17:58:00,2.08,12583,Netherlands
536485,47566,PARTY BUNTING,2,2011-09-15 17:58:00,4.95,12583,Netherlands
536486,84406B,CREAM CUPID HEARTS COAT HANGER,1,2011-07-15 13:20:00,4.15,12586,United Kingdom
536486,22960,JAM MAKING SET WITH JARS,1,2011-07-15 13:20:00,4.25,12586,United Kingdom
536486,47566,PARTY BUNTING,6,2011-07-15 13:20:00,4.95,12586,United Kingdom
536486,85099B,JUMBO BAG RED RETROSPOT,6,2011-07-15 13:20:00,2.08,12586,United Kingdom
536486,85099C,JUMBO BAG BAROQUE BLACK WHITE,2,2011-07-15 13:20:00,2.08,12586,United Kingdom
536486,22386,JUMBO BAG PINK POLKADOT,2,2011-07-15 13:20:00,2.08,12586,United Kingdom
536487,85123A,WHITE HANGING HEART T-LIGHT HOLDER,4,2011-10-01 16:54:00,2.95,12660,Germany
536487,71053,WHITE METAL LANTERN,6,2011-10-01 16:54:00,3.75,12660,Germany
536487,21730,GLASS STAR FROSTED T-LIGHT HOLDER,12,2011-10-01 16:54:00,4.25,12660,Germany
536487,23166,MEDIUM CERAMIC TOP STORAGE JAR,3,2011-10-01 16:54:00,1.04,12660,Germany
536487,22457,NATURAL SLATE HEART CHALKBOARD,1,2011-10-01 16:54:00,2.95,12660,Germany
536487,21977,PACK OF 60 PINK PAISLEY CAKE CASES,12,2011-10-01 16:54:00,0.55,12660,Germany
536488,22720,SET OF 3 CAKE TINS PANTRY DESIGN,3,2011-05-25 10:02:00,4.95,12398,United Kingdom
536488,20727,LUNCH BAG BLACK SKULL,6,2011-05-25 10:02:00,1.65,12398,United Kingdom
536488,22197,POPCORN HOLDER,6,2011-05-25 10:02:00,0.85,12398,United Kingdom
536488,22423,REGENCY CAKESTAND 3 TIER,6,2011-05-25 10:02:00,12.75,12398,United Kingdom
536489,84406B,CREAM CUPID HEARTS COAT HANGER,2,2011-06-28 14:13:00,4.15,12544,United Kingdom
536489,22086,PAPER CHAIN KIT 50'S CHRISTMAS,8,2011-06-28 14:13:00,2.55,12544,United Kingdom
536490,22086,PAPER CHAIN KIT 50'S CHRISTMAS,6,2011-04-09 18:25:00,2.55,12491,United Kingdom
536490,21977,PACK OF 60 PINK PAISLEY CAKE CASES,6,2011-04-09 18:25:00,0.55,12491,United Kingdom
536490,47566,PARTY BUNTING,8,2011-04-09 18:25:00,4.95,12491,United Kingdom
536491,85099B,JUMBO BAG RED RETROSPOT,2,2011-10-01 09:49:00,2.08,12412,Spain
536491,85099C,JUMBO BAG BAROQUE BLACK WHITE,8,2011-10-01 09:49:00,2.08,12412,Spain
536491,22386,JUMBO BAG PINK POLKADOT,6,2011-10-01 09:49:00,2.08,12412,Spain
536492,22720,SET OF 3 CAKE TINS PANTRY DESIGN,3,2011-06-04 12:41:00,4.95,12355,United Kingdom
536492,22423,REGENCY CAKESTAND 3 TIER,3,2011-06-04 12:41:00,12.75,12355,United Kingdom
536492,84029G,KNITTED UNION FLAG HOT WATER BOTTLE,2,2011-06-04 12:41:00,3.75,12355,United Kingdom
536493,71053,WHITE METAL LANTERN,3,2011-01-21 17:19:00,3.75,12497,Spain
536493,22086,PAPER CHAIN KIT 50'S CHRISTMAS,8,2011-01-21 17:19:00,2.55,12497,Spain
536493,22138,BAKING SET 9 PIECE RETROSPOT,3,2011-01-21 17:19:00,4.95,12497,Spain
536493,85099C,JUMBO BAG BAROQUE BLACK WHITE,3,2011-01-21 17:19:00,2.08,12497,Spain
536494,22423,REGENCY CAKESTAND 3 TIER,6,2011-11-20 18:21:00,12.75,12438,United Kingdom
536495,22382,LUNCH BAG SPACEBOY DESIGN,6,2011-04-01 16:09:00,1.65,12692,United Kingdom
536495,84029G,KNITTED UNION FLAG HOT WATER BOTTLE,12,2011-04-01 16:09:00,3.75,12692,United Kingdom
536496,20727,LUNCH BAG BLACK SKULL,3,2011-06-07 17:58:00,1.65,12445,Germany
536496,22423,REGENCY CAKESTAND 3 TIER,4,2011-06-07 17:58:00,12.75,12445,Germany
536497,22139,RETROSPOT TEA SET CERAMIC 11 PC,2,2011-02-09 12:33:00,4.95,12655,France
536497,22752,SET 7 BABUSHKA NESTING BOXES,6,2011-02-09 12:33:00,7.65,12655,France
536497,21977,PACK OF 60 PINK PAISLEY CAKE CASES,2,2011-02-09 12:33:00,0.55,12655,France
536497,22386,JUMBO BAG PINK POLKADOT,3,2011-02-09 12:33:00,2.08,12655,France
536498,21977,PACK OF 60 PINK PAISLEY CAKE CASES,1,2011-07-19 16:39:00,0.55,12485,United Kingdom
536498,21212,PACK OF 72 RETROSPOT CAKE CASES,8,2011-07-19 16:39:00,0.55,12485,United Kingdom
536498,22138,BAKING SET 9 PIECE RETROSPOT,1,2011-07-19 16:39:00,4.95,12485,United Kingdom
536498,22423,REGENCY CAKESTAND 3 TIER,8,2011-07-19 16:39:00,12.75,12485,United Kingdom
536499,85123A,WHITE HANGING HEART T-LIGHT HOLDER,6,2011-06-10 11:54:00,2.95,12603,United Kingdom
536499,71053,WHITE METAL LANTERN,3,2011-06-10 11:54:00,3.75,12603,United Kingdom
536499,22752,SET 7 BABUSHKA NESTING BOXES,3,2011-06-10 11:54:00,7.65,12603,United Kingdom
536499,21730,GLASS STAR FROSTED T-LIGHT HOLDER,1,2011-06-10 11:54:00,4.25,12603,United Kingdom
536499,21977,PACK OF 60 PINK PAISLEY CAKE CASES,6,2011-06-10 11:54:00,0.55,12603,United Kingdom
536500,85123A,WHITE HANGING HEART T-LIGHT HOLDER,1,2011-11-22 11:18:00,2.95,12587,France
536500,71053,WHITE METAL LANTERN,6,2011-11-22 11:18:00,3.75,12587,France
536500,21730,GLASS STAR FROSTED T-LIGHT HOLDER,4,2011-11-22 11:18:00,4.25,12587,France
536501,20727,LUNCH BAG BLACK SKULL,2,2011-09-07 18:03:00,1.65,12422,United Kingdom
536501,22382,LUNCH BAG SPACEBOY DESIGN,1,2011-09-07 18:03:00,1.65,12422,United Kingdom
536501,22960,JAM MAKING SET WITH JARS,4,2011-09-07 18:03:00,4.25,12422,United Kingdom
536501,20725,LUNCH BAG RED RETROSPOT,8,2011-09-07 18:03:00,1.65,12422,United Kingdom
536502,85123A,WHITE HANGING HEART T-LIGHT HOLDER,4,2011-10-15 15:34:00,2.95,12673,United Kingdom
536502,22382,LUNCH BAG SPACEBOY DESIGN,3,2011-10-15 15:34:00,1.65,12673,United Kingdom
536502,22197,POPCORN HOLDER,6,2011-10-15 15:34:00,0.85,12673,United Kingdom
536503,22961,JAM MAKING SET PRINTED,6,2010-12-01 17:52:00,1.45,12565,United Kingdom
536503,22960,JAM MAKING SET WITH JARS,2,2010-12-01 17:52:00,4.25,12565,United Kingdom
536504,71053,WHITE METAL LANTERN,6,2011-09-05 17:20:00,3.75,12615,EIRE
536504,84879,ASSORTED COLOUR BIRD ORNAMENT,6,2011-09-05 17:20:00,1.69,12615,EIRE
536504,85099B,JUMBO BAG RED RETROSPOT,1,2011-09-05 17:20:00,2.08,12615,EIRE
536504,22139,RETROSPOT TEA SET CERAMIC 11 PC,6,2011-09-05 17:20:00,4.95,12615,EIRE
536504,22138,BAKING SET 9 PIECE RETROSPOT,2,2011-09-05 17:20:00,4.95,12615,EIRE
536505,71053,WHITE METAL LANTERN,6,2011-04-03 10:19:00,3.75,12522,Netherlands
536505,21730,GLASS STAR FROSTED T-LIGHT HOLDER,6,2011-04-03 10:19:00,4.25,12522,Netherlands
536506,22961,JAM MAKING SET PRINTED,12,2011-02-28 16:14:00,1.45,12675,France
536506,22960,JAM MAKING SET WITH JARS,1,2011-02-28 16:14:00,4.25,12675,France
536507,22960,JAM MAKING SET WITH JARS,8,2011-03-14 09:20:00,4.25,12496,United Kingdom
536507,21977,PACK OF 60 PINK PAISLEY CAKE CASES,12,2011-03-14 09:20:00,0.55,12496,United Kingdom
536508,22139,RETROSPOT TEA SET CERAMIC 11 PC,6,2010-12-19 11:48:00,4.95,12475,United Kingdom
536509,22086,PAPER CHAIN KIT 50'S CHRISTMAS,12,2011-02-02 13:57:00,2.55,12485,United Kingdom
536509,22633,HAND WARMER UNION JACK,6,2011-02-02 13:57:00,1.85,12485,United Kingdom
536509,20725,LUNCH BAG RED RETROSPOT,6,2011-02-02 13:57:00,1.65,12485,United Kingdom
536510,85099B,JUMBO BAG RED RETROSPOT,2,2011-07-06 09:57:00,2.08,12388,United Kingdom
536510,85099C,JUMBO BAG BAROQUE BLACK WHITE,6,2011-07-06 09:57:00,2.08,12388,United Kingdom
536510,22386,JUMBO BAG PINK POLKADOT,6,2011-07-06 09:57:00,2.08,12388,United Kingdom
536511,22720,SET OF 3 CAKE TINS PANTRY DESIGN,6,2011-07-17 18:15:00,4.95,12502,United Kingdom
536511,71053,WHITE METAL LANTERN,8,2011-07-17 18:15:00,3.75,12502,United Kingdom
536511,22423,REGENCY CAKESTAND 3 TIER,6,2011-07-17 18:15:00,12.75,12502,United Kingdom
536511,47566,PARTY BUNTING,1,2011-07-17 18:15:00,4.95,12502,United Kingdom
536512,85123A,WHITE HANGING HEART T-LIGHT HOLDER,3,2011-11-09 14:53:00,2.95,12384,EIRE
536513,84879,ASSORTED COLOUR BIRD ORNAMENT,1,2011-11-13 15:32:00,1.69,12657,United Kingdom
536513,23166,MEDIUM CERAMIC TOP STORAGE JAR,3,2011-11-13 15:32:00,1.04,12657,United Kingdom
536513,85099B,JUMBO BAG RED RETROSPOT,12,2011-11-13 15:32:00,2.08,12657,United Kingdom
536513,85099C,JUMBO BAG BAROQUE BLACK WHITE,6,2011-11-13 15:32:00,2.08,12657,United Kingdom
536513,22386,JUMBO BAG PINK POLKADOT,6,2011-11-13 15:32:00,2.08,12657,United Kingdom
536514,22752,SET 7 BABUSHKA NESTING BOXES,1,2011-01-09 17:38:00,7.65,12573,EIRE
536514,84029G,KNITTED UNION FLAG HOT WATER BOTTLE,3,2011-01-09 17:38:00,3.75,12573,EIRE
536514,85099B,JUMBO BAG RED RETROSPOT,12,2011-01-09 17:38:00,2.08,12573,EIRE
536514,85099C,JUMBO BAG BAROQUE BLACK WHITE,8,2011-01-09 17:38:00,2.08,12573,EIRE
536514,22386,JUMBO BAG PINK POLKADOT,2,2011-01-09 17:38:00,2.08,12573,EIRE
536515,22720,SET OF 3 CAKE TINS PANTRY DESIGN,3,2011-04-13 15:43:00,4.95,12480,United Kingdom
536515,22752,SET 7 BABUSHKA NESTING BOXES,2,2011-04-13 15:43:00,7.65,12480,United Kingdom
536515,22423,REGENCY CAKESTAND 3 TIER,12,2011-04-13 15:43:00,12.75,12480,United Kingdom
536516,22633,HAND WARMER UNION JACK,3,2011-07-16 10:21:00,1.85,12434,United Kingdom
536516,22632,HAND WARMER RED POLKA DOT,3,2011-07-16 10:21:00,1.85,12434,United Kingdom
536516,84029G,KNITTED UNION FLAG HOT WATER BOTTLE,6,2011-07-16 10:21:00,3.75,12434,United Kingdom
536516,22960,JAM MAKING SET WITH JARS,4,2011-07-16 10:21:00,4.25,12434,United Kingdom
536516,22382,LUNCH BAG SPACEBOY DESIGN,2,2011-07-16 10:21:00,1.65,12434,United Kingdom
536516,22138,BAKING SET 9 PIECE RETROSPOT,4,2011-07-16 10:21:00,4.95,12434,United Kingdom
536517,21730,GLASS STAR FROSTED T-LIGHT HOLDER,2,2011-04-01 15:31:00,4.25,12417,United Kingdom
536517,22382,LUNCH BAG SPACEBOY DESIGN,2,2011-04-01 15:31:00,1.65,12417,United Kingdom
536517,85099B,JUMBO BAG RED RETROSPOT,6,2011-04-01 15:31:00,2.08,12417,United Kingdom
536517,85099C,JUMBO BAG BAROQUE BLACK WHITE,8,2011-04-01 15:31:00,2.08,12417,United Kingdom
536517,22386,JUMBO BAG PINK POLKADOT,12,2011-04-01 15:31:00,2.08,12417,United Kingdom
536517,22457,NATURAL SLATE HEART CHALKBOARD,8,2011-04-01 15:31:00,2.95,12417,United Kingdom
536518,47566,PARTY BUNTING,12,2011-06-28 17:34:00,4.95,12739,United Kingdom
536519,22961,JAM MAKING SET PRINTED,1,2011-08-22 13:38:00,1.45,12694,Spain
536519,22960,JAM MAKING SET WITH JARS,2,2011-08-22 13:38:00,4.25,12694,Spain
536519,22423,REGENCY CAKESTAND 3 TIER,3,2011-08-22 13:38:00,12.75,12694,Spain
536520,85123A,WHITE HANGING HEART T-LIGHT HOLDER,6,2011-02-23 10:50:00,2.95,12501,United Kingdom
536520,84406B,CREAM CUPID HEARTS COAT HANGER,4,2011-02-23 10:50:00,4.15,12501,United Kingdom
536520,22139,RETROSPOT TEA SET CERAMIC 11 PC,6,2011-02-23 10:50:00,4.95,12501,United Kingdom
536521,21730,GLASS STAR FROSTED T-LIGHT HOLDER,6,2011-10-17 13:09:00,4.25,12410,Spain
536521,22633,HAND WARMER UNION JACK,1,2011-10-17 13:09:00,1.85,12410,Spain
536521,22961,JAM MAKING SET PRINTED,1,2011-10-17 13:09:00,1.45,12410,Spain
536521,22960,JAM MAKING SET WITH JARS,2,2011-10-17 13:09:00,4.25,12410,Spain
536521,23166,MEDIUM CERAMIC TOP STORAGE JAR,1,2011-10-17 13:09:00,1.04,12410,Spain
536521,85099C,JUMBO BAG BAROQUE BLACK WHITE,6,2011-10-17 13:09:00,2.08,12410,Spain
536522,85123A,WHITE HANGING HEART T-LIGHT HOLDER,12,2011-03-18 17:56:00,2.95,12679,United Kingdom
536522,22960,JAM MAKING SET WITH JARS,4,2011-03-18 17:56:00,4.25,12679,United Kingdom
536522,84406B,CREAM CUPID HEARTS COAT HANGER,8,2011-03-18 17:56:00,4.15,12679,United Kingdom
536522,85099B,JUMBO BAG RED RETROSPOT,6,2011-03-18 17:56:00,2.08,12679,United Kingdom
536523,22720,SET OF 3 CAKE TINS PANTRY DESIGN,3,2011-01-07 08:40:00,4.95,12578,Germany
536523,22086,PAPER CHAIN KIT 50'S CHRISTMAS,6,2011-01-07 08:40:00,2.55,12578,Germany
536523,22423,REGENCY CAKESTAND 3 TIER,6,2011-01-07 08:40:00,12.75,12578,Germany
536524,47566,PARTY BUNTING,2,2011-05-26 14:38:00,4.95,12721,United Kingdom
536524,22633,HAND WARMER UNION JACK,6,2011-05-26 14:38:00,1.85,12721,United Kingdom
536524,22632,HAND WARMER RED POLKA DOT,12,2011-05-26 14:38:00,1.85,12721,United Kingdom
536524,84029G,KNITTED UNION FLAG HOT WATER BOTTLE,4,2011-05-26 14:38:00,3.75,12721,United Kingdom
536525,22139,RETROSPOT TEA SET CERAMIC 11 PC,3,2011-01-19 08:48:00,4.95,12418,United Kingdom
536525,22138,BAKING SET 9 PIECE RETROSPOT,6,2011-01-19 08:48:00,4.95,12418,United Kingdom
536525,84029G,KNITTED UNION FLAG HOT WATER BOTTLE,6,2011-01-19 08:48:00,3.75,12418,United Kingdom
536526,85123A,WHITE HANGING HEART T-LIGHT HOLDER,12,2011-02-20 16:02:00,2.95,12443,Germany
536526,84406B,CREAM CUPID HEARTS COAT HANGER,4,2011-02-20 16:02:00,4.15,12443,Germany
536526,84879,ASSORTED COLOUR BIRD ORNAMENT,4,2011-02-20 16:02:00,1.69,12443,Germany
536526,20725,LUNCH BAG RED RETROSPOT,6,2011-02-20 16:02:00,1.65,12443,Germany
536526,20727,LUNCH BAG BLACK SKULL,1,2011-02-20 16:02:00,1.65,12443,Germany
536526,22382,LUNCH BAG SPACEBOY DESIGN,1,2011-02-20 16:02:00,1.65,12443,Germany
536527,85123A,WHITE HANGING HEART T-LIGHT HOLDER,8,2011-08-11 18:26:00,2.95,12490,France
536527,71053,WHITE METAL LANTERN,3,2011-08-11 18:26:00,3.75,12490,France
536527,21730,GLASS STAR FROSTED T-LIGHT HOLDER,6,2011-08-11 18:26:00,4.25,12490,France
536528,22632,HAND WARMER RED POLKA DOT,2,2011-06-06 14:53:00,1.85,12718,United Kingdom
536528,22960,JAM MAKING SET WITH JARS,8,2011-06-06 14:53:00,4.25,12718,United Kingdom
536528,22086,PAPER CHAIN KIT 50'S CHRISTMAS,12,2011-06-06 14:53:00,2.55,12718,United Kingdom
536528,21212,PACK OF 72 RETROSPOT CAKE CASES,6,2011-06-06 14:53:00,0.55,12718,United Kingdom
536528,47566,PARTY BUNTING,2,2011-06-06 14:53:00,4.95,12718,United Kingdom
536528,22382,LUNCH BAG SPACEBOY DESIGN,3,2011-06-06 14:53:00,1.65,12718,United Kingdom
536529,85099B,JUMBO BAG RED RETROSPOT,8,2011-06-20 14:20:00,2.08,12395,United Kingdom
536529,85099C,JUMBO BAG BAROQUE BLACK WHITE,1,2011-06-20 14:20:00,2.08,12395,United Kingdom
536529,22386,JUMBO BAG PINK POLKADOT,1,2011-06-20 14:20:00,2.08,12395,United Kingdom
536529,22632,HAND WARMER RED POLKA DOT,1,2011-06-20 14:20:00,1.85,12395,United Kingdom
536530,85123A,WHITE HANGING HEART T-LIGHT HOLDER,6,2011-05-20 16:03:00,2.95,12416,Germany
536530,84406B,CREAM CUPID HEARTS COAT HANGER,3,2011-05-20 16:03:00,4.15,12416,Germany
536530,22086,PAPER CHAIN KIT 50'S CHRISTMAS,8,2011-05-20 16:03:00,2.55,12416,Germany
536531,22960,JAM MAKING SET WITH JARS,12,2011-05-03 17:51:00,4.25,12661,EIRE
536531,23166,MEDIUM CERAMIC TOP STORAGE JAR,1,2011-05-03 17:51:00,1.04,12661,EIRE
536531,22386,JUMBO BAG PINK POLKADOT,6,2011-05-03 17:51:00,2.08,12661,EIRE
536531,20725,LUNCH BAG RED RETROSPOT,6,2011-05-03 17:51:00,1.65,12661,EIRE
536532,22197,POPCORN HOLDER,12,2011-01-26 15:07:00,0.85,12690,United Kingdom
536533,20727,LUNCH BAG BLACK SKULL,8,2011-11-01 18:06:00,1.65,12481,United Kingdom
536533,85099B,JUMBO BAG RED RETROSPOT,3,2011-11-01 18:06:00,2.08,12481,United Kingdom
536533,22633,HAND WARMER UNION JACK,4,2011-11-01 18:06:00,1.85,12481,United Kingdom
536533,20725,LUNCH BAG RED RETROSPOT,1,2011-11-01 18:06:00,1.65,12481,United Kingdom
536534,22139,RETROSPOT TEA SET CERAMIC 11 PC,4,2011-11-24 09:42:00,4.95,12639,United Kingdom
536534,22138,BAKING SET 9 PIECE RETROSPOT,8,2011-11-24 09:42:00,4.95,12639,United Kingdom
536534,22423,REGENCY CAKESTAND 3 TIER,12,2011-11-24 09:42:00,12.75,12639,United Kingdom
536535,22633,HAND WARMER UNION JACK,6,2011-01-01 11:03:00,1.85,12722,United Kingdom
536535,22086,PAPER CHAIN KIT 50'S CHRISTMAS,6,2011-01-01 11:03:00,2.55,12722,United Kingdom
536535,84879,ASSORTED COLOUR BIRD ORNAMENT,6,2011-01-01 11:03:00,1.69,12722,United Kingdom
536535,22423,REGENCY CAKESTAND 3 TIER,12,2011-01-01 11:03:00,12.75,12722,United Kingdom
536535,47566,PARTY BUNTING,4,2011-01-01 11:03:00,4.95,12722,United Kingdom
536535,22720,SET OF 3 CAKE TINS PANTRY DESIGN,4,2011-01-01 11:03:00,4.95,12722,United Kingdom
536536,22386,JUMBO BAG PINK POLKADOT,12,2011-09-12 12:44:00,2.08,12488,United Kingdom
536537,22086,PAPER CHAIN KIT 50'S CHRISTMAS,6,2011-08-03 14:05:00,2.55,12508,United Kingdom
536537,84879,ASSORTED COLOUR BIRD ORNAMENT,3,2011-08-03 14:05:00,1.69,12508,United Kingdom
536537,47566,PARTY BUNTING,6,2011-08-03 14:05:00,4.95,12508,United Kingdom
536537,21034,REX CASH+CARRY JUMBO SHOPPER,1,2011-08-03 14:05:00,0.95,12508,United Kingdom
536537,22138,BAKING SET 9 PIECE RETROSPOT,6,2011-08-03 14:05:00,4.95,12508,United Kingdom
536538,22720,SET OF 3 CAKE TINS PANTRY DESIGN,6,2011-01-10 14:29:00,4.95,12711,Germany
536538,22423,REGENCY CAKESTAND 3 TIER,6,2011-01-10 14:29:00,12.75,12711,Germany
536538,22632,HAND WARMER RED POLKA DOT,3,2011-01-10 14:29:00,1.85,12711,Germany
536539,85123A,WHITE HANGING HEART T-LIGHT HOLDER,4,2011-10-12 17:45:00,2.95,12401,United Kingdom
536539,84406B,CREAM CUPID HEARTS COAT HANGER,1,2011-10-12 17:45:00,4.15,12401,United Kingdom
536539,85099B,JUMBO BAG RED RETROSPOT,2,2011-10-12 17:45:00,2.08,12401,United Kingdom
536540,85123A,WHITE HANGING HEART T-LIGHT HOLDER,12,2011-05-19 15:36:00,2.95,12557,United Kingdom
536540,84406B,CREAM CUPID HEARTS COAT HANGER,12,2011-05-19 15:36:00,4.15,12557,United Kingdom
536540,22423,REGENCY CAKESTAND 3 TIER,4,2011-05-19 15:36:00,12.75,12557,United Kingdom
536541,85099B,JUMBO BAG RED RETROSPOT,4,2011-04-27 13:48:00,2.08,12733,United Kingdom
536542,21034,REX CASH+CARRY JUMBO SHOPPER,8,2010-12-20 10:56:00,0.95,12619,United Kingdom
536543,22752,SET 7 BABUSHKA NESTING BOXES,12,2011-03-06 13:26:00,7.65,12599,United Kingdom
536543,22960,JAM MAKING SET WITH JARS,12,2011-03-06 13:26:00,4.25,12599,United Kingdom
536543,22086,PAPER CHAIN KIT 50'S CHRISTMAS,3,2011-03-06 13:26:00,2.55,12599,United Kingdom
536543,47566,PARTY BUNTING,12,2011-03-06 13:26:00,4.95,12599,United Kingdom
536543,21977,PACK OF 60 PINK PAISLEY CAKE CASES,6,2011-03-06 13:26:00,0.55,12599,United Kingdom
536544,22961,JAM MAKING SET PRINTED,6,2011-01-27 13:40:00,1.45,12444,Germany
536544,22960,JAM MAKING SET WITH JARS,6,2011-01-27 13:40:00,4.25,12444,Germany
536545,22086,PAPER CHAIN KIT 50'S CHRISTMAS,2,2011-11-11 11:41:00,2.55,12636,United Kingdom
536545,84406B,CREAM CUPID HEARTS COAT HANGER,3,2011-11-11 11:41:00,4.15,12636,United Kingdom
536545,84879,ASSORTED COLOUR BIRD ORNAMENT,3,2011-11-11 11:41:00,1.69,12636,United Kingdom
536545,85099C,JUMBO BAG BAROQUE BLACK WHITE,12,2011-11-11 11:41:00,2.08,12636,United Kingdom
536546,22960,JAM MAKING SET WITH JARS,1,2011-04-07 08:46:00,4.25,12511,United Kingdom
536546,20725,LUNCH BAG RED RETROSPOT,6,2011-04-07 08:46:00,1.65,12511,United Kingdom
536546,20727,LUNCH BAG BLACK SKULL,6,2011-04-07 08:46:00,1.65,12511,United Kingdom
536546,22382,LUNCH BAG SPACEBOY DESIGN,4,2011-04-07 08:46:00,1.65,12511,United Kingdom
536546,23166,MEDIUM CERAMIC TOP STORAGE JAR,1,2011-04-07 08:46:00,1.04,12511,United Kingdom
536547,85123A,WHITE HANGING HEART T-LIGHT HOLDER,6,2011-01-30 15:49:00,2.95,12687,United Kingdom
536547,84406B,CREAM CUPID HEARTS COAT HANGER,6,2011-01-30 15:49:00,4.15,12687,United Kingdom
536547,22752,SET 7 BABUSHKA NESTING BOXES,4,2011-01-30 15:49:00,7.65,12687,United Kingdom
536547,22386,JUMBO BAG PINK POLKADOT,4,2011-01-30 15:49:00,2.08,12687,United Kingdom
536548,85123A,WHITE HANGING HEART T-LIGHT HOLDER,4,2011-08-02 10:59:00,2.95,12414,United Kingdom
536548,84406B,CREAM CUPID HEARTS COAT HANGER,4,2011-08-02 10:59:00,4.15,12414,United Kingdom
536548,22382,LUNCH BAG SPACEBOY DESIGN,2,2011-08-02 10:59:00,1.65,12414,United Kingdom
536548,22720,SET OF 3 CAKE TINS PANTRY DESIGN,12,2011-08-02 10:59:00,4.95,12414,United Kingdom
536548,22457,NATURAL SLATE HEART CHALKBOARD,6,2011-08-02 10:59:00,2.95,12414,United Kingdom
536549,23166,MEDIUM CERAMIC TOP STORAGE JAR,3,2011-09-15 09:33:00,1.04,12385,Spain
536550,84406B,CREAM CUPID HEARTS COAT HANGER,12,2011-05-17 16:58:00,4.15,12430,United Kingdom
536550,22086,PAPER CHAIN KIT 50'S CHRISTMAS,1,2011-05-17 16:58:00,2.55,12430,United Kingdom
536550,47566,PARTY BUNTING,12,2011-05-17 16:58:00,4.95,12430,United Kingdom
536550,20727,LUNCH BAG BLACK SKULL,3,2011-05-17 16:58:00,1.65,12430,United Kingdom
536550,22138,BAKING SET 9 PIECE RETROSPOT,8,2011-05-17 16:58:00,4.95,12430,United Kingdom
536551,20727,LUNCH BAG BLACK SKULL,8,2011-09-15 09:05:00,1.65,12579,Germany
536551,22382,LUNCH BAG SPACEBOY DESIGN,6,2011-09-15 09:05:00,1.65,12579,Germany
536551,20725,LUNCH BAG RED RETROSPOT,1,2011-09-15 09:05:00,1.65,12579,Germany
536552,71053,WHITE METAL LANTERN,12,2011-03-22 17:34:00,3.75,12727,United Kingdom
536552,84406B,CREAM CUPID HEARTS COAT HANGER,1,2011-03-22 17:34:00,4.15,12727,United Kingdom
536552,22633,HAND WARMER UNION JACK,6,2011-03-22 17:34:00,1.85,12727,United Kingdom
536552,22632,HAND WARMER RED POLKA DOT,8,2011-03-22 17:34:00,1.85,12727,United Kingdom
536552,84029G,KNITTED UNION FLAG HOT WATER BOTTLE,3,2011-03-22 17:34:00,3.75,12727,United Kingdom
536552,22138,BAKING SET 9 PIECE RETROSPOT,3,2011-03-22 17:34:00,4.95,12727,United Kingdom
536552,21977,PACK OF 60 PINK PAISLEY CAKE CASES,8,2011-03-22 17:34:00,0.55,12727,United Kingdom
536553,85123A,WHITE HANGING HEART T-LIGHT HOLDER,6,2011-06-14 16:25:00,2.95,12537,United Kingdom
536553,84406B,CREAM CUPID HEARTS COAT HANGER,2,2011-06-14 16:25:00,4.15,12537,United Kingdom
536553,85099B,JUMBO BAG RED RETROSPOT,3,2011-06-14 16:25:00,2.08,12537,United Kingdom
536554,22960,JAM MAKING SET WITH JARS,12,2011-06-20 16:38:00,4.25,12621,United Kingdom
536555,47566,PARTY BUNTING,6,2011-09-05 15:04:00,4.95,12690,United Kingdom
536556,22720,SET OF 3 CAKE TINS PANTRY DESIGN,1,2011-04-21 12:29:00,4.95,12425,United Kingdom
536556,22139,RETROSPOT TEA SET CERAMIC 11 PC,4,2011-04-21 12:29:00,4.95,12425,United Kingdom
536556,22138,BAKING SET 9 PIECE RETROSPOT,4,2011-04-21 12:29:00,4.95,12425,United Kingdom
536556,21977,PACK OF 60 PINK PAISLEY CAKE CASES,2,2011-04-21 12:29:00,0.55,12425,United Kingdom
536557,85123A,WHITE HANGING HEART T-LIGHT HOLDER,4,2011-10-01 08:58:00,2.95,12397,United Kingdom
536557,71053,WHITE METAL LANTERN,1,2011-10-01 08:58:00,3.75,12397,United Kingdom
536557,21730,GLASS STAR FROSTED T-LIGHT HOLDER,3,2011-10-01 08:58:00,4.25,12397,United Kingdom
536557,84029G,KNITTED UNION FLAG HOT WATER BOTTLE,6,2011-10-01 08:58:00,3.75,12397,United Kingdom
536557,47566,PARTY BUNTING,4,2011-10-01 08:58:00,4.95,12397,United Kingdom
536557,22382,LUNCH BAG SPACEBOY DESIGN,6,2011-10-01 08:58:00,1.65,12397,United Kingdom
536558,22961,JAM MAKING SET PRINTED,1,2011-10-03 13:45:00,1.45,12641,United Kingdom
536558,22960,JAM MAKING SET WITH JARS,3,2011-10-03 13:45:00,4.25,12641,United Kingdom
536558,22423,REGENCY CAKESTAND 3 TIER,8,2011-10-03 13:45:00,12.75,12641,United Kingdom
536558,84029G,KNITTED UNION FLAG HOT WATER BOTTLE,12,2011-10-03 13:45:00,3.75,12641,United Kingdom
536559,21730,GLASS STAR FROSTED T-LIGHT HOLDER,3,2011-05-26 15:20:00,4.25,12370,EIRE
536559,22960,JAM MAKING SET WITH JARS,12,2011-05-26 15:20:00,4.25,12370,EIRE
536559,84879,ASSORTED COLOUR BIRD ORNAMENT,4,2011-05-26 15:20:00,1.69,12370,EIRE
536559,22139,RETROSPOT TEA SET CERAMIC 11 PC,4,2011-05-26 15:20:00,4.95,12370,EIRE
536559,22138,BAKING SET 9 PIECE RETROSPOT,6,2011-05-26 15:20:00,4.95,12370,EIRE
536560,21730,GLASS STAR FROSTED T-LIGHT HOLDER,6,2011-02-12 16:28:00,4.25,12708,United Kingdom
536560,84029G,KNITTED UNION FLAG HOT WATER BOTTLE,4,2011-02-12 16:28:00,3.75,12708,United Kingdom
536560,84879,ASSORTED COLOUR BIRD ORNAMENT,6,2011-02-12 16:28:00,1.69,12708,United Kingdom
536560,20727,LUNCH BAG BLACK SKULL,2,2011-02-12 16:28:00,1.65,12708,United Kingdom
536560,22139,RETROSPOT TEA SET CERAMIC 11 PC,12,2011-02-12 16:28:00,4.95,12708,United Kingdom
536560,22138,BAKING SET 9 PIECE RETROSPOT,6,2011-02-12 16:28:00,4.95,12708,United Kingdom
536561,71053,WHITE METAL LANTERN,4,2011-09-01 11:33:00,3.75,12393,United Kingdom
536561,84406B,CREAM CUPID HEARTS COAT HANGER,12,2011-09-01 11:33:00,4.15,12393,United Kingdom
536561,22632,HAND WARMER RED POLKA DOT,4,2011-09-01 11:33:00,1.85,12393,United Kingdom
536561,22086,PAPER CHAIN KIT 50'S CHRISTMAS,6,2011-09-01 11:33:00,2.55,12393,United Kingdom
536561,47566,PARTY BUNTING,6,2011-09-01 11:33:00,4.95,12393,United Kingdom
536561,22139,RETROSPOT TEA SET CERAMIC 11 PC,1,2011-09-01 11:33:00,4.95,12393,United Kingdom
536562,84879,ASSORTED COLOUR BIRD ORNAMENT,4,2011-03-08 10:17:00,1.69,12454,France
536562,21977,PACK OF 60 PINK PAISLEY CAKE CASES,6,2011-03-08 10:17:00,0.55,12454,France
536562,22386,JUMBO BAG PINK POLKADOT,6,2011-03-08 10:17:00,2.08,12454,France
536562,22632,HAND WARMER RED POLKA DOT,8,2011-03-08 10:17:00,1.85,12454,France
536563,22752,SET 7 BABUSHKA NESTING BOXES,12,2011-08-31 13:49:00,7.65,12584,United Kingdom
536563,22423,REGENCY CAKESTAND 3 TIER,6,2011-08-31 13:49:00,12.75,12584,United Kingdom
536563,23084,RABBIT NIGHT LIGHT,4,2011-08-31 13:49:00,2.08,12584,United Kingdom
536563,22720,SET OF 3 CAKE TINS PANTRY DESIGN,6,2011-08-31 13:49:00,4.95,12584,United Kingdom
536563,22457,NATURAL SLATE HEART CHALKBOARD,6,2011-08-31 13:49:00,2.95,12584,United Kingdom
536564,22961,JAM MAKING SET PRINTED,8,2010-12-24 18:25:00,1.45,12557,United Kingdom
536565,21212,PACK OF 72 RETROSPOT CAKE CASES,6,2011-02-17 11:51:00,0.55,12497,United Kingdom
536565,22423,REGENCY CAKESTAND 3 TIER,6,2011-02-17 11:51:00,12.75,12497,United Kingdom
536565,22382,LUNCH BAG SPACEBOY DESIGN,12,2011-02-17 11:51:00,1.65,12497,United Kingdom
536565,85099B,JUMBO BAG RED RETROSPOT,12,2011-02-17 11:51:00,2.08,12497,United Kingdom
536565,85099C,JUMBO BAG BAROQUE BLACK WHITE,12,2011-02-17 11:51:00,2.08,12497,United Kingdom
536565,21977,PACK OF 60 PINK PAISLEY CAKE CASES,3,2011-02-17 11:51:00,0.55,12497,United Kingdom
536566,85123A,WHITE HANGING HEART T-LIGHT HOLDER,1,2011-05-30 10:38:00,2.95,12721,Spain
536566,84406B,CREAM CUPID HEARTS COAT HANGER,2,2011-05-30 10:38:00,4.15,12721,Spain
536567,84406B,CREAM CUPID HEARTS COAT HANGER,3,2010-12-25 08:56:00,4.15,12688,United Kingdom
536568,85123A,WHITE HANGING HEART T-LIGHT HOLDER,1,2011-03-22 16:59:00,2.95,12350,United Kingdom
536568,22086,PAPER CHAIN KIT 50'S CHRISTMAS,8,2011-03-22 16:59:00,2.55,12350,United Kingdom
536568,47566,PARTY BUNTING,1,2011-03-22 16:59:00,4.95,12350,United Kingdom
536568,20725,LUNCH BAG RED RETROSPOT,1,2011-03-22 16:59:00,1.65,12350,United Kingdom
536568,85099C,JUMBO BAG BAROQUE BLACK WHITE,6,2011-03-22 16:59:00,2.08,12350,United Kingdom
536569,22752,SET 7 BABUSHKA NESTING BOXES,2,2011-04-26 09:02:00,7.65,12620,United Kingdom
536570,84879,ASSORTED COLOUR BIRD ORNAMENT,2,2011-02-15 11:42:00,1.69,12614,EIRE
536570,85099B,JUMBO BAG RED RETROSPOT,6,2011-02-15 11:42:00,2.08,12614,EIRE
536570,85099C,JUMBO BAG BAROQUE BLACK WHITE,8,2011-02-15 11:42:00,2.08,12614,EIRE
536570,22386,JUMBO BAG PINK POLKADOT,12,2011-02-15 11:42:00,2.08,12614,EIRE
536570,22457,NATURAL SLATE HEART CHALKBOARD,4,2011-02-15 11:42:00,2.95,12614,EIRE
536571,85123A,WHITE HANGING HEART T-LIGHT HOLDER,8,2011-03-26 13:13:00,2.95,12702,United Kingdom
536571,71053,WHITE METAL LANTERN,8,2011-03-26 13:13:00,3.75,12702,United Kingdom
536571,21730,GLASS STAR FROSTED T-LIGHT HOLDER,8,2011-03-26 13:13:00,4.25,12702,United Kingdom
536572,20725,LUNCH BAG RED RETROSPOT,8,2011-08-01 09:10:00,1.65,12628,United Kingdom
536573,84029G,KNITTED UNION FLAG HOT WATER BOTTLE,4,2011-05-19 18:24:00,3.75,12676,United Kingdom
536574,22382,LUNCH BAG SPACEBOY DESIGN,1,2011-09-17 15:47:00,1.65,12700,United Kingdom
536574,22138,BAKING SET 9 PIECE RETROSPOT,3,2011-09-17 15:47:00,4.95,12700,United Kingdom
536575,22960,JAM MAKING SET WITH JARS,3,2010-12-09 12:07:00,4.25,12507,United Kingdom
536575,84406B,CREAM CUPID HEARTS COAT HANGER,4,2010-12-09 12:07:00,4.15,12507,United Kingdom
536575,21977,PACK OF 60 PINK PAISLEY CAKE CASES,8,2010-12-09 12:07:00,0.55,12507,United Kingdom
536576,20727,LUNCH BAG BLACK SKULL,6,2011-09-03 13:54:00,1.65,12692,United Kingdom
536577,85123A,WHITE HANGING HEART T-LIGHT HOLDER,6,2011-01-20 14:44:00,2.95,12373,United Kingdom
536577,22086,PAPER CHAIN KIT 50'S CHRISTMAS,12,2011-01-20 14:44:00,2.55,12373,United Kingdom
536577,84879,ASSORTED COLOUR BIRD ORNAMENT,12,2011-01-20 14:44:00,1.69,12373,United Kingdom
536577,47566,PARTY BUNTING,4,2011-01-20 14:44:00,4.95,12373,United Kingdom
536577,22720,SET OF 3 CAKE TINS PANTRY DESIGN,6,2011-01-20 14:44:00,4.95,12373,United Kingdom
536578,22633,HAND WARMER UNION JACK,2,2011-06-11 14:41:00,1.85,12629,Netherlands
536578,22632,HAND WARMER RED POLKA DOT,2,2011-06-11 14:41:00,1.85,12629,Netherlands
536578,84029G,KNITTED UNION FLAG HOT WATER BOTTLE,6,2011-06-11 14:41:00,3.75,12629,Netherlands
536578,22960,JAM MAKING SET WITH JARS,3,2011-06-11 14:41:00,4.25,12629,Netherlands
536578,22386,JUMBO BAG PINK POLKADOT,8,2011-06-11 14:41:00,2.08,12629,Netherlands
536578,22457,NATURAL SLATE HEART CHALKBOARD,3,2011-06-11 14:41:00,2.95,12629,Netherlands
536579,22961,JAM MAKING SET PRINTED,2,2011-06-18 13:53:00,1.45,12724,United Kingdom
536579,21212,PACK OF 72 RETROSPOT CAKE CASES,3,2011-06-18 13:53:00,0.55,12724,United Kingdom
536579,20725,LUNCH BAG RED RETROSPOT,2,2011-06-18 13:53:00,1.65,12724,United Kingdom
536579,20727,LUNCH BAG BLACK SKULL,3,2011-06-18 13:53:00,1.65,12724,United Kingdom
536579,22382,LUNCH BAG SPACEBOY DESIGN,8,2011-06-18 13:53:00,1.65,12724,United Kingdom
536579,22720,SET OF 3 CAKE TINS PANTRY DESIGN,12,2011-06-18 13:53:00,4.95,12724,United Kingdom
536580,84406B,CREAM CUPID HEARTS COAT HANGER,6,2011-09-11 16:56:00,4.15,12631,United Kingdom
536580,22197,POPCORN HOLDER,8,2011-09-11 16:56:00,0.85,12631,United Kingdom
536580,85099B,JUMBO BAG RED RETROSPOT,1,2011-09-11 16:56:00,2.08,12631,United Kingdom
536580,85099C,JUMBO BAG BAROQUE BLACK WHITE,6,2011-09-11 16:56:00,2.08,12631,United Kingdom
536580,22386,JUMBO BAG PINK POLKADOT,8,2011-09-11 16:56:00,2.08,12631,United Kingdom
536580,22457,NATURAL SLATE HEART CHALKBOARD,8,2011-09-11 16:56:00,2.95,12631,United Kingdom
536581,22961,JAM MAKING SET PRINTED,6,2011-01-13 17:27:00,1.45,12744,United Kingdom
536581,22960,JAM MAKING SET WITH JARS,6,2011-01-13 17:27:00,4.25,12744,United Kingdom
536581,21730,GLASS STAR FROSTED T-LIGHT HOLDER,12,2011-01-13 17:27:00,4.25,12744,United Kingdom
536581,22633,HAND WARMER UNION JACK,3,2011-01-13 17:27:00,1.85,12744,United Kingdom
536582,22961,JAM MAKING SET PRINTED,12,2011-02-24 14:47:00,1.45,12378,United Kingdom
536582,22633,HAND WARMER UNION JACK,4,2011-02-24 14:47:00,1.85,12378,United Kingdom
536582,22632,HAND WARMER RED POLKA DOT,12,2011-02-24 14:47:00,1.85,12378,United Kingdom
536582,84029G,KNITTED UNION FLAG HOT WATER BOTTLE,2,2011-02-24 14:47:00,3.75,12378,United Kingdom
536583,22457,NATURAL SLATE HEART CHALKBOARD,12,2011-05-05 08:55:00,2.95,12415,United Kingdom
536583,22086,PAPER CHAIN KIT 50'S CHRISTMAS,6,2011-05-05 08:55:00,2.55,12415,United Kingdom
536583,22139,RETROSPOT TEA SET CERAMIC 11 PC,8,2011-05-05 08:55:00,4.95,12415,United Kingdom
536584,22633,HAND WARMER UNION JACK,6,2011-10-01 10:49:00,1.85,12679,United Kingdom
536584,22086,PAPER CHAIN KIT 50'S CHRISTMAS,6,2011-10-01 10:49:00,2.55,12679,United Kingdom
536584,21212,PACK OF 72 RETROSPOT CAKE CASES,12,2011-10-01 10:49:00,0.55,12679,United Kingdom
536584,84879,ASSORTED COLOUR BIRD ORNAMENT,4,2011-10-01 10:49:00,1.69,12679,United Kingdom
536584,22423,REGENCY CAKESTAND 3 TIER,6,2011-10-01 10:49:00,12.75,12679,United Kingdom
536584,21977,PACK OF 60 PINK PAISLEY CAKE CASES,8,2011-10-01 10:49:00,0.55,12679,United Kingdom
536585,85123A,WHITE HANGING HEART T-LIGHT HOLDER,1,2011-06-20 13:37:00,2.95,12489,Netherlands
536585,84406B,CREAM CUPID HEARTS COAT HANGER,12,2011-06-20 13:37:00,4.15,12489,Netherlands
536585,85099C,JUMBO BAG BAROQUE BLACK WHITE,4,2011-06-20 13:37:00,2.08,12489,Netherlands
536586,22961,JAM MAKING SET PRINTED,3,2011-04-29 10:22:00,1.45,12570,United Kingdom
536586,22960,JAM MAKING SET WITH JARS,8,2011-04-29 10:22:00,4.25,12570,United Kingdom
536586,84029G,KNITTED UNION FLAG HOT WATER BOTTLE,8,2011-04-29 10:22:00,3.75,12570,United Kingdom
536587,85123A,WHITE HANGING HEART T-LIGHT HOLDER,6,2011-07-18 18:00:00,2.95,12383,Netherlands
536587,71053,WHITE METAL LANTERN,2,2011-07-18 18:00:00,3.75,12383,Netherlands
536587,84406B,CREAM CUPID HEARTS COAT HANGER,2,2011-07-18 18:00:00,4.15,12383,Netherlands
536587,22382,LUNCH BAG SPACEBOY DESIGN,4,2011-07-18 18:00:00,1.65,12383,Netherlands
536587,22457,NATURAL SLATE HEART CHALKBOARD,6,2011-07-18 18:00:00,2.95,12383,Netherlands
536588,22720,SET OF 3 CAKE TINS PANTRY DESIGN,8,2011-10-28 17:32:00,4.95,12431,Netherlands
536588,22457,NATURAL SLATE HEART CHALKBOARD,2,2011-10-28 17:32:00,2.95,12431,Netherlands
536588,22086,PAPER CHAIN KIT 50'S CHRISTMAS,1,2011-10-28 17:32:00,2.55,12431,Netherlands
536589,22086,PAPER CHAIN KIT 50'S CHRISTMAS,6,2011-04-12 12:02:00,2.55,12396,EIRE
536589,47566,PARTY BUNTING,8,2011-04-12 12:02:00,4.95,12396,EIRE
536590,85123A,WHITE HANGING HEART T-LIGHT HOLDER,2,2011-11-13 18:14:00,2.95,12583,EIRE
536590,71053,WHITE METAL LANTERN,2,2011-11-13 18:14:00,3.75,12583,EIRE
536590,22752,SET 7 BABUSHKA NESTING BOXES,3,2011-11-13 18:14:00,7.65,12583,EIRE
536590,21730,GLASS STAR FROSTED T-LIGHT HOLDER,6,2011-11-13 18:14:00,4.25,12583,EIRE
536590,22960,JAM MAKING SET WITH JARS,6,2011-11-13 18:14:00,4.25,12583,EIRE
536590,22423,REGENCY CAKESTAND 3 TIER,6,2011-11-13 18:14:00,12.75,12583,EIRE
536591,84406B,CREAM CUPID HEARTS COAT HANGER,1,2011-03-16 17:00:00,4.15,12579,United Kingdom
536591,22960,JAM MAKING SET WITH JARS,2,2011-03-16 17:00:00,4.25,12579,United Kingdom
536591,22086,PAPER CHAIN KIT 50'S CHRISTMAS,1,2011-03-16 17:00:00,2.55,12579,United Kingdom
536591,22423,REGENCY CAKESTAND 3 TIER,6,2011-03-16 17:00:00,12.75,12579,United Kingdom
536591,22720,SET OF 3 CAKE TINS PANTRY DESIGN,2,2011-03-16 17:00:00,4.95,12579,United Kingdom
536592,84029G,KNITTED UNION FLAG HOT WATER BOTTLE,8,2011-02-23 12:03:00,3.75,12692,United Kingdom
536592,22423,REGENCY CAKESTAND 3 TIER,3,2011-02-23 12:03:00,12.75,12692,United Kingdom
536592,47566,PARTY BUNTING,3,2011-02-23 12:03:00,4.95,12692,United Kingdom
536592,85099B,JUMBO BAG RED RETROSPOT,8,2011-02-23 12:03:00,2.08,12692,United Kingdom
536592,85099C,JUMBO BAG BAROQUE BLACK WHITE,8,2011-02-23 12:03:00,2.08,12692,United Kingdom
536592,22386,JUMBO BAG PINK POLKADOT,1,2011-02-23 12:03:00,2.08,12692,United Kingdom
536592,22457,NATURAL SLATE HEART CHALKBOARD,4,2011-02-23 12:03:00,2.95,12692,United Kingdom
536593,22961,JAM MAKING SET PRINTED,2,2011-09-30 14:54:00,1.45,12576,United Kingdom
536594,22720,SET OF 3 CAKE TINS PANTRY DESIGN,6,2011-01-22 16:41:00,4.95,12641,United Kingdom
536594,22423,REGENCY CAKESTAND 3 TIER,12,2011-01-22 16:41:00,12.75,12641,United Kingdom
536595,22086,PAPER CHAIN KIT 50'S CHRISTMAS,6,2011-10-24 14:08:00,2.55,12616,United Kingdom
536595,47566,PARTY BUNTING,6,2011-10-24 14:08:00,4.95,12616,United Kingdom
536596,84406B,CREAM CUPID HEARTS COAT HANGER,2,2011-10-13 11:22:00,4.15,12580,United Kingdom
536596,22086,PAPER CHAIN KIT 50'S CHRISTMAS,4,2011-10-13 11:22:00,2.55,12580,United Kingdom
536596,21730,GLASS STAR FROSTED T-LIGHT HOLDER,6,2011-10-13 11:22:00,4.25,12580,United Kingdom
536596,85099C,JUMBO BAG BAROQUE BLACK WHITE,2,2011-10-13 11:22:00,2.08,12580,United Kingdom
536597,22633,HAND WARMER UNION JACK,3,2011-06-10 11:02:00,1.85,12439,United Kingdom
536597,22961,JAM MAKING SET PRINTED,3,2011-06-10 11:02:00,1.45,12439,United Kingdom
536597,22960,JAM MAKING SET WITH JARS,12,2011-06-10 11:02:00,4.25,12439,United Kingdom
536597,84879,ASSORTED COLOUR BIRD ORNAMENT,6,2011-06-10 11:02:00,1.69,12439,United Kingdom
536597,22423,REGENCY CAKESTAND 3 TIER,3,2011-06-10 11:02:00,12.75,12439,United Kingdom
536597,20725,LUNCH BAG RED RETROSPOT,3,2011-06-10 11:02:00,1.65,12439,United Kingdom
536598,21034,REX CASH+CARRY JUMBO SHOPPER,8,2011-07-19 17:33:00,0.95,12507,United Kingdom
536598,21730,GLASS STAR FROSTED T-LIGHT HOLDER,12,2011-07-19 17:33:00,4.25,12507,United Kingdom
536598,22632,HAND WARMER RED POLKA DOT,8,2011-07-19 17:33:00,1.85,12507,United Kingdom
536599,85123A,WHITE HANGING HEART T-LIGHT HOLDER,6,2011-08-09 15:15:00,2.95,12696,Germany
536599,22633,HAND WARMER UNION JACK,1,2011-08-09 15:15:00,1.85,12696,Germany
536599,22632,HAND WARMER RED POLKA DOT,6,2011-08-09 15:15:00,1.85,12696,Germany
536599,84029G,KNITTED UNION FLAG HOT WATER BOTTLE,4,2011-08-09 15:15:00,3.75,12696,Germany
536599,22720,SET OF 3 CAKE TINS PANTRY DESIGN,6,2011-08-09 15:15:00,4.95,12696,Germany
536599,22457,NATURAL SLATE HEART CHALKBOARD,3,2011-08-09 15:15:00,2.95,12696,Germany
536600,22752,SET 7 BABUSHKA NESTING BOXES,6,2011-07-23 18:17:00,7.65,12745,France
536600,22633,HAND WARMER UNION JACK,1,2011-07-23 18:17:00,1.85,12745,France
536600,22632,HAND WARMER RED POLKA DOT,12,2011-07-23 18:17:00,1.85,12745,France
536600,84029G,KNITTED UNION FLAG HOT WATER BOTTLE,4,2011-07-23 18:17:00,3.75,12745,France
536600,22961,JAM MAKING SET PRINTED,8,2011-07-23 18:17:00,1.45,12745,France
536600,22382,LUNCH BAG SPACEBOY DESIGN,2,2011-07-23 18:17:00,1.65,12745,France
536600,22720,SET OF 3 CAKE TINS PANTRY DESIGN,4,2011-07-23 18:17:00,4.95,12745,France
536601,47566,PARTY BUNTING,2,2010-12-17 15:46:00,4.95,12498,United Kingdom
536602,21730,GLASS STAR FROSTED T-LIGHT HOLDER,4,2011-04-01 12:21:00,4.25,12743,Netherlands
536602,22633,HAND WARMER UNION JACK,4,2011-04-01 12:21:00,1.85,12743,Netherlands
536602,22086,PAPER CHAIN KIT 50'S CHRISTMAS,1,2011-04-01 12:21:00,2.55,12743,Netherlands
536602,47566,PARTY BUNTING,6,2011-04-01 12:21:00,4.95,12743,Netherlands
536602,22197,POPCORN HOLDER,6,2011-04-01 12:21:00,0.85,12743,Netherlands
536603,22752,SET 7 BABUSHKA NESTING BOXES,3,2011-09-02 10:50:00,7.65,12651,United Kingdom
536603,20725,LUNCH BAG RED RETROSPOT,8,2011-09-02 10:50:00,1.65,12651,United Kingdom
536603,20727,LUNCH BAG BLACK SKULL,1,2011-09-02 10:50:00,1.65,12651,United Kingdom
536603,22382,LUNCH BAG SPACEBOY DESIGN,6,2011-09-02 10:50:00,1.65,12651,United Kingdom
536603,85099C,JUMBO BAG BAROQUE BLACK WHITE,3,2011-09-02 10:50:00,2.08,12651,United Kingdom
536603,21034,REX CASH+CARRY JUMBO SHOPPER,3,2011-09-02 10:50:00,0.95,12651,United Kingdom
536603,22138,BAKING SET 9 PIECE RETROSPOT,4,2011-09-02 10:50:00,4.95,12651,United Kingdom
536604,23166,MEDIUM CERAMIC TOP STORAGE JAR,6,2011-11-30 14:23:00,1.04,12420,United Kingdom
536604,21730,GLASS STAR FROSTED T-LIGHT HOLDER,8,2011-11-30 14:23:00,4.25,12420,United Kingdom
536604,20725,LUNCH BAG RED RETROSPOT,8,2011-11-30 14:23:00,1.65,12420,United Kingdom
536605,47566,PARTY BUNTING,6,2011-01-08 09:55:00,4.95,12577,EIRE
536605,20725,LUNCH BAG RED RETROSPOT,1,2011-01-08 09:55:00,1.65,12577,EIRE
536606,21034,REX CASH+CARRY JUMBO SHOPPER,4,2011-01-17 16:10:00,0.95,12742,United Kingdom
536606,84879,ASSORTED COLOUR BIRD ORNAMENT,12,2011-01-17 16:10:00,1.69,12742,United Kingdom
536606,22423,REGENCY CAKESTAND 3 TIER,6,2011-01-17 16:10:00,12.75,12742,United Kingdom
536606,22632,HAND WARMER RED POLKA DOT,6,2011-01-17 16:10:00,1.85,12742,United Kingdom
536607,22720,SET OF 3 CAKE TINS PANTRY DESIGN,1,2011-05-22 17:06:00,4.95,12491,United Kingdom
536607,85099C,JUMBO BAG BAROQUE BLACK WHITE,1,2011-05-22 17:06:00,2.08,12491,United Kingdom
536607,22138,BAKING SET 9 PIECE RETROSPOT,2,2011-05-22 17:06:00,4.95,12491,United Kingdom
536607,22423,REGENCY CAKESTAND 3 TIER,12,2011-05-22 17:06:00,12.75,12491,United Kingdom
536608,22139,RETROSPOT TEA SET CERAMIC 11 PC,3,2011-02-02 10:58:00,4.95,12354,Germany
536608,22138,BAKING SET 9 PIECE RETROSPOT,6,2011-02-02 10:58:00,4.95,12354,Germany
536608,22386,JUMBO BAG PINK POLKADOT,3,2011-02-02 10:58:00,2.08,12354,Germany
536609,22961,JAM MAKING SET PRINTED,8,2011-01-17 13:46:00,1.45,12486,United Kingdom
536609,22960,JAM MAKING SET WITH JARS,6,2011-01-17 13:46:00,4.25,12486,United Kingdom
536610,22632,HAND WARMER RED POLKA DOT,12,2011-11-24 11:57:00,1.85,12717,United Kingdom
536611,85123A,WHITE HANGING HEART T-LIGHT HOLDER,6,2011-02-06 17:44:00,2.95,12385,EIRE
536611,71053,WHITE METAL LANTERN,2,2011-02-06 17:44:00,3.75,12385,EIRE
536611,21730,GLASS STAR FROSTED T-LIGHT HOLDER,8,2011-02-06 17:44:00,4.25,12385,EIRE
536612,22633,HAND WARMER UNION JACK,6,2011-02-06 15:34:00,1.85,12701,United Kingdom
536612,22632,HAND WARMER RED POLKA DOT,6,2011-02-06 15:34:00,1.85,12701,United Kingdom
536612,84029G,KNITTED UNION FLAG HOT WATER BOTTLE,6,2011-02-06 15:34:00,3.75,12701,United Kingdom
536613,22086,PAPER CHAIN KIT 50'S CHRISTMAS,3,2011-06-14 11:11:00,2.55,12416,United Kingdom
536613,47566,PARTY BUNTING,12,2011-06-14 11:11:00,4.95,12416,United Kingdom
536614,22720,SET OF 3 CAKE TINS PANTRY DESIGN,2,2011-03-20 11:28:00,4.95,12525,United Kingdom
536614,84406B,CREAM CUPID HEARTS COAT HANGER,3,2011-03-20 11:28:00,4.15,12525,United Kingdom
536614,22423,REGENCY CAKESTAND 3 TIER,2,2011-03-20 11:28:00,12.75,12525,United Kingdom
536615,22961,JAM MAKING SET PRINTED,2,2011-06-15 13:57:00,1.45,12647,United Kingdom
536616,22139,RETROSPOT TEA SET CERAMIC 11 PC,6,2011-09-10 18:08:00,4.95,12473,United Kingdom
536617,71053,WHITE METAL LANTERN,4,2011-08-23 18:02:00,3.75,12451,United Kingdom
536617,85099B,JUMBO BAG RED RETROSPOT,12,2011-08-23 18:02:00,2.08,12451,United Kingdom
536618,85123A,WHITE HANGING HEART T-LIGHT HOLDER,3,2011-01-27 12:01:00,2.95,12543,United Kingdom
536618,71053,WHITE METAL LANTERN,8,2011-01-27 12:01:00,3.75,12543,United Kingdom
536618,21730,GLASS STAR FROSTED T-LIGHT HOLDER,8,2011-01-27 12:01:00,4.25,12543,United Kingdom
536618,22086,PAPER CHAIN KIT 50'S CHRISTMAS,6,2011-01-27 12:01:00,2.55,12543,United Kingdom
536618,21977,PACK OF 60 PINK PAISLEY CAKE CASES,3,2011-01-27 12:01:00,0.55,12543,United Kingdom
536619,20727,LUNCH BAG BLACK SKULL,1,2011-07-30 09:31:00,1.65,12736,Netherlands
536619,22382,LUNCH BAG SPACEBOY DESIGN,8,2011-07-30 09:31:00,1.65,12736,Netherlands
536619,71053,WHITE METAL LANTERN,6,2011-07-30 09:31:00,3.75,12736,Netherlands
536619,20725,LUNCH BAG RED RETROSPOT,8,2011-07-30 09:31:00,1.65,12736,Netherlands
536620,22961,JAM MAKING SET PRINTED,2,2011-11-25 14:35:00,1.45,12562,Spain
536620,22960,JAM MAKING SET WITH JARS,4,2011-11-25 14:35:00,4.25,12562,Spain
536620,84406B,CREAM CUPID HEARTS COAT HANGER,3,2011-11-25 14:35:00,4.15,12562,Spain
536621,71053,WHITE METAL LANTERN,4,2011-05-17 15:07:00,3.75,12620,United Kingdom
536621,22139,RETROSPOT TEA SET CERAMIC 11 PC,2,2011-05-17 15:07:00,4.95,12620,United Kingdom
536621,22138,BAKING SET 9 PIECE RETROSPOT,8,2011-05-17 15:07:00,4.95,12620,United Kingdom
536622,22961,JAM MAKING SET PRINTED,1,2011-07-21 18:08:00,1.45,12405,United Kingdom
536622,22960,JAM MAKING SET WITH JARS,3,2011-07-21 18:08:00,4.25,12405,United Kingdom
536623,20727,LUNCH BAG BLACK SKULL,3,2010-12-06 11:01:00,1.65,12705,United Kingdom
536623,22382,LUNCH BAG SPACEBOY DESIGN,6,2010-12-06 11:01:00,1.65,12705,United Kingdom
536623,21212,PACK OF 72 RETROSPOT CAKE CASES,2,2010-12-06 11:01:00,0.55,12705,United Kingdom
536623,20725,LUNCH BAG RED RETROSPOT,1,2010-12-06 11:01:00,1.65,12705,United Kingdom
536624,22086,PAPER CHAIN KIT 50'S CHRISTMAS,12,2011-07-08 13:03:00,2.55,12517,United Kingdom
536624,47566,PARTY BUNTING,12,2011-07-08 13:03:00,4.95,12517,United Kingdom
536625,22961,JAM MAKING SET PRINTED,2,2011-06-03 09:01:00,1.45,12607,Netherlands
536625,22960,JAM MAKING SET WITH JARS,4,2011-06-03 09:01:00,4.25,12607,Netherlands
536625,22752,SET 7 BABUSHKA NESTING BOXES,1,2011-06-03 09:01:00,7.65,12607,Netherlands
536625,22720,SET OF 3 CAKE TINS PANTRY DESIGN,1,2011-06-03 09:01:00,4.95,12607,Netherlands
536626,22961,JAM MAKING SET PRINTED,1,2011-04-05 09:00:00,1.45,12352,United Kingdom
536626,22960,JAM MAKING SET WITH JARS,8,2011-04-05 09:00:00,4.25,12352,United Kingdom
536626,21977,PACK OF 60 PINK PAISLEY CAKE CASES,4,2011-04-05 09:00:00,0.55,12352,United Kingdom
536627,22752,SET 7 BABUSHKA NESTING BOXES,1,2011-04-07 15:28:00,7.65,12510,United Kingdom
536627,22633,HAND WARMER UNION JACK,3,2011-04-07 15:28:00,1.85,12510,United Kingdom
536627,22632,HAND WARMER RED POLKA DOT,4,2011-04-07 15:28:00,1.85,12510,United Kingdom
536627,84029G,KNITTED UNION FLAG HOT WATER BOTTLE,1,2011-04-07 15:28:00,3.75,12510,United Kingdom
536627,21212,PACK OF 72 RETROSPOT CAKE CASES,8,2011-04-07 15:28:00,0.55,12510,United Kingdom
536627,20727,LUNCH BAG BLACK SKULL,2,2011-04-07 15:28:00,1.65,12510,United Kingdom
536627,85099C,JUMBO BAG BAROQUE BLACK WHITE,12,2011-04-07 15:28:00,2.08,12510,United Kingdom
536628,22960,JAM MAKING SET WITH JARS,6,2011-05-09 13:35:00,4.25,12490,Spain
536628,85099B,JUMBO BAG RED RETROSPOT,4,2011-05-09 13:35:00,2.08,12490,Spain
536628,85099C,JUMBO BAG BAROQUE BLACK WHITE,12,2011-05-09 13:35:00,2.08,12490,Spain
536628,22386,JUMBO BAG PINK POLKADOT,6,2011-05-09 13:35:00,2.08,12490,Spain
536629,21730,GLASS STAR FROSTED T-LIGHT HOLDER,1,2011-08-10 12:16:00,4.25,12648,Spain
536630,85123A,WHITE HANGING HEART T-LIGHT HOLDER,8,2010-12-13 12:04:00,2.95,12555,United Kingdom
536630,71053,WHITE METAL LANTERN,6,2010-12-13 12:04:00,3.75,12555,United Kingdom
536630,21730,GLASS STAR FROSTED T-LIGHT HOLDER,2,2010-12-13 12:04:00,4.25,12555,United Kingdom
536630,22720,SET OF 3 CAKE TINS PANTRY DESIGN,4,2010-12-13 12:04:00,4.95,12555,United Kingdom
536631,22386,JUMBO BAG PINK POLKADOT,6,2011-04-01 15:01:00,2.08,12617,United Kingdom
536632,84406B,CREAM CUPID HEARTS COAT HANGER,2,2010-12-23 12:27:00,4.15,12393,EIRE
536632,23166,MEDIUM CERAMIC TOP STORAGE JAR,3,2010-12-23 12:27:00,1.04,12393,EIRE
536632,85099B,JUMBO BAG RED RETROSPOT,8,2010-12-23 12:27:00,2.08,12393,EIRE
536632,85099C,JUMBO BAG BAROQUE BLACK WHITE,2,2010-12-23 12:27:00,2.08,12393,EIRE
536632,22386,JUMBO BAG PINK POLKADOT,1,2010-12-23 12:27:00,2.08,12393,EIRE
536632,23084,RABBIT NIGHT LIGHT,8,2010-12-23 12:27:00,2.08,12393,EIRE
536633,21034,REX CASH+CARRY JUMBO SHOPPER,6,2011-02-05 11:48:00,0.95,12685,United Kingdom
536633,22386,JUMBO BAG PINK POLKADOT,6,2011-02-05 11:48:00,2.08,12685,United Kingdom
536633,23084,RABBIT NIGHT LIGHT,12,2011-02-05 11:48:00,2.08,12685,United Kingdom
536634,22752,SET 7 BABUSHKA NESTING BOXES,12,2011-03-30 09:42:00,7.65,12485,United Kingdom
536634,21730,GLASS STAR FROSTED T-LIGHT HOLDER,12,2011-03-30 09:42:00,4.25,12485,United Kingdom
536634,22633,HAND WARMER UNION JACK,6,2011-03-30 09:42:00,1.85,12485,United Kingdom
536635,22720,SET OF 3 CAKE TINS PANTRY DESIGN,2,2011-01-31 16:52:00,4.95,12554,United Kingdom
536635,22752,SET 7 BABUSHKA NESTING BOXES,3,2011-01-31 16:52:00,7.65,12554,United Kingdom
536635,22139,RETROSPOT TEA SET CERAMIC 11 PC,6,2011-01-31 16:52:00,4.95,12554,United Kingdom
536635,22423,REGENCY CAKESTAND 3 TIER,1,2011-01-31 16:52:00,12.75,12554,United Kingdom
536636,20727,LUNCH BAG BLACK SKULL,6,2011-05-17 10:35:00,1.65,12456,United Kingdom
536636,71053,WHITE METAL LANTERN,6,2011-05-17 10:35:00,3.75,12456,United Kingdom
536636,85099C,JUMBO BAG BAROQUE BLACK WHITE,3,2011-05-17 10:35:00,2.08,12456,United Kingdom
536637,22720,SET OF 3 CAKE TINS PANTRY DESIGN,3,2011-06-26 16:05:00,4.95,12361,Spain
536637,22423,REGENCY CAKESTAND 3 TIER,2,2011-06-26 16:05:00,12.75,12361,Spain
536638,85099B,JUMBO BAG RED RETROSPOT,2,2011-01-01 11:38:00,2.08,12352,United Kingdom
536638,85099C,JUMBO BAG BAROQUE BLACK WHITE,6,2011-01-01 11:38:00,2.08,12352,United Kingdom
536639,22138,BAKING SET 9 PIECE RETROSPOT,6,2010-12-12 09:42:00,4.95,12384,Germany
536640,21034,REX CASH+CARRY JUMBO SHOPPER,12,2010-12-22 15:33:00,0.95,12408,United Kingdom
536640,84879,ASSORTED COLOUR BIRD ORNAMENT,1,2010-12-22 15:33:00,1.69,12408,United Kingdom
536640,23084,RABBIT NIGHT LIGHT,8,2010-12-22 15:33:00,2.08,12408,United Kingdom
536641,22961,JAM MAKING SET PRINTED,3,2011-07-07 10:52:00,1.45,12695,United Kingdom
536641,47566,PARTY BUNTING,1,2011-07-07 10:52:00,4.95,12695,United Kingdom
536642,85123A,WHITE HANGING HEART T-LIGHT HOLDER,8,2011-10-14 17:45:00,2.95,12660,United Kingdom
536642,71053,WHITE METAL LANTERN,3,2011-10-14 17:45:00,3.75,12660,United Kingdom
536642,84406B,CREAM CUPID HEARTS COAT HANGER,8,2011-10-14 17:45:00,4.15,12660,United Kingdom
536642,22961,JAM MAKING SET PRINTED,4,2011-10-14 17:45:00,1.45,12660,United Kingdom
536643,22457,NATURAL SLATE HEART CHALKBOARD,12,2011-08-27 12:10:00,2.95,12675,Spain
536643,21212,PACK OF 72 RETROSPOT CAKE CASES,12,2011-08-27 12:10:00,0.55,12675,Spain
536643,22386,JUMBO BAG PINK POLKADOT,6,2011-08-27 12:10:00,2.08,12675,Spain
536644,85123A,WHITE HANGING HEART T-LIGHT HOLDER,6,2011-08-15 13:54:00,2.95,12635,United Kingdom
536644,84029G,KNITTED UNION FLAG HOT WATER BOTTLE,1,2011-08-15 13:54:00,3.75,12635,United Kingdom
536644,85099B,JUMBO BAG RED RETROSPOT,12,2011-08-15 13:54:00,2.08,12635,United Kingdom
536644,85099C,JUMBO BAG BAROQUE BLACK WHITE,6,2011-08-15 13:54:00,2.08,12635,United Kingdom
536644,22386,JUMBO BAG PINK POLKADOT,4,2011-08-15 13:54:00,2.08,12635,United Kingdom
536644,22457,NATURAL SLATE HEART CHALKBOARD,3,2011-08-15 13:54:00,2.95,12635,United Kingdom
536644,22138,BAKING SET 9 PIECE RETROSPOT,2,2011-08-15 13:54:00,4.95,12635,United Kingdom
536645,22720,SET OF 3 CAKE TINS PANTRY DESIGN,4,2011-11-02 11:47:00,4.95,12472,Spain
536646,22457,NATURAL SLATE HEART CHALKBOARD,6,2011-06-17 14:29:00,2.95,12640,United Kingdom
536646,22086,PAPER CHAIN KIT 50'S CHRISTMAS,1,2011-06-17 14:29:00,2.55,12640,United Kingdom
536646,47566,PARTY BUNTING,6,2011-06-17 14:29:00,4.95,12640,United Kingdom
536646,23084,RABBIT NIGHT LIGHT,3,2011-06-17 14:29:00,2.08,12640,United Kingdom
536647,85123A,WHITE HANGING HEART T-LIGHT HOLDER,1,2011-03-07 16:04:00,2.95,12634,United Kingdom
536647,71053,WHITE METAL LANTERN,4,2011-03-07 16:04:00,3.75,12634,United Kingdom
536647,21730,GLASS STAR FROSTED T-LIGHT HOLDER,4,2011-03-07 16:04:00,4.25,12634,United Kingdom
536648,22457,NATURAL SLATE HEART CHALKBOARD,3,2011-08-27 15:30:00,2.95,12356,United Kingdom
536649,22961,JAM MAKING SET PRINTED,6,2011-03-01 13:33:00,1.45,12520,United Kingdom
536649,22960,JAM MAKING SET WITH JARS,2,2011-03-01 13:33:00,4.25,12520,United Kingdom
536650,22633,HAND WARMER UNION JACK,8,2011-11-26 15:07:00,1.85,12537,United Kingdom
536650,85099B,JUMBO BAG RED RETROSPOT,12,2011-11-26 15:07:00,2.08,12537,United Kingdom
536650,85099C,JUMBO BAG BAROQUE BLACK WHITE,6,2011-11-26 15:07:00,2.08,12537,United Kingdom
536650,22386,JUMBO BAG PINK POLKADOT,3,2011-11-26 15:07:00,2.08,12537,United Kingdom
536651,22086,PAPER CHAIN KIT 50'S CHRISTMAS,6,2011-09-14 18:20:00,2.55,12708,United Kingdom
536651,84879,ASSORTED COLOUR BIRD ORNAMENT,6,2011-09-14 18:20:00,1.69,12708,United Kingdom
536651,47566,PARTY BUNTING,3,2011-09-14 18:20:00,4.95,12708,United Kingdom
536652,22457,NATURAL SLATE HEART CHALKBOARD,4,2010-12-01 17:55:00,2.95,12436,Netherlands
536652,22086,PAPER CHAIN KIT 50'S CHRISTMAS,2,2010-12-01 17:55:00,2.55,12436,Netherlands
536652,21977,PACK OF 60 PINK PAISLEY CAKE CASES,12,2010-12-01 17:55:00,0.55,12436,Netherlands
536652,47566,PARTY BUNTING,3,2010-12-01 17:55:00,4.95,12436,Netherlands
536653,85123A,WHITE HANGING HEART T-LIGHT HOLDER,6,2011-01-09 11:52:00,2.95,12515,United Kingdom
536653,22633,HAND WARMER UNION JACK,4,2011-01-09 11:52:00,1.85,12515,United Kingdom
536653,22632,HAND WARMER RED POLKA DOT,4,2011-01-09 11:52:00,1.85,12515,United Kingdom
536653,84029G,KNITTED UNION FLAG HOT WATER BOTTLE,2,2011-01-09 11:52:00,3.75,12515,United Kingdom
536653,47566,PARTY BUNTING,6,2011-01-09 11:52:00,4.95,12515,United Kingdom
536654,22139,RETROSPOT TEA SET CERAMIC 11 PC,8,2011-01-25 08:33:00,4.95,12477,United Kingdom
536654,22138,BAKING SET 9 PIECE RETROSPOT,12,2011-01-25 08:33:00,4.95,12477,United Kingdom
536655,22720,SET OF 3 CAKE TINS PANTRY DESIGN,3,2011-05-29 16:54:00,4.95,12539,United Kingdom
536655,85099B,JUMBO BAG RED RETROSPOT,12,2011-05-29 16:54:00,2.08,12539,United Kingdom
536655,85099C,JUMBO BAG BAROQUE BLACK WHITE,2,2011-05-29 16:54:00,2.08,12539,United Kingdom
536655,84029G,KNITTED UNION FLAG HOT WATER BOTTLE,1,2011-05-29 16:54:00,3.75,12539,United Kingdom
536656,84406B,CREAM CUPID HEARTS COAT HANGER,2,2010-12-11 13:46:00,4.15,12496,United Kingdom
536656,22633,HAND WARMER UNION JACK,6,2010-12-11 13:46:00,1.85,12496,United Kingdom
536656,22961,JAM MAKING SET PRINTED,12,2010-12-11 13:46:00,1.45,12496,United Kingdom
536656,22960,JAM MAKING SET WITH JARS,1,2010-12-11 13:46:00,4.25,12496,United Kingdom
536656,23084,RABBIT NIGHT LIGHT,8,2010-12-11 13:46:00,2.08,12496,United Kingdom
536657,22633,HAND WARMER UNION JACK,8,2011-02-23 18:26:00,1.85,12680,United Kingdom
536657,22632,HAND WARMER RED POLKA DOT,6,2011-02-23 18:26:00,1.85,12680,United Kingdom
536657,84029G,KNITTED UNION FLAG HOT WATER BOTTLE,6,2011-02-23 18:26:00,3.75,12680,United Kingdom
536658,22720,SET OF 3 CAKE TINS PANTRY DESIGN,6,2011-04-01 09:33:00,4.95,12498,United Kingdom
536658,71053,WHITE METAL LANTERN,1,2011-04-01 09:33:00,3.75,12498,United Kingdom
536658,22423,REGENCY CAKESTAND 3 TIER,8,2011-04-01 09:33:00,12.75,12498,United Kingdom
536659,21977,PACK OF 60 PINK PAISLEY CAKE CASES,6,2011-04-30 18:00:00,0.55,12390,United Kingdom
536659,21212,PACK OF 72 RETROSPOT CAKE CASES,2,2011-04-30 18:00:00,0.55,12390,United Kingdom
536659,85099B,JUMBO BAG RED RETROSPOT,12,2011-04-30 18:00:00,2.08,12390,United Kingdom
536659,22423,REGENCY CAKESTAND 3 TIER,2,2011-04-30 18:00:00,12.75,12390,United Kingdom
536660,85123A,WHITE HANGING HEART T-LIGHT HOLDER,8,2011-06-22 16:01:00,2.95,12503,United Kingdom
536660,84406B,CREAM CUPID HEARTS COAT HANGER,6,2011-06-22 16:01:00,4.15,12503,United Kingdom
536660,22633,HAND WARMER UNION JACK,3,2011-06-22 16:01:00,1.85,12503,United Kingdom
536660,21212,PACK OF 72 RETROSPOT CAKE CASES,12,2011-06-22 16:01:00,0.55,12503,United Kingdom
536660,22138,BAKING SET 9 PIECE RETROSPOT,1,2011-06-22 16:01:00,4.95,12503,United Kingdom
536661,22720,SET OF 3 CAKE TINS PANTRY DESIGN,2,2011-07-14 15:46:00,4.95,12480,United Kingdom
536661,71053,WHITE METAL LANTERN,2,2011-07-14 15:46:00,3.75,12480,United Kingdom
536661,21730,GLASS STAR FROSTED T-LIGHT HOLDER,6,2011-07-14 15:46:00,4.25,12480,United Kingdom
536661,22386,JUMBO BAG PINK POLKADOT,8,2011-07-14 15:46:00,2.08,12480,United Kingdom
536662,22382,LUNCH BAG SPACEBOY DESIGN,12,2011-09-28 12:05:00,1.65,12733,United Kingdom
536662,85099C,JUMBO BAG BAROQUE BLACK WHITE,4,2011-09-28 12:05:00,2.08,12733,United Kingdom
536662,22139,RETROSPOT TEA SET CERAMIC 11 PC,12,2011-09-28 12:05:00,4.95,12733,United Kingdom
536662,22423,REGENCY CAKESTAND 3 TIER,6,2011-09-28 12:05:00,12.75,12733,United Kingdom
536663,22752,SET 7 BABUSHKA NESTING BOXES,12,2011-06-21 09:02:00,7.65,12386,Netherlands
536663,22197,POPCORN HOLDER,3,2011-06-21 09:02:00,0.85,12386,Netherlands
536663,21730,GLASS STAR FROSTED T-LIGHT HOLDER,3,2011-06-21 09:02:00,4.25,12386,Netherlands
536663,85099C,JUMBO BAG BAROQUE BLACK WHITE,4,2011-06-21 09:02:00,2.08,12386,Netherlands
536664,21034,REX CASH+CARRY JUMBO SHOPPER,3,2011-02-03 08:57:00,0.95,12444,United Kingdom
536664,85099B,JUMBO BAG RED RETROSPOT,6,2011-02-03 08:57:00,2.08,12444,United Kingdom
536664,22632,HAND WARMER RED POLKA DOT,6,2011-02-03 08:57:00,1.85,12444,United Kingdom
536665,47566,PARTY BUNTING,1,2011-01-04 09:54:00,4.95,12718,Spain
536665,20727,LUNCH BAG BLACK SKULL,8,2011-01-04 09:54:00,1.65,12718,Spain
536665,85099B,JUMBO BAG RED RETROSPOT,2,2011-01-04 09:54:00,2.08,12718,Spain
536665,85099C,JUMBO BAG BAROQUE BLACK WHITE,8,2011-01-04 09:54:00,2.08,12718,Spain
536665,22386,JUMBO BAG PINK POLKADOT,3,2011-01-04 09:54:00,2.08,12718,Spain
536666,22720,SET OF 3 CAKE TINS PANTRY DESIGN,6,2011-09-17 18:07:00,4.95,12421,United Kingdom
536666,22457,NATURAL SLATE HEART CHALKBOARD,8,2011-09-17 18:07:00,2.95,12421,United Kingdom
536666,22752,SET 7 BABUSHKA NESTING BOXES,6,2011-09-17 18:07:00,7.65,12421,United Kingdom
536666,22960,JAM MAKING SET WITH JARS,8,2011-09-17 18:07:00,4.25,12421,United Kingdom
536667,21730,GLASS STAR FROSTED T-LIGHT HOLDER,8,2011-08-06 18:08:00,4.25,12681,France
536667,20725,LUNCH BAG RED RETROSPOT,1,2011-08-06 18:08:00,1.65,12681,France
536667,20727,LUNCH BAG BLACK SKULL,8,2011-08-06 18:08:00,1.65,12681,France
536667,22382,LUNCH BAG SPACEBOY DESIGN,6,2011-08-06 18:08:00,1.65,12681,France
536667,22197,POPCORN HOLDER,4,2011-08-06 18:08:00,0.85,12681,France
536668,22961,JAM MAKING SET PRINTED,12,2011-08-01 13:27:00,1.45,12371,United Kingdom
536668,20725,LUNCH BAG RED RETROSPOT,2,2011-08-01 13:27:00,1.65,12371,United Kingdom
536668,20727,LUNCH BAG BLACK SKULL,4,2011-08-01 13:27:00,1.65,12371,United Kingdom
536668,22382,LUNCH BAG SPACEBOY DESIGN,3,2011-08-01 13:27:00,1.65,12371,United Kingdom
536668,21034,REX CASH+CARRY JUMBO SHOPPER,6,2011-08-01 13:27:00,0.95,12371,United Kingdom
536669,47566,PARTY BUNTING,4,2011-07-15 13:47:00,4.95,12726,United Kingdom
536669,22633,HAND WARMER UNION JACK,8,2011-07-15 13:47:00,1.85,12726,United Kingdom
536669,22632,HAND WARMER RED POLKA DOT,12,2011-07-15 13:47:00,1.85,12726,United Kingdom
536669,84029G,KNITTED UNION FLAG HOT WATER BOTTLE,6,2011-07-15 13:47:00,3.75,12726,United Kingdom
536670,22720,SET OF 3 CAKE TINS PANTRY DESIGN,1,2011-08-21 10:34:00,4.95,12374,United Kingdom
536670,22139,RETROSPOT TEA SET CERAMIC 11 PC,3,2011-08-21 10:34:00,4.95,12374,United Kingdom
536670,21730,GLASS STAR FROSTED T-LIGHT HOLDER,4,2011-08-21 10:34:00,4.25,12374,United Kingdom
536671,22961,JAM MAKING SET PRINTED,6,2010-12-30 11:32:00,1.45,12448,Germany
536671,85099B,JUMBO BAG RED RETROSPOT,12,2010-12-30 11:32:00,2.08,12448,Germany
536671,85099C,JUMBO BAG BAROQUE BLACK WHITE,8,2010-12-30 11:32:00,2.08,12448,Germany
536671,22386,JUMBO BAG PINK POLKADOT,2,2010-12-30 11:32:00,2.08,12448,Germany
536672,22961,JAM MAKING SET PRINTED,6,2010-12-16 11:53:00,1.45,12694,France
536672,22960,JAM MAKING SET WITH JARS,3,2010-12-16 11:53:00,4.25,12694,France
536672,21212,PACK OF 72 RETROSPOT CAKE CASES,6,2010-12-16 11:53:00,0.55,12694,France
536672,22382,LUNCH BAG SPACEBOY DESIGN,2,2010-12-16 11:53:00,1.65,12694,France
536672,23166,MEDIUM CERAMIC TOP STORAGE JAR,6,2010-12-16 11:53:00,1.04,12694,France
536673,22139,RETROSPOT TEA SET CERAMIC 11 PC,4,2011-06-16 08:40:00,4.95,12360,Netherlands
536674,85123A,WHITE HANGING HEART T-LIGHT HOLDER,3,2011-03-26 11:47:00,2.95,12677,United Kingdom
536674,71053,WHITE METAL LANTERN,1,2011-03-26 11:47:00,3.75,12677,United Kingdom
536674,21730,GLASS STAR FROSTED T-LIGHT HOLDER,4,2011-03-26 11:47:00,4.25,12677,United Kingdom
536674,85099B,JUMBO BAG RED RETROSPOT,6,2011-03-26 11:47:00,2.08,12677,United Kingdom
536674,21977,PACK OF 60 PINK PAISLEY CAKE CASES,6,2011-03-26 11:47:00,0.55,12677,United Kingdom
536675,22961,JAM MAKING SET PRINTED,6,2011-11-29 12:57:00,1.45,12710,United Kingdom
536675,22632,HAND WARMER RED POLKA DOT,8,2011-11-29 12:57:00,1.85,12710,United Kingdom
536675,47566,PARTY BUNTING,2,2011-11-29 12:57:00,4.95,12710,United Kingdom
536676,84406B,CREAM CUPID HEARTS COAT HANGER,6,2011-08-19 14:05:00,4.15,12349,United Kingdom
536676,22633,HAND WARMER UNION JACK,6,2011-08-19 14:05:00,1.85,12349,United Kingdom
536676,22632,HAND WARMER RED POLKA DOT,6,2011-08-19 14:05:00,1.85,12349,United Kingdom
536676,84029G,KNITTED UNION FLAG HOT WATER BOTTLE,6,2011-08-19 14:05:00,3.75,12349,United Kingdom
536676,22961,JAM MAKING SET PRINTED,4,2011-08-19 14:05:00,1.45,12349,United Kingdom
536676,22086,PAPER CHAIN KIT 50'S CHRISTMAS,3,2011-08-19 14:05:00,2.55,12349,United Kingdom
536677,22961,JAM MAKING SET PRINTED,12,2011-04-03 09:21:00,1.45,12610,United Kingdom
536677,22960,JAM MAKING SET WITH JARS,6,2011-04-03 09:21:00,4.25,12610,United Kingdom
536678,22086,PAPER CHAIN KIT 50'S CHRISTMAS,4,2011-07-03 14:54:00,2.55,12478,United Kingdom
536678,47566,PARTY BUNTING,12,2011-07-03 14:54:00,4.95,12478,United Kingdom
536679,22960,JAM MAKING SET WITH JARS,3,2011-06-02 16:49:00,4.25,12689,United Kingdom
536679,22752,SET 7 BABUSHKA NESTING BOXES,6,2011-06-02 16:49:00,7.65,12689,United Kingdom
536679,22633,HAND WARMER UNION JACK,3,2011-06-02 16:49:00,1.85,12689,United Kingdom
536679,20725,LUNCH BAG RED RETROSPOT,6,2011-06-02 16:49:00,1.65,12689,United Kingdom
536680,22457,NATURAL SLATE HEART CHALKBOARD,6,2011-01-15 11:52:00,2.95,12681,United Kingdom
536680,22423,REGENCY CAKESTAND 3 TIER,6,2011-01-15 11:52:00,12.75,12681,United Kingdom
536681,84406B,CREAM CUPID HEARTS COAT HANGER,4,2011-09-26 12:59:00,4.15,12479,United Kingdom
536681,22086,PAPER CHAIN KIT 50'S CHRISTMAS,2,2011-09-26 12:59:00,2.55,12479,United Kingdom
536681,47566,PARTY BUNTING,8,2011-09-26 12:59:00,4.95,12479,United Kingdom
536681,20725,LUNCH BAG RED RETROSPOT,6,2011-09-26 12:59:00,1.65,12479,United Kingdom
536681,22197,POPCORN HOLDER,8,2011-09-26 12:59:00,0.85,12479,United Kingdom
536681,22138,BAKING SET 9 PIECE RETROSPOT,1,2011-09-26 12:59:00,4.95,12479,United Kingdom
536682,22086,PAPER CHAIN KIT 50'S CHRISTMAS,3,2011-02-09 11:51:00,2.55,12423,United Kingdom
536682,22139,RETROSPOT TEA SET CERAMIC 11 PC,2,2011-02-09 11:51:00,4.95,12423,United Kingdom
536682,21730,GLASS STAR FROSTED T-LIGHT HOLDER,12,2011-02-09 11:51:00,4.25,12423,United Kingdom
536683,20727,LUNCH BAG BLACK SKULL,3,2011-10-20 10:50:00,1.65,12516,United Kingdom
536683,22382,LUNCH BAG SPACEBOY DESIGN,3,2011-10-20 10:50:00,1.65,12516,United Kingdom
536683,22720,SET OF 3 CAKE TINS PANTRY DESIGN,12,2011-10-20 10:50:00,4.95,12516,United Kingdom
536683,20725,LUNCH BAG RED RETROSPOT,2,2011-10-20 10:50:00,1.65,12516,United Kingdom
536684,85123A,WHITE HANGING HEART T-LIGHT HOLDER,4,2011-10-11 15:10:00,2.95,12412,United Kingdom
536684,71053,WHITE METAL LANTERN,6,2011-10-11 15:10:00,3.75,12412,United Kingdom
536684,22423,REGENCY CAKESTAND 3 TIER,1,2011-10-11 15:10:00,12.75,12412,United Kingdom
536684,22382,LUNCH BAG SPACEBOY DESIGN,6,2011-10-11 15:10:00,1.65,12412,United Kingdom
536684,22720,SET OF 3 CAKE TINS PANTRY DESIGN,4,2011-10-11 15:10:00,4.95,12412,United Kingdom
536685,22752,SET 7 BABUSHKA NESTING BOXES,8,2011-11-12 09:10:00,7.65,12355,United Kingdom
536685,21730,GLASS STAR FROSTED T-LIGHT HOLDER,6,2011-11-12 09:10:00,4.25,12355,United Kingdom
536685,85099B,JUMBO BAG RED RETROSPOT,3,2011-11-12 09:10:00,2.08,12355,United Kingdom
536685,85099C,JUMBO BAG BAROQUE BLACK WHITE,2,2011-11-12 09:10:00,2.08,12355,United Kingdom
536685,22386,JUMBO BAG PINK POLKADOT,1,2011-11-12 09:10:00,2.08,12355,United Kingdom
536686,21730,GLASS STAR FROSTED T-LIGHT HOLDER,6,2011-04-28 16:16:00,4.25,12498,EIRE
536686,85099B,JUMBO BAG RED RETROSPOT,12,2011-04-28 16:16:00,2.08,12498,EIRE
536686,85099C,JUMBO BAG BAROQUE BLACK WHITE,6,2011-04-28 16:16:00,2.08,12498,EIRE
536686,22386,JUMBO BAG PINK POLKADOT,4,2011-04-28 16:16:00,2.08,12498,EIRE
536686,22138,BAKING SET 9 PIECE RETROSPOT,3,2011-04-28 16:16:00,4.95,12498,EIRE
536687,85123A,WHITE HANGING HEART T-LIGHT HOLDER,1,2010-12-10 11:44:00,2.95,12552,United Kingdom
536687,71053,WHITE METAL LANTERN,8,2010-12-10 11:44:00,3.75,12552,United Kingdom
536687,22752,SET 7 BABUSHKA NESTING BOXES,6,2010-12-10 11:44:00,7.65,12552,United Kingdom
536687,21730,GLASS STAR FROSTED T-LIGHT HOLDER,1,2010-12-10 11:44:00,4.25,12552,United Kingdom
536687,22633,HAND WARMER UNION JACK,1,2010-12-10 11:44:00,1.85,12552,United Kingdom
536687,21212,PACK OF 72 RETROSPOT CAKE CASES,2,2010-12-10 11:44:00,0.55,12552,United Kingdom
536687,20727,LUNCH BAG BLACK SKULL,1,2010-12-10 11:44:00,1.65,12552,United Kingdom
536688,85123A,WHITE HANGING HEART T-LIGHT HOLDER,3,2011-11-19 09:56:00,2.95,12370,Germany
536688,84406B,CREAM CUPID HEARTS COAT HANGER,4,2011-11-19 09:56:00,4.15,12370,Germany
536688,22386,JUMBO BAG PINK POLKADOT,1,2011-11-19 09:56:00,2.08,12370,Germany
536688,20725,LUNCH BAG RED RETROSPOT,6,2011-11-19 09:56:00,1.65,12370,Germany
536689,22086,PAPER CHAIN KIT 50'S CHRISTMAS,2,2011-11-04 10:12:00,2.55,12561,EIRE
536689,22423,REGENCY CAKESTAND 3 TIER,2,2011-11-04 10:12:00,12.75,12561,EIRE
536689,47566,PARTY BUNTING,6,2011-11-04 10:12:00,4.95,12561,EIRE
536690,21212,PACK OF 72 RETROSPOT CAKE CASES,6,2011-01-24 15:42:00,0.55,12404,United Kingdom
536690,22423,REGENCY CAKESTAND 3 TIER,3,2011-01-24 15:42:00,12.75,12404,United Kingdom
536690,22632,HAND WARMER RED POLKA DOT,1,2011-01-24 15:42:00,1.85,12404,United Kingdom
536690,22386,JUMBO BAG PINK POLKADOT,12,2011-01-24 15:42:00,2.08,12404,United Kingdom
536691,22633,HAND WARMER UNION JACK,12,2011-11-18 15:51:00,1.85,12452,United Kingdom
536691,22632,HAND WARMER RED POLKA DOT,3,2011-11-18 15:51:00,1.85,12452,United Kingdom
536691,84029G,KNITTED UNION FLAG HOT WATER BOTTLE,2,2011-11-18 15:51:00,3.75,12452,United Kingdom
536692,47566,PARTY BUNTING,6,2011-08-19 10:16:00,4.95,12745,United Kingdom
536693,22457,NATURAL SLATE HEART CHALKBOARD,6,2011-07-26 08:36:00,2.95,12481,United Kingdom
536693,21212,PACK OF 72 RETROSPOT CAKE CASES,8,2011-07-26 08:36:00,0.55,12481,United Kingdom
536694,22961,JAM MAKING SET PRINTED,6,2011-01-29 10:24:00,1.45,12724,United Kingdom
536694,22960,JAM MAKING SET WITH JARS,12,2011-01-29 10:24:00,4.25,12724,United Kingdom
536694,22086,PAPER CHAIN KIT 50'S CHRISTMAS,6,2011-01-29 10:24:00,2.55,12724,United Kingdom
536695,22961,JAM MAKING SET PRINTED,8,2011-01-17 14:22:00,1.45,12721,United Kingdom
536695,47566,PARTY BUNTING,12,2011-01-17 14:22:00,4.95,12721,United Kingdom
536695,21034,REX CASH+CARRY JUMBO SHOPPER,8,2011-01-17 14:22:00,0.95,12721,United Kingdom
536695,22139,RETROSPOT TEA SET CERAMIC 11 PC,3,2011-01-17 14:22:00,4.95,12721,United Kingdom
536695,22138,BAKING SET 9 PIECE RETROSPOT,2,2011-01-17 14:22:00,4.95,12721,United Kingdom
536696,22086,PAPER CHAIN KIT 50'S CHRISTMAS,12,2011-11-22 09:24:00,2.55,12413,United Kingdom
536696,47566,PARTY BUNTING,3,2011-11-22 09:24:00,4.95,12413,United Kingdom
536696,23166,MEDIUM CERAMIC TOP STORAGE JAR,8,2011-11-22 09:24:00,1.04,12413,United Kingdom
536696,85099C,JUMBO BAG BAROQUE BLACK WHITE,6,2011-11-22 09:24:00,2.08,12413,United Kingdom
536696,22457,NATURAL SLATE HEART CHALKBOARD,1,2011-11-22 09:24:00,2.95,12413,United Kingdom
536697,71053,WHITE METAL LANTERN,6,2011-02-05 16:28:00,3.75,12696,France
536697,84406B,CREAM CUPID HEARTS COAT HANGER,1,2011-02-05 16:28:00,4.15,12696,France
536697,22961,JAM MAKING SET PRINTED,4,2011-02-05 16:28:00,1.45,12696,France
536697,22139,RETROSPOT TEA SET CERAMIC 11 PC,6,2011-02-05 16:28:00,4.95,12696,France
536697,22138,BAKING SET 9 PIECE RETROSPOT,2,2011-02-05 16:28:00,4.95,12696,France
536698,21034,REX CASH+CARRY JUMBO SHOPPER,1,2011-11-04 12:00:00,0.95,12567,United Kingdom
536698,22139,RETROSPOT TEA SET CERAMIC 11 PC,1,2011-11-04 12:00:00,4.95,12567,United Kingdom
536698,22138,BAKING SET 9 PIECE RETROSPOT,3,2011-11-04 12:00:00,4.95,12567,United Kingdom
536699,22720,SET OF 3 CAKE TINS PANTRY DESIGN,6,2011-07-29 16:25:00,4.95,12604,United Kingdom
536699,22086,PAPER CHAIN KIT 50'S CHRISTMAS,1,2011-07-29 16:25:00,2.55,12604,United Kingdom
536699,22423,REGENCY CAKESTAND 3 TIER,4,2011-07-29 16:25:00,12.75,12604,United Kingdom
536699,84029G,KNITTED UNION FLAG HOT WATER BOTTLE,8,2011-07-29 16:25:00,3.75,12604,United Kingdom
536700,84406B,CREAM CUPID HEARTS COAT HANGER,12,2011-03-31 09:59:00,4.15,12552,Germany
536700,22139,RETROSPOT TEA SET CERAMIC 11 PC,6,2011-03-31 09:59:00,4.95,12552,Germany
536700,20725,LUNCH BAG RED RETROSPOT,2,2011-03-31 09:59:00,1.65,12552,Germany
536701,85123A,WHITE HANGING HEART T-LIGHT HOLDER,6,2011-10-31 08:36:00,2.95,12600,United Kingdom
536701,22457,NATURAL SLATE HEART CHALKBOARD,4,2011-10-31 08:36:00,2.95,12600,United Kingdom
536701,84406B,CREAM CUPID HEARTS COAT HANGER,12,2011-10-31 08:36:00,4.15,12600,United Kingdom
536701,21034,REX CASH+CARRY JUMBO SHOPPER,6,2011-10-31 08:36:00,0.95,12600,United Kingdom
536702,22086,PAPER CHAIN KIT 50'S CHRISTMAS,12,2010-12-28 12:24:00,2.55,12532,Germany
536702,21212,PACK OF 72 RETROSPOT CAKE CASES,2,2010-12-28 12:24:00,0.55,12532,Germany
536702,47566,PARTY BUNTING,2,2010-12-28 12:24:00,4.95,12532,Germany
536702,20725,LUNCH BAG RED RETROSPOT,4,2010-12-28 12:24:00,1.65,12532,Germany
536702,85099C,JUMBO BAG BAROQUE BLACK WHITE,1,2010-12-28 12:24:00,2.08,12532,Germany
536702,22386,JUMBO BAG PINK POLKADOT,6,2010-12-28 12:24:00,2.08,12532,Germany
536703,22633,HAND WARMER UNION JACK,3,2011-10-21 13:05:00,1.85,12527,EIRE
536703,22632,HAND WARMER RED POLKA DOT,12,2011-10-21 13:05:00,1.85,12527,EIRE
536703,84029G,KNITTED UNION FLAG HOT WATER BOTTLE,3,2011-10-21 13:05:00,3.75,12527,EIRE
536704,22139,RETROSPOT TEA SET CERAMIC 11 PC,4,2011-06-28 09:46:00,4.95,12713,United Kingdom
536704,22138,BAKING SET 9 PIECE RETROSPOT,6,2011-06-28 09:46:00,4.95,12713,United Kingdom
536704,47566,PARTY BUNTING,2,2011-06-28 09:46:00,4.95,12713,United Kingdom
536705,22423,REGENCY CAKESTAND 3 TIER,3,2011-07-01 09:29:00,12.75,12733,Netherlands
536705,20727,LUNCH BAG BLACK SKULL,12,2011-07-01 09:29:00,1.65,12733,Netherlands
536705,23166,MEDIUM CERAMIC TOP STORAGE JAR,1,2011-07-01 09:29:00,1.04,12733,Netherlands
536705,85099C,JUMBO BAG BAROQUE BLACK WHITE,1,2011-07-01 09:29:00,2.08,12733,Netherlands
536705,22720,SET OF 3 CAKE TINS PANTRY DESIGN,8,2011-07-01 09:29:00,4.95,12733,Netherlands
536706,22961,JAM MAKING SET PRINTED,8,2011-08-05 17:19:00,1.45,12645,United Kingdom
536706,22960,JAM MAKING SET WITH JARS,6,2011-08-05 17:19:00,4.25,12645,United Kingdom
536706,22752,SET 7 BABUSHKA NESTING BOXES,8,2011-08-05 17:19:00,7.65,12645,United Kingdom
536707,22457,NATURAL SLATE HEART CHALKBOARD,3,2011-10-08 11:47:00,2.95,12560,United Kingdom
536707,47566,PARTY BUNTING,3,2011-10-08 11:47:00,4.95,12560,United Kingdom
536708,85099B,JUMBO BAG RED RETROSPOT,6,2011-10-05 16:49:00,2.08,12557,Spain
536708,22632,HAND WARMER RED POLKA DOT,6,2011-10-05 16:49:00,1.85,12557,Spain
536709,85099B,JUMBO BAG RED RETROSPOT,6,2011-02-06 11:02:00,2.08,12690,Spain
536709,85099C,JUMBO BAG BAROQUE BLACK WHITE,12,2011-02-06 11:02:00,2.08,12690,Spain
536709,22386,JUMBO BAG PINK POLKADOT,8,2011-02-06 11:02:00,2.08,12690,Spain
536710,85123A,WHITE HANGING HEART T-LIGHT HOLDER,1,2011-08-31 13:26:00,2.95,12691,United Kingdom
536710,22752,SET 7 BABUSHKA NESTING BOXES,1,2011-08-31 13:26:00,7.65,12691,United Kingdom
536710,84879,ASSORTED COLOUR BIRD ORNAMENT,4,2011-08-31 13:26:00,1.69,12691,United Kingdom
536710,21730,GLASS STAR FROSTED T-LIGHT HOLDER,6,2011-08-31 13:26:00,4.25,12691,United Kingdom
536711,85123A,WHITE HANGING HEART T-LIGHT HOLDER,1,2011-02-21 13:13:00,2.95,12730,United Kingdom
536711,71053,WHITE METAL LANTERN,6,2011-02-21 13:13:00,3.75,12730,United Kingdom
536711,21730,GLASS STAR FROSTED T-LIGHT HOLDER,12,2011-02-21 13:13:00,4.25,12730,United Kingdom
536711,22632,HAND WARMER RED POLKA DOT,2,2011-02-21 13:13:00,1.85,12730,United Kingdom
536711,22720,SET OF 3 CAKE TINS PANTRY DESIGN,4,2011-02-21 13:13:00,4.95,12730,United Kingdom
536712,20727,LUNCH BAG BLACK SKULL,8,2011-10-28 16:54:00,1.65,12726,United Kingdom
536712,22382,LUNCH BAG SPACEBOY DESIGN,8,2011-10-28 16:54:00,1.65,12726,United Kingdom
536712,20725,LUNCH BAG RED RETROSPOT,8,2011-10-28 16:54:00,1.65,12726,United Kingdom
536713,22197,POPCORN HOLDER,12,2011-05-10 16:33:00,0.85,12696,United Kingdom
536714,22720,SET OF 3 CAKE TINS PANTRY DESIGN,4,2011-10-21 14:18:00,4.95,12461,Netherlands
536714,22086,PAPER CHAIN KIT 50'S CHRISTMAS,6,2011-10-21 14:18:00,2.55,12461,Netherlands
536714,47566,PARTY BUNTING,12,2011-10-21 14:18:00,4.95,12461,Netherlands
536715,84879,ASSORTED COLOUR BIRD ORNAMENT,1,2011-11-15 09:41:00,1.69,12436,United Kingdom
536716,20727,LUNCH BAG BLACK SKULL,6,2011-04-22 16:46:00,1.65,12565,United Kingdom
536716,22382,LUNCH BAG SPACEBOY DESIGN,12,2011-04-22 16:46:00,1.65,12565,United Kingdom
536716,20725,LUNCH BAG RED RETROSPOT,3,2011-04-22 16:46:00,1.65,12565,United Kingdom
536717,22960,JAM MAKING SET WITH JARS,6,2011-02-17 14:08:00,4.25,12366,United Kingdom
536717,21034,REX CASH+CARRY JUMBO SHOPPER,2,2011-02-17 14:08:00,0.95,12366,United Kingdom
536717,85099C,JUMBO BAG BAROQUE BLACK WHITE,6,2011-02-17 14:08:00,2.08,12366,United Kingdom
536717,20725,LUNCH BAG RED RETROSPOT,4,2011-02-17 14:08:00,1.65,12366,United Kingdom
536718,85123A,WHITE HANGING HEART T-LIGHT HOLDER,4,2011-08-24 10:20:00,2.95,12440,EIRE
536718,84406B,CREAM CUPID HEARTS COAT HANGER,6,2011-08-24 10:20:00,4.15,12440,EIRE
536718,84029G,KNITTED UNION FLAG HOT WATER BOTTLE,6,2011-08-24 10:20:00,3.75,12440,EIRE
536718,21212,PACK OF 72 RETROSPOT CAKE CASES,6,2011-08-24 10:20:00,0.55,12440,EIRE
536718,84879,ASSORTED COLOUR BIRD ORNAMENT,6,2011-08-24 10:20:00,1.69,12440,EIRE
536719,22752,SET 7 BABUSHKA NESTING BOXES,6,2011-10-13 17:00:00,7.65,12457,Spain
536720,84879,ASSORTED COLOUR BIRD ORNAMENT,2,2011-04-03 18:28:00,1.69,12574,United Kingdom
536720,21977,PACK OF 60 PINK PAISLEY CAKE CASES,8,2011-04-03 18:28:00,0.55,12574,United Kingdom
536721,20727,LUNCH BAG BLACK SKULL,12,2011-09-03 12:31:00,1.65,12477,EIRE
536721,22457,NATURAL SLATE HEART CHALKBOARD,12,2011-09-03 12:31:00,2.95,12477,EIRE
536722,22720,SET OF 3 CAKE TINS PANTRY DESIGN,1,2011-05-01 11:50:00,4.95,12368,EIRE
536722,22633,HAND WARMER UNION JACK,2,2011-05-01 11:50:00,1.85,12368,EIRE
536722,22632,HAND WARMER RED POLKA DOT,4,2011-05-01 11:50:00,1.85,12368,EIRE
536722,84029G,KNITTED UNION FLAG HOT WATER BOTTLE,4,2011-05-01 11:50:00,3.75,12368,EIRE
536723,21034,REX CASH+CARRY JUMBO SHOPPER,3,2011-07-06 09:43:00,0.95,12696,Spain
536723,84406B,CREAM CUPID HEARTS COAT HANGER,1,2011-07-06 09:43:00,4.15,12696,Spain
536723,85099B,JUMBO BAG RED RETROSPOT,12,2011-07-06 09:43:00,2.08,12696,Spain
536724,84406B,CREAM CUPID HEARTS COAT HANGER,6,2011-05-19 08:35:00,4.15,12713,United Kingdom
536724,84029G,KNITTED UNION FLAG HOT WATER BOTTLE,8,2011-05-19 08:35:00,3.75,12713,United Kingdom
536724,20725,LUNCH BAG RED RETROSPOT,8,2011-05-19 08:35:00,1.65,12713,United Kingdom
536724,20727,LUNCH BAG BLACK SKULL,12,2011-05-19 08:35:00,1.65,12713,United Kingdom
536724,22382,LUNCH BAG SPACEBOY DESIGN,8,2011-05-19 08:35:00,1.65,12713,United Kingdom
536724,23166,MEDIUM CERAMIC TOP STORAGE JAR,8,2011-05-19 08:35:00,1.04,12713,United Kingdom
536724,21034,REX CASH+CARRY JUMBO SHOPPER,6,2011-05-19 08:35:00,0.95,12713,United Kingdom
536725,22086,PAPER CHAIN KIT 50'S CHRISTMAS,1,2011-06-18 10:04:00,2.55,12354,United Kingdom
536725,47566,PARTY BUNTING,2,2011-06-18 10:04:00,4.95,12354,United Kingdom
536726,84879,ASSORTED COLOUR BIRD ORNAMENT,1,2011-08-15 09:48:00,1.69,12529,United Kingdom
536726,20725,LUNCH BAG RED RETROSPOT,12,2011-08-15 09:48:00,1.65,12529,United Kingdom
536726,20727,LUNCH BAG BLACK SKULL,3,2011-08-15 09:48:00,1.65,12529,United Kingdom
536726,22382,LUNCH BAG SPACEBOY DESIGN,4,2011-08-15 09:48:00,1.65,12529,United Kingdom
536726,21034,REX CASH+CARRY JUMBO SHOPPER,3,2011-08-15 09:48:00,0.95,12529,United Kingdom
536727,85099B,JUMBO BAG RED RETROSPOT,3,2011-06-19 16:48:00,2.08,12728,United Kingdom
536727,85099C,JUMBO BAG BAROQUE BLACK WHITE,2,2011-06-19 16:48:00,2.08,12728,United Kingdom
536727,22386,JUMBO BAG PINK POLKADOT,1,2011-06-19 16:48:00,2.08,12728,United Kingdom
536728,23084,RABBIT NIGHT LIGHT,6,2011-09-20 17:55:00,2.08,12348,Spain
536728,22633,HAND WARMER UNION JACK,4,2011-09-20 17:55:00,1.85,12348,Spain
536728,22632,HAND WARMER RED POLKA DOT,8,2011-09-20 17:55:00,1.85,12348,Spain
536728,84029G,KNITTED UNION FLAG HOT WATER BOTTLE,3,2011-09-20 17:55:00,3.75,12348,Spain
536729,71053,WHITE METAL LANTERN,12,2011-03-05 12:09:00,3.75,12428,United Kingdom
536729,22961,JAM MAKING SET PRINTED,2,2011-03-05 12:09:00,1.45,12428,United Kingdom
536729,22960,JAM MAKING SET WITH JARS,6,2011-03-05 12:09:00,4.25,12428,United Kingdom
536729,22720,SET OF 3 CAKE TINS PANTRY DESIGN,2,2011-03-05 12:09:00,4.95,12428,United Kingdom
536729,22139,RETROSPOT TEA SET CERAMIC 11 PC,6,2011-03-05 12:09:00,4.95,12428,United Kingdom
536730,21977,PACK OF 60 PINK PAISLEY CAKE CASES,6,2011-03-12 18:01:00,0.55,12396,United Kingdom
536730,21212,PACK OF 72 RETROSPOT CAKE CASES,2,2011-03-12 18:01:00,0.55,12396,United Kingdom
536730,22423,REGENCY CAKESTAND 3 TIER,4,2011-03-12 18:01:00,12.75,12396,United Kingdom
536731,22961,JAM MAKING SET PRINTED,8,2011-08-06 15:51:00,1.45,12508,United Kingdom
536731,22960,JAM MAKING SET WITH JARS,3,2011-08-06 15:51:00,4.25,12508,United Kingdom
536731,22086,PAPER CHAIN KIT 50'S CHRISTMAS,1,2011-08-06 15:51:00,2.55,12508,United Kingdom
536731,21212,PACK OF 72 RETROSPOT CAKE CASES,6,2011-08-06 15:51:00,0.55,12508,United Kingdom
536731,23166,MEDIUM CERAMIC TOP STORAGE JAR,4,2011-08-06 15:51:00,1.04,12508,United Kingdom
536731,22457,NATURAL SLATE HEART CHALKBOARD,4,2011-08-06 15:51:00,2.95,12508,United Kingdom
536732,21212,PACK OF 72 RETROSPOT CAKE CASES,6,2011-10-25 14:47:00,0.55,12710,United Kingdom
536732,47566,PARTY BUNTING,12,2011-10-25 14:47:00,4.95,12710,United Kingdom
536732,85099B,JUMBO BAG RED RETROSPOT,2,2011-10-25 14:47:00,2.08,12710,United Kingdom
536732,85099C,JUMBO BAG BAROQUE BLACK WHITE,3,2011-10-25 14:47:00,2.08,12710,United Kingdom
536732,22386,JUMBO BAG PINK POLKADOT,2,2011-10-25 14:47:00,2.08,12710,United Kingdom
536733,23084,RABBIT NIGHT LIGHT,2,2011-02-10 16:42:00,2.08,12489,United Kingdom
536734,22086,PAPER CHAIN KIT 50'S CHRISTMAS,1,2011-08-17 09:22:00,2.55,12355,Netherlands
536734,21977,PACK OF 60 PINK PAISLEY CAKE CASES,6,2011-08-17 09:22:00,0.55,12355,Netherlands
536734,47566,PARTY BUNTING,12,2011-08-17 09:22:00,4.95,12355,Netherlands
536735,22960,JAM MAKING SET WITH JARS,12,2011-02-15 13:55:00,4.25,12680,United Kingdom
536735,22139,RETROSPOT TEA SET CERAMIC 11 PC,2,2011-02-15 13:55:00,4.95,12680,United Kingdom
536735,21730,GLASS STAR FROSTED T-LIGHT HOLDER,8,2011-02-15 13:55:00,4.25,12680,United Kingdom
536735,23084,RABBIT NIGHT LIGHT,6,2011-02-15 13:55:00,2.08,12680,United Kingdom
536736,47566,PARTY BUNTING,3,2010-12-06 12:24:00,4.95,12603,United Kingdom
536737,71053,WHITE METAL LANTERN,12,2011-09-16 18:12:00,3.75,12437,United Kingdom
536737,21212,PACK OF 72 RETROSPOT CAKE CASES,4,2011-09-16 18:12:00,0.55,12437,United Kingdom
536737,84029G,KNITTED UNION FLAG HOT WATER BOTTLE,2,2011-09-16 18:12:00,3.75,12437,United Kingdom
536738,47566,PARTY BUNTING,1,2011-06-08 11:32:00,4.95,12481,United Kingdom
536738,20725,LUNCH BAG RED RETROSPOT,1,2011-06-08 11:32:00,1.65,12481,United Kingdom
536738,85099B,JUMBO BAG RED RETROSPOT,6,2011-06-08 11:32:00,2.08,12481,United Kingdom
536738,85099C,JUMBO BAG BAROQUE BLACK WHITE,2,2011-06-08 11:32:00,2.08,12481,United Kingdom
536738,22386,JUMBO BAG PINK POLKADOT,6,2011-06-08 11:32:00,2.08,12481,United Kingdom
536738,21977,PACK OF 60 PINK PAISLEY CAKE CASES,6,2011-06-08 11:32:00,0.55,12481,United Kingdom
536739,84406B,CREAM CUPID HEARTS COAT HANGER,6,2011-09-05 17:41:00,4.15,12642,United Kingdom
536739,85099B,JUMBO BAG RED RETROSPOT,8,2011-09-05 17:41:00,2.08,12642,United Kingdom
536739,85099C,JUMBO BAG BAROQUE BLACK WHITE,4,2011-09-05 17:41:00,2.08,12642,United Kingdom
536739,22386,JUMBO BAG PINK POLKADOT,8,2011-09-05 17:41:00,2.08,12642,United Kingdom
536739,21034,REX CASH+CARRY JUMBO SHOPPER,6,2011-09-05 17:41:00,0.95,12642,United Kingdom
536739,22138,BAKING SET 9 PIECE RETROSPOT,6,2011-09-05 17:41:00,4.95,12642,United Kingdom
536740,84406B,CREAM CUPID HEARTS COAT HANGER,6,2011-08-04 17:30:00,4.15,12595,EIRE
536740,22633,HAND WARMER UNION JACK,4,2011-08-04 17:30:00,1.85,12595,EIRE
536740,84029G,KNITTED UNION FLAG HOT WATER BOTTLE,3,2011-08-04 17:30:00,3.75,12595,EIRE
536741,22752,SET 7 BABUSHKA NESTING BOXES,12,2011-02-19 14:08:00,7.65,12441,United Kingdom
536741,22139,RETROSPOT TEA SET CERAMIC 11 PC,12,2011-02-19 14:08:00,4.95,12441,United Kingdom
536741,22138,BAKING SET 9 PIECE RETROSPOT,12,2011-02-19 14:08:00,4.95,12441,United Kingdom
536741,23084,RABBIT NIGHT LIGHT,4,2011-02-19 14:08:00,2.08,12441,United Kingdom
536742,21730,GLASS STAR FROSTED T-LIGHT HOLDER,1,2011-02-21 14:31:00,4.25,12648,United Kingdom
536742,22633,HAND WARMER UNION JACK,3,2011-02-21 14:31:00,1.85,12648,United Kingdom
536742,22086,PAPER CHAIN KIT 50'S CHRISTMAS,1,2011-02-21 14:31:00,2.55,12648,United Kingdom
536742,47566,PARTY BUNTING,3,2011-02-21 14:31:00,4.95,12648,United Kingdom
536742,20727,LUNCH BAG BLACK SKULL,6,2011-02-21 14:31:00,1.65,12648,United Kingdom
536742,85099B,JUMBO BAG RED RETROSPOT,3,2011-02-21 14:31:00,2.08,12648,United Kingdom
536743,84406B,CREAM CUPID HEARTS COAT HANGER,12,2011-06-26 18:06:00,4.15,12610,United Kingdom
536743,22632,HAND WARMER RED POLKA DOT,12,2011-06-26 18:06:00,1.85,12610,United Kingdom
536744,22086,PAPER CHAIN KIT 50'S CHRISTMAS,6,2011-02-26 12:23:00,2.55,12592,United Kingdom
536744,22197,POPCORN HOLDER,3,2011-02-26 12:23:00,0.85,12592,United Kingdom
536744,47566,PARTY BUNTING,6,2011-02-26 12:23:00,4.95,12592,United Kingdom
536745,22961,JAM MAKING SET PRINTED,1,2011-10-02 17:34:00,1.45,12578,United Kingdom
536745,22960,JAM MAKING SET WITH JARS,4,2011-10-02 17:34:00,4.25,12578,United Kingdom
536746,22961,JAM MAKING SET PRINTED,1,2011-08-16 15:22:00,1.45,12613,United Kingdom
536746,22960,JAM MAKING SET WITH JARS,2,2011-08-16 15:22:00,4.25,12613,United Kingdom
536746,22197,POPCORN HOLDER,2,2011-08-16 15:22:00,0.85,12613,United Kingdom
536746,22138,BAKING SET 9 PIECE RETROSPOT,12,2011-08-16 15:22:00,4.95,12613,United Kingdom
536747,20727,LUNCH BAG BLACK SKULL,1,2011-02-05 18:04:00,1.65,12683,United Kingdom
536747,21212,PACK OF 72 RETROSPOT CAKE CASES,8,2011-02-05 18:04:00,0.55,12683,United Kingdom
536747,22423,REGENCY CAKESTAND 3 TIER,4,2011-02-05 18:04:00,12.75,12683,United Kingdom
536748,22961,JAM MAKING SET PRINTED,4,2011-06-14 14:07:00,1.45,12592,Netherlands
536748,22960,JAM MAKING SET WITH JARS,2,2011-06-14 14:07:00,4.25,12592,Netherlands
536748,22720,SET OF 3 CAKE TINS PANTRY DESIGN,6,2011-06-14 14:07:00,4.95,12592,Netherlands
536748,20725,LUNCH BAG RED RETROSPOT,8,2011-06-14 14:07:00,1.65,12592,Netherlands
536749,85123A,WHITE HANGING HEART T-LIGHT HOLDER,6,2011-03-07 09:15:00,2.95,12477,United Kingdom
536749,22633,HAND WARMER UNION JACK,8,2011-03-07 09:15:00,1.85,12477,United Kingdom
536749,22632,HAND WARMER RED POLKA DOT,6,2011-03-07 09:15:00,1.85,12477,United Kingdom
536749,84029G,KNITTED UNION FLAG HOT WATER BOTTLE,2,2011-03-07 09:15:00,3.75,12477,United Kingdom
536749,84879,ASSORTED COLOUR BIRD ORNAMENT,3,2011-03-07 09:15:00,1.69,12477,United Kingdom
536749,85099B,JUMBO BAG RED RETROSPOT,8,2011-03-07 09:15:00,2.08,12477,United Kingdom
536750,22961,JAM MAKING SET PRINTED,4,2011-09-26 12:46:00,1.45,12679,Spain
536750,84879,ASSORTED COLOUR BIRD ORNAMENT,8,2011-09-26 12:46:00,1.69,12679,Spain
536750,85099B,JUMBO BAG RED RETROSPOT,12,2011-09-26 12:46:00,2.08,12679,Spain
536750,85099C,JUMBO BAG BAROQUE BLACK WHITE,3,2011-09-26 12:46:00,2.08,12679,Spain
536750,22386,JUMBO BAG PINK POLKADOT,6,2011-09-26 12:46:00,2.08,12679,Spain
536750,22720,SET OF 3 CAKE TINS PANTRY DESIGN,12,2011-09-26 12:46:00,4.95,12679,Spain
536751,23084,RABBIT NIGHT LIGHT,4,2011-05-07 17:52:00,2.08,12475,United Kingdom
536752,22197,POPCORN HOLDER,1,2011-11-24 10:36:00,0.85,12574,United Kingdom
536752,85099B,JUMBO BAG RED RETROSPOT,3,2011-11-24 10:36:00,2.08,12574,United Kingdom
536752,85099C,JUMBO BAG BAROQUE BLACK WHITE,8,2011-11-24 10:36:00,2.08,12574,United Kingdom
536752,22386,JUMBO BAG PINK POLKADOT,1,2011-11-24 10:36:00,2.08,12574,United Kingdom
536753,20727,LUNCH BAG BLACK SKULL,2,2011-02-13 16:29:00,1.65,12392,United Kingdom
536753,22382,LUNCH BAG SPACEBOY DESIGN,1,2011-02-13 16:29:00,1.65,12392,United Kingdom
536753,21212,PACK OF 72 RETROSPOT CAKE CASES,8,2011-02-13 16:29:00,0.55,12392,United Kingdom
536753,20725,LUNCH BAG RED RETROSPOT,8,2011-02-13 16:29:00,1.65,12392,United Kingdom
536754,85099B,JUMBO BAG RED RETROSPOT,12,2011-11-01 16:48:00,2.08,12660,United Kingdom
536755,85123A,WHITE HANGING HEART T-LIGHT HOLDER,3,2010-12-06 12:24:00,2.95,12570,EIRE
536755,71053,WHITE METAL LANTERN,1,2010-12-06 12:24:00,3.75,12570,EIRE
536755,21730,GLASS STAR FROSTED T-LIGHT HOLDER,6,2010-12-06 12:24:00,4.25,12570,EIRE
536755,84029G,KNITTED UNION FLAG HOT WATER BOTTLE,4,2010-12-06 12:24:00,3.75,12570,EIRE
536755,20727,LUNCH BAG BLACK SKULL,1,2010-12-06 12:24:00,1.65,12570,EIRE
536755,22386,JUMBO BAG PINK POLKADOT,3,2010-12-06 12:24:00,2.08,12570,EIRE
536756,85123A,WHITE HANGING HEART T-LIGHT HOLDER,2,2011-04-21 14:52:00,2.95,12390,United Kingdom
536756,84406B,CREAM CUPID HEARTS COAT HANGER,6,2011-04-21 14:52:00,4.15,12390,United Kingdom
536756,21212,PACK OF 72 RETROSPOT CAKE CASES,6,2011-04-21 14:52:00,0.55,12390,United Kingdom
536756,22423,REGENCY CAKESTAND 3 TIER,6,2011-04-21 14:52:00,12.75,12390,United Kingdom
536756,22386,JUMBO BAG PINK POLKADOT,6,2011-04-21 14:52:00,2.08,12390,United Kingdom
536756,23084,RABBIT NIGHT LIGHT,4,2011-04-21 14:52:00,2.08,12390,United Kingdom
536756,21977,PACK OF 60 PINK PAISLEY CAKE CASES,4,2011-04-21 14:52:00,0.55,12390,United Kingdom
536757,85123A,WHITE HANGING HEART T-LIGHT HOLDER,2,2011-06-25 17:30:00,2.95,12578,United Kingdom
536757,84406B,CREAM CUPID HEARTS COAT HANGER,6,2011-06-25 17:30:00,4.15,12578,United Kingdom
536758,22961,JAM MAKING SET PRINTED,12,2011-01-29 16:46:00,1.45,12520,Spain
536758,84879,ASSORTED COLOUR BIRD ORNAMENT,4,2011-01-29 16:46:00,1.69,12520,Spain
536758,22386,JUMBO BAG PINK POLKADOT,6,2011-01-29 16:46:00,2.08,12520,Spain
536758,47566,PARTY BUNTING,12,2011-01-29 16:46:00,4.95,12520,Spain
536759,20727,LUNCH BAG BLACK SKULL,8,2011-07-24 18:25:00,1.65,12694,United Kingdom
536759,22382,LUNCH BAG SPACEBOY DESIGN,4,2011-07-24 18:25:00,1.65,12694,United Kingdom
536759,20725,LUNCH BAG RED RETROSPOT,4,2011-07-24 18:25:00,1.65,12694,United Kingdom
536760,20727,LUNCH BAG BLACK SKULL,2,2011-06-30 14:03:00,1.65,12507,Spain
536760,22382,LUNCH BAG SPACEBOY DESIGN,8,2011-06-30 14:03:00,1.65,12507,Spain
536760,22960,JAM MAKING SET WITH JARS,6,2011-06-30 14:03:00,4.25,12507,Spain
536760,20725,LUNCH BAG RED RETROSPOT,2,2011-06-30 14:03:00,1.65,12507,Spain
536761,22086,PAPER CHAIN KIT 50'S CHRISTMAS,4,2011-03-02 15:50:00,2.55,12629,United Kingdom
536761,22633,HAND WARMER UNION JACK,12,2011-03-02 15:50:00,1.85,12629,United Kingdom
536761,47566,PARTY BUNTING,4,2011-03-02 15:50:00,4.95,12629,United Kingdom
536761,23084,RABBIT NIGHT LIGHT,4,2011-03-02 15:50:00,2.08,12629,United Kingdom
536762,22752,SET 7 BABUSHKA NESTING BOXES,2,2011-04-03 12:43:00,7.65,12722,United Kingdom
536762,21730,GLASS STAR FROSTED T-LIGHT HOLDER,2,2011-04-03 12:43:00,4.25,12722,United Kingdom
536762,21212,PACK OF 72 RETROSPOT CAKE CASES,12,2011-04-03 12:43:00,0.55,12722,United Kingdom
536762,22423,REGENCY CAKESTAND 3 TIER,1,2011-04-03 12:43:00,12.75,12722,United Kingdom
536762,22720,SET OF 3 CAKE TINS PANTRY DESIGN,1,2011-04-03 12:43:00,4.95,12722,United Kingdom
536762,21977,PACK OF 60 PINK PAISLEY CAKE CASES,12,2011-04-03 12:43:00,0.55,12722,United Kingdom
536763,22720,SET OF 3 CAKE TINS PANTRY DESIGN,6,2011-10-14 14:01:00,4.95,12536,Netherlands
536763,21977,PACK OF 60 PINK PAISLEY CAKE CASES,8,2011-10-14 14:01:00,0.55,12536,Netherlands
536763,22633,HAND WARMER UNION JACK,4,2011-10-14 14:01:00,1.85,12536,Netherlands
536764,20727,LUNCH BAG BLACK SKULL,6,2011-09-22 10:33:00,1.65,12730,EIRE
536764,22382,LUNCH BAG SPACEBOY DESIGN,8,2011-09-22 10:33:00,1.65,12730,EIRE
536764,71053,WHITE METAL LANTERN,3,2011-09-22 10:33:00,3.75,12730,EIRE
536765,85123A,WHITE HANGING HEART T-LIGHT HOLDER,2,2011-01-31 16:59:00,2.95,12580,United Kingdom
536765,71053,WHITE METAL LANTERN,6,2011-01-31 16:59:00,3.75,12580,United Kingdom
536765,21730,GLASS STAR FROSTED T-LIGHT HOLDER,6,2011-01-31 16:59:00,4.25,12580,United Kingdom
536765,84879,ASSORTED COLOUR BIRD ORNAMENT,6,2011-01-31 16:59:00,1.69,12580,United Kingdom
536766,22086,PAPER CHAIN KIT 50'S CHRISTMAS,12,2011-09-07 12:45:00,2.55,12441,United Kingdom
536766,21212,PACK OF 72 RETROSPOT CAKE CASES,8,2011-09-07 12:45:00,0.55,12441,United Kingdom
536766,22633,HAND WARMER UNION JACK,4,2011-09-07 12:45:00,1.85,12441,United Kingdom
536766,47566,PARTY BUNTING,8,2011-09-07 12:45:00,4.95,12441,United Kingdom
536767,21730,GLASS STAR FROSTED T-LIGHT HOLDER,2,2011-06-09 14:24:00,4.25,12704,United Kingdom
536767,84029G,KNITTED UNION FLAG HOT WATER BOTTLE,6,2011-06-09 14:24:00,3.75,12704,United Kingdom
536767,22961,JAM MAKING SET PRINTED,4,2011-06-09 14:24:00,1.45,12704,United Kingdom
536767,22960,JAM MAKING SET WITH JARS,8,2011-06-09 14:24:00,4.25,12704,United Kingdom
536767,23166,MEDIUM CERAMIC TOP STORAGE JAR,8,2011-06-09 14:24:00,1.04,12704,United Kingdom
536767,85099C,JUMBO BAG BAROQUE BLACK WHITE,4,2011-06-09 14:24:00,2.08,12704,United Kingdom
536768,22720,SET OF 3 CAKE TINS PANTRY DESIGN,6,2011-02-15 16:21:00,4.95,12420,United Kingdom
536768,22138,BAKING SET 9 PIECE RETROSPOT,12,2011-02-15 16:21:00,4.95,12420,United Kingdom
536768,22423,REGENCY CAKESTAND 3 TIER,6,2011-02-15 16:21:00,12.75,12420,United Kingdom
536769,22961,JAM MAKING SET PRINTED,4,2011-09-14 17:33:00,1.45,12474,United Kingdom
536769,22960,JAM MAKING SET WITH JARS,6,2011-09-14 17:33:00,4.25,12474,United Kingdom
536770,22961,JAM MAKING SET PRINTED,6,2011-10-19 09:58:00,1.45,12589,United Kingdom
536770,22382,LUNCH BAG SPACEBOY DESIGN,1,2011-10-19 09:58:00,1.65,12589,United Kingdom
536770,85099B,JUMBO BAG RED RETROSPOT,8,2011-10-19 09:58:00,2.08,12589,United Kingdom
536770,85099C,JUMBO BAG BAROQUE BLACK WHITE,2,2011-10-19 09:58:00,2.08,12589,United Kingdom
536770,22386,JUMBO BAG PINK POLKADOT,6,2011-10-19 09:58:00,2.08,12589,United Kingdom
536770,22457,NATURAL SLATE HEART CHALKBOARD,4,2011-10-19 09:58:00,2.95,12589,United Kingdom
536770,21977,PACK OF 60 PINK PAISLEY CAKE CASES,3,2011-10-19 09:58:00,0.55,12589,United Kingdom
536771,22720,SET OF 3 CAKE TINS PANTRY DESIGN,8,2011-04-25 13:50:00,4.95,12745,EIRE
536771,22423,REGENCY CAKESTAND 3 TIER,6,2011-04-25 13:50:00,12.75,12745,EIRE
536772,23166,MEDIUM CERAMIC TOP STORAGE JAR,8,2011-10-20 11:25:00,1.04,12583,United Kingdom
536772,22197,POPCORN HOLDER,2,2011-10-20 11:25:00,0.85,12583,United Kingdom
536772,85099B,JUMBO BAG RED RETROSPOT,2,2011-10-20 11:25:00,2.08,12583,United Kingdom
536772,85099C,JUMBO BAG BAROQUE BLACK WHITE,3,2011-10-20 11:25:00,2.08,12583,United Kingdom
536772,22386,JUMBO BAG PINK POLKADOT,6,2011-10-20 11:25:00,2.08,12583,United Kingdom
536773,22961,JAM MAKING SET PRINTED,12,2011-05-10 14:11:00,1.45,12462,United Kingdom
536773,22138,BAKING SET 9 PIECE RETROSPOT,6,2011-05-10 14:11:00,4.95,12462,United Kingdom
536773,85099B,JUMBO BAG RED RETROSPOT,12,2011-05-10 14:11:00,2.08,12462,United Kingdom
536773,84879,ASSORTED COLOUR BIRD ORNAMENT,8,2011-05-10 14:11:00,1.69,12462,United Kingdom
536774,22633,HAND WARMER UNION JACK,8,2011-03-05 08:38:00,1.85,12431,United Kingdom
536774,22632,HAND WARMER RED POLKA DOT,2,2011-03-05 08:38:00,1.85,12431,United Kingdom
536774,84029G,KNITTED UNION FLAG HOT WATER BOTTLE,2,2011-03-05 08:38:00,3.75,12431,United Kingdom
536775,22720,SET OF 3 CAKE TINS PANTRY DESIGN,3,2011-07-31 16:33:00,4.95,12378,United Kingdom
536775,22961,JAM MAKING SET PRINTED,2,2011-07-31 16:33:00,1.45,12378,United Kingdom
536775,84406B,CREAM CUPID HEARTS COAT HANGER,8,2011-07-31 16:33:00,4.15,12378,United Kingdom
536775,22752,SET 7 BABUSHKA NESTING BOXES,6,2011-07-31 16:33:00,7.65,12378,United Kingdom
536776,22961,JAM MAKING SET PRINTED,1,2011-04-06 12:58:00,1.45,12463,United Kingdom
536776,22960,JAM MAKING SET WITH JARS,6,2011-04-06 12:58:00,4.25,12463,United Kingdom
536777,22382,LUNCH BAG SPACEBOY DESIGN,3,2011-08-01 16:25:00,1.65,12512,Spain
536777,21730,GLASS STAR FROSTED T-LIGHT HOLDER,12,2011-08-01 16:25:00,4.25,12512,Spain
536777,47566,PARTY BUNTING,8,2011-08-01 16:25:00,4.95,12512,Spain
536777,22386,JUMBO BAG PINK POLKADOT,6,2011-08-01 16:25:00,2.08,12512,Spain
536778,21730,GLASS STAR FROSTED T-LIGHT HOLDER,1,2011-08-04 16:44:00,4.25,12523,United Kingdom
536778,22961,JAM MAKING SET PRINTED,1,2011-08-04 16:44:00,1.45,12523,United Kingdom
536778,22960,JAM MAKING SET WITH JARS,3,2011-08-04 16:44:00,4.25,12523,United Kingdom
536778,85099B,JUMBO BAG RED RETROSPOT,6,2011-08-04 16:44:00,2.08,12523,United Kingdom
536778,85099C,JUMBO BAG BAROQUE BLACK WHITE,6,2011-08-04 16:44:00,2.08,12523,United Kingdom
536778,22386,JUMBO BAG PINK POLKADOT,12,2011-08-04 16:44:00,2.08,12523,United Kingdom
536779,22197,POPCORN HOLDER,1,2010-12-05 16:18:00,0.85,12619,France
536779,22139,RETROSPOT TEA SET CERAMIC 11 PC,6,2010-12-05 16:18:00,4.95,12619,France
536779,22138,BAKING SET 9 PIECE RETROSPOT,4,2010-12-05 16:18:00,4.95,12619,France
536779,84029G,KNITTED UNION FLAG HOT WATER BOTTLE,8,2010-12-05 16:18:00,3.75,12619,France
536780,21034,REX CASH+CARRY JUMBO SHOPPER,6,2011-07-12 14:45:00,0.95,12633,United Kingdom
536780,84879,ASSORTED COLOUR BIRD ORNAMENT,2,2011-07-12 14:45:00,1.69,12633,United Kingdom
536780,84029G,KNITTED UNION FLAG HOT WATER BOTTLE,8,2011-07-12 14:45:00,3.75,12633,United Kingdom
536781,85123A,WHITE HANGING HEART T-LIGHT HOLDER,2,2011-04-02 17:18:00,2.95,12666,United Kingdom
536781,84406B,CREAM CUPID HEARTS COAT HANGER,3,2011-04-02 17:18:00,4.15,12666,United Kingdom
536781,22423,REGENCY CAKESTAND 3 TIER,3,2011-04-02 17:18:00,12.75,12666,United Kingdom
536781,22632,HAND WARMER RED POLKA DOT,6,2011-04-02 17:18:00,1.85,12666,United Kingdom
536782,85123A,WHITE HANGING HEART T-LIGHT HOLDER,3,2011-10-23 16:09:00,2.95,12402,Germany
536782,22086,PAPER CHAIN KIT 50'S CHRISTMAS,1,2011-10-23 16:09:00,2.55,12402,Germany
536782,47566,PARTY BUNTING,1,2011-10-23 16:09:00,4.95,12402,Germany
536782,22632,HAND WARMER RED POLKA DOT,3,2011-10-23 16:09:00,1.85,12402,Germany
536783,84406B,CREAM CUPID HEARTS COAT HANGER,3,2011-04-24 12:38:00,4.15,12398,Germany
536784,22720,SET OF 3 CAKE TINS PANTRY DESIGN,1,2011-08-10 11:51:00,4.95,12353,United Kingdom
536784,22423,REGENCY CAKESTAND 3 TIER,6,2011-08-10 11:51:00,12.75,12353,United Kingdom
536784,47566,PARTY BUNTING,2,2011-08-10 11:51:00,4.95,12353,United Kingdom
536784,22386,JUMBO BAG PINK POLKADOT,3,2011-08-10 11:51:00,2.08,12353,United Kingdom
536785,21212,PACK OF 72 RETROSPOT CAKE CASES,1,2011-04-16 14:34:00,0.55,12374,Spain
536785,84879,ASSORTED COLOUR BIRD ORNAMENT,2,2011-04-16 14:34:00,1.69,12374,Spain
536785,22423,REGENCY CAKESTAND 3 TIER,4,2011-04-16 14:34:00,12.75,12374,Spain
536785,21034,REX CASH+CARRY JUMBO SHOPPER,8,2011-04-16 14:34:00,0.95,12374,Spain
536785,21977,PACK OF 60 PINK PAISLEY CAKE CASES,12,2011-04-16 14:34:00,0.55,12374,Spain
536786,22960,JAM MAKING SET WITH JARS,6,2010-12-18 11:59:00,4.25,12472,United Kingdom
536786,21212,PACK OF 72 RETROSPOT CAKE CASES,3,2010-12-18 11:59:00,0.55,12472,United Kingdom
536786,84879,ASSORTED COLOUR BIRD ORNAMENT,1,2010-12-18 11:59:00,1.69,12472,United Kingdom
536786,22423,REGENCY CAKESTAND 3 TIER,2,2010-12-18 11:59:00,12.75,12472,United Kingdom
536786,85099C,JUMBO BAG BAROQUE BLACK WHITE,6,2010-12-18 11:59:00,2.08,12472,United Kingdom
536786,21977,PACK OF 60 PINK PAISLEY CAKE CASES,12,2010-12-18 11:59:00,0.55,12472,United Kingdom
536787,22752,SET 7 BABUSHKA NESTING BOXES,4,2011-05-02 11:53:00,7.65,12672,United Kingdom
536788,22457,NATURAL SLATE HEART CHALKBOARD,1,2011-07-11 13:30:00,2.95,12670,United Kingdom
536788,22752,SET 7 BABUSHKA NESTING BOXES,1,2011-07-11 13:30:00,7.65,12670,United Kingdom
536788,84879,ASSORTED COLOUR BIRD ORNAMENT,12,2011-07-11 13:30:00,1.69,12670,United Kingdom
536788,84029G,KNITTED UNION FLAG HOT WATER BOTTLE,3,2011-07-11 13:30:00,3.75,12670,United Kingdom
536789,22720,SET OF 3 CAKE TINS PANTRY DESIGN,1,2011-01-15 11:40:00,4.95,12536,France
536789,22086,PAPER CHAIN KIT 50'S CHRISTMAS,1,2011-01-15 11:40:00,2.55,12536,France
536789,21977,PACK OF 60 PINK PAISLEY CAKE CASES,6,2011-01-15 11:40:00,0.55,12536,France
536789,47566,PARTY BUNTING,3,2011-01-15 11:40:00,4.95,12536,France
536790,85123A,WHITE HANGING HEART T-LIGHT HOLDER,12,2011-09-01 09:38:00,2.95,12705,France
536790,22457,NATURAL SLATE HEART CHALKBOARD,4,2011-09-01 09:38:00,2.95,12705,France
536790,84406B,CREAM CUPID HEARTS COAT HANGER,1,2011-09-01 09:38:00,4.15,12705,France
536790,22138,BAKING SET 9 PIECE RETROSPOT,8,2011-09-01 09:38:00,4.95,12705,France
536791,22960,JAM MAKING SET WITH JARS,4,2011-02-07 13:27:00,4.25,12529,United Kingdom
536791,22423,REGENCY CAKESTAND 3 TIER,3,2011-02-07 13:27:00,12.75,12529,United Kingdom
536791,20725,LUNCH BAG RED RETROSPOT,6,2011-02-07 13:27:00,1.65,12529,United Kingdom
536791,22382,LUNCH BAG SPACEBOY DESIGN,6,2011-02-07 13:27:00,1.65,12529,United Kingdom
536791,22386,JUMBO BAG PINK POLKADOT,12,2011-02-07 13:27:00,2.08,12529,United Kingdom
536791,22720,SET OF 3 CAKE TINS PANTRY DESIGN,6,2011-02-07 13:27:00,4.95,12529,United Kingdom
536792,20727,LUNCH BAG BLACK SKULL,12,2011-09-10 10:34:00,1.65,12652,EIRE
536792,22382,LUNCH BAG SPACEBOY DESIGN,1,2011-09-10 10:34:00,1.65,12652,EIRE
536792,21212,PACK OF 72 RETROSPOT CAKE CASES,8,2011-09-10 10:34:00,0.55,12652,EIRE
536792,20725,LUNCH BAG RED RETROSPOT,3,2011-09-10 10:34:00,1.65,12652,EIRE
536793,22633,HAND WARMER UNION JACK,12,2011-10-14 14:19:00,1.85,12355,United Kingdom
536793,22632,HAND WARMER RED POLKA DOT,3,2011-10-14 14:19:00,1.85,12355,United Kingdom
536793,84029G,KNITTED UNION FLAG HOT WATER BOTTLE,6,2011-10-14 14:19:00,3.75,12355,United Kingdom
536793,84879,ASSORTED COLOUR BIRD ORNAMENT,6,2011-10-14 14:19:00,1.69,12355,United Kingdom
536793,20727,LUNCH BAG BLACK SKULL,8,2011-10-14 14:19:00,1.65,12355,United Kingdom
536793,21034,REX CASH+CARRY JUMBO SHOPPER,6,2011-10-14 14:19:00,0.95,12355,United Kingdom
536794,22961,JAM MAKING SET PRINTED,1,2011-01-19 17:12:00,1.45,12402,United Kingdom
536794,22960,JAM MAKING SET WITH JARS,4,2011-01-19 17:12:00,4.25,12402,United Kingdom
536794,22139,RETROSPOT TEA SET CERAMIC 11 PC,2,2011-01-19 17:12:00,4.95,12402,United Kingdom
536795,20727,LUNCH BAG BLACK SKULL,6,2011-03-09 09:32:00,1.65,12594,Netherlands
536795,22197,POPCORN HOLDER,1,2011-03-09 09:32:00,0.85,12594,Netherlands
536795,22386,JUMBO BAG PINK POLKADOT,6,2011-03-09 09:32:00,2.08,12594,Netherlands
536795,22139,RETROSPOT TEA SET CERAMIC 11 PC,4,2011-03-09 09:32:00,4.95,12594,Netherlands
536795,22138,BAKING SET 9 PIECE RETROSPOT,2,2011-03-09 09:32:00,4.95,12594,Netherlands
536796,85123A,WHITE HANGING HEART T-LIGHT HOLDER,8,2011-03-17 16:29:00,2.95,12352,United Kingdom
536796,71053,WHITE METAL LANTERN,6,2011-03-17 16:29:00,3.75,12352,United Kingdom
536796,21730,GLASS STAR FROSTED T-LIGHT HOLDER,1,2011-03-17 16:29:00,4.25,12352,United Kingdom
536796,22382,LUNCH BAG SPACEBOY DESIGN,6,2011-03-17 16:29:00,1.65,12352,United Kingdom
536796,23084,RABBIT NIGHT LIGHT,1,2011-03-17 16:29:00,2.08,12352,United Kingdom
536797,22752,SET 7 BABUSHKA NESTING BOXES,4,2011-01-06 12:34:00,7.65,12721,United Kingdom
536798,22382,LUNCH BAG SPACEBOY DESIGN,8,2011-06-16 11:42:00,1.65,12618,EIRE
536798,22086,PAPER CHAIN KIT 50'S CHRISTMAS,2,2011-06-16 11:42:00,2.55,12618,EIRE
536798,47566,PARTY BUNTING,6,2011-06-16 11:42:00,4.95,12618,EIRE
536799,22961,JAM MAKING SET PRINTED,3,2011-07-23 15:26:00,1.45,12691,United Kingdom
536799,22960,JAM MAKING SET WITH JARS,12,2011-07-23 15:26:00,4.25,12691,United Kingdom
536799,22086,PAPER CHAIN KIT 50'S CHRISTMAS,6,2011-07-23 15:26:00,2.55,12691,United Kingdom
536799,84879,ASSORTED COLOUR BIRD ORNAMENT,6,2011-07-23 15:26:00,1.69,12691,United Kingdom
536799,20727,LUNCH BAG BLACK SKULL,6,2011-07-23 15:26:00,1.65,12691,United Kingdom
536799,85099C,JUMBO BAG BAROQUE BLACK WHITE,6,2011-07-23 15:26:00,2.08,12691,United Kingdom
536800,22632,HAND WARMER RED POLKA DOT,6,2011-10-21 15:22:00,1.85,12557,United Kingdom
536800,22086,PAPER CHAIN KIT 50'S CHRISTMAS,6,2011-10-21 15:22:00,2.55,12557,United Kingdom
536800,84879,ASSORTED COLOUR BIRD ORNAMENT,12,2011-10-21 15:22:00,1.69,12557,United Kingdom
536800,47566,PARTY BUNTING,12,2011-10-21 15:22:00,4.95,12557,United Kingdom
536800,22382,LUNCH BAG SPACEBOY DESIGN,8,2011-10-21 15:22:00,1.65,12557,United Kingdom
536800,22720,SET OF 3 CAKE TINS PANTRY DESIGN,1,2011-10-21 15:22:00,4.95,12557,United Kingdom
536801,20727,LUNCH BAG BLACK SKULL,6,2010-12-18 13:08:00,1.65,12717,United Kingdom
536801,22382,LUNCH BAG SPACEBOY DESIGN,4,2010-12-18 13:08:00,1.65,12717,United Kingdom
536801,20725,LUNCH BAG RED RETROSPOT,4,2010-12-18 13:08:00,1.65,12717,United Kingdom
536802,71053,WHITE METAL LANTERN,6,2010-12-12 13:28:00,3.75,12507,Spain
536802,22752,SET 7 BABUSHKA NESTING BOXES,3,2010-12-12 13:28:00,7.65,12507,Spain
536802,21730,GLASS STAR FROSTED T-LIGHT HOLDER,3,2010-12-12 13:28:00,4.25,12507,Spain
536802,22086,PAPER CHAIN KIT 50'S CHRISTMAS,6,2010-12-12 13:28:00,2.55,12507,Spain
536802,47566,PARTY BUNTING,6,2010-12-12 13:28:00,4.95,12507,Spain
536803,84406B,CREAM CUPID HEARTS COAT HANGER,6,2011-04-07 11:46:00,4.15,12644,United Kingdom
536803,22632,HAND WARMER RED POLKA DOT,12,2011-04-07 11:46:00,1.85,12644,United Kingdom
536803,23084,RABBIT NIGHT LIGHT,3,2011-04-07 11:46:00,2.08,12644,United Kingdom
536803,22139,RETROSPOT TEA SET CERAMIC 11 PC,12,2011-04-07 11:46:00,4.95,12644,United Kingdom
536803,22138,BAKING SET 9 PIECE RETROSPOT,2,2011-04-07 11:46:00,4.95,12644,United Kingdom
536803,21977,PACK OF 60 PINK PAISLEY CAKE CASES,6,2011-04-07 11:46:00,0.55,12644,United Kingdom
536804,21212,PACK OF 72 RETROSPOT CAKE CASES,8,2011-09-22 14:35:00,0.55,12365,United Kingdom
536804,22138,BAKING SET 9 PIECE RETROSPOT,8,2011-09-22 14:35:00,4.95,12365,United Kingdom
536805,22139,RETROSPOT TEA SET CERAMIC 11 PC,6,2011-03-27 18:29:00,4.95,12407,United Kingdom
536805,22138,BAKING SET 9 PIECE RETROSPOT,1,2011-03-27 18:29:00,4.95,12407,United Kingdom
536806,71053,WHITE METAL LANTERN,8,2011-09-03 17:39:00,3.75,12509,United Kingdom
536806,21977,PACK OF 60 PINK PAISLEY CAKE CASES,12,2011-09-03 17:39:00,0.55,12509,United Kingdom
536806,21212,PACK OF 72 RETROSPOT CAKE CASES,2,2011-09-03 17:39:00,0.55,12509,United Kingdom
536806,22423,REGENCY CAKESTAND 3 TIER,4,2011-09-03 17:39:00,12.75,12509,United Kingdom
536807,71053,WHITE METAL LANTERN,6,2011-04-28 14:39:00,3.75,12567,United Kingdom
536807,84879,ASSORTED COLOUR BIRD ORNAMENT,2,2011-04-28 14:39:00,1.69,12567,United Kingdom
536807,22423,REGENCY CAKESTAND 3 TIER,8,2011-04-28 14:39:00,12.75,12567,United Kingdom
536807,22382,LUNCH BAG SPACEBOY DESIGN,8,2011-04-28 14:39:00,1.65,12567,United Kingdom
536807,23084,RABBIT NIGHT LIGHT,3,2011-04-28 14:39:00,2.08,12567,United Kingdom
536807,22720,SET OF 3 CAKE TINS PANTRY DESIGN,3,2011-04-28 14:39:00,4.95,12567,United Kingdom
536808,84029G,KNITTED UNION FLAG HOT WATER BOTTLE,4,2011-09-13 12:01:00,3.75,12592,United Kingdom
536808,21212,PACK OF 72 RETROSPOT CAKE CASES,2,2011-09-13 12:01:00,0.55,12592,United Kingdom
536808,22423,REGENCY CAKESTAND 3 TIER,6,2011-09-13 12:01:00,12.75,12592,United Kingdom
536808,20727,LUNCH BAG BLACK SKULL,8,2011-09-13 12:01:00,1.65,12592,United Kingdom
536808,22197,POPCORN HOLDER,6,2011-09-13 12:01:00,0.85,12592,United Kingdom
536808,23084,RABBIT NIGHT LIGHT,2,2011-09-13 12:01:00,2.08,12592,United Kingdom
536808,21977,PACK OF 60 PINK PAISLEY CAKE CASES,2,2011-09-13 12:01:00,0.55,12592,United Kingdom
536809,85123A,WHITE HANGING HEART T-LIGHT HOLDER,3,2011-06-30 14:53:00,2.95,12689,United Kingdom
536809,22960,JAM MAKING SET WITH JARS,6,2011-06-30 14:53:00,4.25,12689,United Kingdom
536809,85099B,JUMBO BAG RED RETROSPOT,12,2011-06-30 14:53:00,2.08,12689,United Kingdom
536809,85099C,JUMBO BAG BAROQUE BLACK WHITE,3,2011-06-30 14:53:00,2.08,12689,United Kingdom
536809,22386,JUMBO BAG PINK POLKADOT,12,2011-06-30 14:53:00,2.08,12689,United Kingdom
536809,22720,SET OF 3 CAKE TINS PANTRY DESIGN,1,2011-06-30 14:53:00,4.95,12689,United Kingdom
536810,85123A,WHITE HANGING HEART T-LIGHT HOLDER,3,2011-03-13 13:39:00,2.95,12465,United Kingdom
536810,71053,WHITE METAL LANTERN,6,2011-03-13 13:39:00,3.75,12465,United Kingdom
536810,22197,POPCORN HOLDER,1,2011-03-13 13:39:00,0.85,12465,United Kingdom
536810,21730,GLASS STAR FROSTED T-LIGHT HOLDER,6,2011-03-13 13:39:00,4.25,12465,United Kingdom
536811,22632,HAND WARMER RED POLKA DOT,6,2011-01-26 12:58:00,1.85,12701,France
536811,21212,PACK OF 72 RETROSPOT CAKE CASES,12,2011-01-26 12:58:00,0.55,12701,France
536811,22423,REGENCY CAKESTAND 3 TIER,3,2011-01-26 12:58:00,12.75,12701,France
536811,20727,LUNCH BAG BLACK SKULL,1,2011-01-26 12:58:00,1.65,12701,France
536811,22382,LUNCH BAG SPACEBOY DESIGN,8,2011-01-26 12:58:00,1.65,12701,France
536811,21977,PACK OF 60 PINK PAISLEY CAKE CASES,1,2011-01-26 12:58:00,0.55,12701,France
536812,22961,JAM MAKING SET PRINTED,1,2011-02-26 08:48:00,1.45,12476,United Kingdom
536812,71053,WHITE METAL LANTERN,2,2011-02-26 08:48:00,3.75,12476,United Kingdom
536812,85099B,JUMBO BAG RED RETROSPOT,8,2011-02-26 08:48:00,2.08,12476,United Kingdom
536812,47566,PARTY BUNTING,6,2011-02-26 08:48:00,4.95,12476,United Kingdom
536813,22139,RETROSPOT TEA SET CERAMIC 11 PC,2,2011-11-03 14:25:00,4.95,12685,United Kingdom
536813,22138,BAKING SET 9 PIECE RETROSPOT,6,2011-11-03 14:25:00,4.95,12685,United Kingdom
536813,84879,ASSORTED COLOUR BIRD ORNAMENT,12,2011-11-03 14:25:00,1.69,12685,United Kingdom
536814,85123A,WHITE HANGING HEART T-LIGHT HOLDER,4,2011-08-30 09:41:00,2.95,12651,United Kingdom
536814,71053,WHITE METAL LANTERN,6,2011-08-30 09:41:00,3.75,12651,United Kingdom
536814,22423,REGENCY CAKESTAND 3 TIER,6,2011-08-30 09:41:00,12.75,12651,United Kingdom
536814,22386,JUMBO BAG PINK POLKADOT,12,2011-08-30 09:41:00,2.08,12651,United Kingdom
536814,22720,SET OF 3 CAKE TINS PANTRY DESIGN,8,2011-08-30 09:41:00,4.95,12651,United Kingdom
536814,21977,PACK OF 60 PINK PAISLEY CAKE CASES,3,2011-08-30 09:41:00,0.55,12651,United Kingdom
536815,85123A,WHITE HANGING HEART T-LIGHT HOLDER,6,2011-05-27 13:52:00,2.95,12355,United Kingdom
536815,22457,NATURAL SLATE HEART CHALKBOARD,8,2011-05-27 13:52:00,2.95,12355,United Kingdom
536815,84406B,CREAM CUPID HEARTS COAT HANGER,1,2011-05-27 13:52:00,4.15,12355,United Kingdom
536815,71053,WHITE METAL LANTERN,6,2011-05-27 13:52:00,3.75,12355,United Kingdom
536816,22633,HAND WARMER UNION JACK,4,2011-02-16 14:27:00,1.85,12461,United Kingdom
536816,22632,HAND WARMER RED POLKA DOT,8,2011-02-16 14:27:00,1.85,12461,United Kingdom
536816,84029G,KNITTED UNION FLAG HOT WATER BOTTLE,4,2011-02-16 14:27:00,3.75,12461,United Kingdom
536816,20727,LUNCH BAG BLACK SKULL,3,2011-02-16 14:27:00,1.65,12461,United Kingdom
536816,22197,POPCORN HOLDER,8,2011-02-16 14:27:00,0.85,12461,United Kingdom
536816,85099C,JUMBO BAG BAROQUE BLACK WHITE,6,2011-02-16 14:27:00,2.08,12461,United Kingdom
536817,22632,HAND WARMER RED POLKA DOT,3,2011-05-18 16:04:00,1.85,12655,United Kingdom
536817,22961,JAM MAKING SET PRINTED,6,2011-05-18 16:04:00,1.45,12655,United Kingdom
536817,22960,JAM MAKING SET WITH JARS,3,2011-05-18 16:04:00,4.25,12655,United Kingdom
536817,22382,LUNCH BAG SPACEBOY DESIGN,8,2011-05-18 16:04:00,1.65,12655,United Kingdom
536817,85099C,JUMBO BAG BAROQUE BLACK WHITE,3,2011-05-18 16:04:00,2.08,12655,United Kingdom
536817,22457,NATURAL SLATE HEART CHALKBOARD,3,2011-05-18 16:04:00,2.95,12655,United Kingdom
536818,22961,JAM MAKING SET PRINTED,6,2011-01-04 17:04:00,1.45,12508,United Kingdom
536818,22960,JAM MAKING SET WITH JARS,8,2011-01-04 17:04:00,4.25,12508,United Kingdom
536819,21977,PACK OF 60 PINK PAISLEY CAKE CASES,3,2011-05-05 16:17:00,0.55,12556,United Kingdom
536819,21212,PACK OF 72 RETROSPOT CAKE CASES,3,2011-05-05 16:17:00,0.55,12556,United Kingdom
536819,22423,REGENCY CAKESTAND 3 TIER,1,2011-05-05 16:17:00,12.75,12556,United Kingdom
536820,22086,PAPER CHAIN KIT 50'S CHRISTMAS,1,2011-10-10 17:47:00,2.55,12736,Netherlands
536820,47566,PARTY BUNTING,6,2011-10-10 17:47:00,4.95,12736,Netherlands
536820,84029G,KNITTED UNION FLAG HOT WATER BOTTLE,2,2011-10-10 17:47:00,3.75,12736,Netherlands
536821,22139,RETROSPOT TEA SET CERAMIC 11 PC,8,2011-08-02 11:02:00,4.95,12698,France
536821,22633,HAND WARMER UNION JACK,12,2011-08-02 11:02:00,1.85,12698,France
536822,85123A,WHITE HANGING HEART T-LIGHT HOLDER,4,2011-02-09 10:42:00,2.95,12588,United Kingdom
536822,71053,WHITE METAL LANTERN,4,2011-02-09 10:42:00,3.75,12588,United Kingdom
536822,21730,GLASS STAR FROSTED T-LIGHT HOLDER,2,2011-02-09 10:42:00,4.25,12588,United Kingdom
536822,84029G,KNITTED UNION FLAG HOT WATER BOTTLE,3,2011-02-09 10:42:00,3.75,12588,United Kingdom
536822,22423,REGENCY CAKESTAND 3 TIER,12,2011-02-09 10:42:00,12.75,12588,United Kingdom
536823,22720,SET OF 3 CAKE TINS PANTRY DESIGN,8,2011-08-08 14:25:00,4.95,12661,Germany
536823,71053,WHITE METAL LANTERN,6,2011-08-08 14:25:00,3.75,12661,Germany
536823,84879,ASSORTED COLOUR BIRD ORNAMENT,8,2011-08-08 14:25:00,1.69,12661,Germany
536824,85123A,WHITE HANGING HEART T-LIGHT HOLDER,1,2011-09-19 18:04:00,2.95,12659,EIRE
536824,71053,WHITE METAL LANTERN,4,2011-09-19 18:04:00,3.75,12659,EIRE
536824,22752,SET 7 BABUSHKA NESTING BOXES,8,2011-09-19 18:04:00,7.65,12659,EIRE
536824,21730,GLASS STAR FROSTED T-LIGHT HOLDER,1,2011-09-19 18:04:00,4.25,12659,EIRE
536824,47566,PARTY BUNTING,8,2011-09-19 18:04:00,4.95,12659,EIRE
536824,21034,REX CASH+CARRY JUMBO SHOPPER,1,2011-09-19 18:04:00,0.95,12659,EIRE
536825,22633,HAND WARMER UNION JACK,8,2011-04-29 15:55:00,1.85,12443,United Kingdom
536825,47566,PARTY BUNTING,6,2011-04-29 15:55:00,4.95,12443,United Kingdom
536826,22720,SET OF 3 CAKE TINS PANTRY DESIGN,2,2010-12-28 17:27:00,4.95,12659,United Kingdom
536826,22423,REGENCY CAKESTAND 3 TIER,3,2010-12-28 17:27:00,12.75,12659,United Kingdom
536827,22720,SET OF 3 CAKE TINS PANTRY DESIGN,3,2011-09-26 16:38:00,4.95,12744,United Kingdom
536827,22423,REGENCY CAKESTAND 3 TIER,12,2011-09-26 16:38:00,12.75,12744,United Kingdom
536828,85099B,JUMBO BAG RED RETROSPOT,2,2011-11-30 12:26:00,2.08,12648,Germany
536828,85099C,JUMBO BAG BAROQUE BLACK WHITE,2,2011-11-30 12:26:00,2.08,12648,Germany
536828,22386,JUMBO BAG PINK POLKADOT,2,2011-11-30 12:26:00,2.08,12648,Germany
536829,22382,LUNCH BAG SPACEBOY DESIGN,8,2011-07-19 13:35:00,1.65,12707,EIRE
536829,22197,POPCORN HOLDER,1,2011-07-19 13:35:00,0.85,12707,EIRE
536829,84879,ASSORTED COLOUR BIRD ORNAMENT,3,2011-07-19 13:35:00,1.69,12707,EIRE
536829,22633,HAND WARMER UNION JACK,6,2011-07-19 13:35:00,1.85,12707,EIRE
536830,85123A,WHITE HANGING HEART T-LIGHT HOLDER,12,2011-11-03 10:40:00,2.95,12635,United Kingdom
536830,71053,WHITE METAL LANTERN,6,2011-11-03 10:40:00,3.75,12635,United Kingdom
536830,21730,GLASS STAR FROSTED T-LIGHT HOLDER,3,2011-11-03 10:40:00,4.25,12635,United Kingdom
536830,22960,JAM MAKING SET WITH JARS,2,2011-11-03 10:40:00,4.25,12635,United Kingdom
536830,23084,RABBIT NIGHT LIGHT,3,2011-11-03 10:40:00,2.08,12635,United Kingdom
536831,85123A,WHITE HANGING HEART T-LIGHT HOLDER,12,2010-12-02 18:18:00,2.95,12449,United Kingdom
536831,22423,REGENCY CAKESTAND 3 TIER,4,2010-12-02 18:18:00,12.75,12449,United Kingdom
536831,22382,LUNCH BAG SPACEBOY DESIGN,4,2010-12-02 18:18:00,1.65,12449,United Kingdom
536831,22720,SET OF 3 CAKE TINS PANTRY DESIGN,12,2010-12-02 18:18:00,4.95,12449,United Kingdom
536831,22457,NATURAL SLATE HEART CHALKBOARD,12,2010-12-02 18:18:00,2.95,12449,United Kingdom
536832,85123A,WHITE HANGING HEART T-LIGHT HOLDER,4,2011-07-15 10:08:00,2.95,12555,United Kingdom
536832,84406B,CREAM CUPID HEARTS COAT HANGER,1,2011-07-15 10:08:00,4.15,12555,United Kingdom
536832,22197,POPCORN HOLDER,3,2011-07-15 10:08:00,0.85,12555,United Kingdom
536832,85099B,JUMBO BAG RED RETROSPOT,3,2011-07-15 10:08:00,2.08,12555,United Kingdom
536833,22086,PAPER CHAIN KIT 50'S CHRISTMAS,2,2011-10-31 13:32:00,2.55,12374,United Kingdom
536833,22960,JAM MAKING SET WITH JARS,1,2011-10-31 13:32:00,4.25,12374,United Kingdom
536833,21034,REX CASH+CARRY JUMBO SHOPPER,2,2011-10-31 13:32:00,0.95,12374,United Kingdom
536833,22197,POPCORN HOLDER,8,2011-10-31 13:32:00,0.85,12374,United Kingdom
536834,47566,PARTY BUNTING,6,2011-02-21 13:09:00,4.95,12437,Netherlands
536835,22720,SET OF 3 CAKE TINS PANTRY DESIGN,8,2011-01-17 12:50:00,4.95,12364,United Kingdom
536836,20727,LUNCH BAG BLACK SKULL,4,2011-01-03 13:00:00,1.65,12627,United Kingdom
536836,22382,LUNCH BAG SPACEBOY DESIGN,4,2011-01-03 13:00:00,1.65,12627,United Kingdom
536836,22423,REGENCY CAKESTAND 3 TIER,1,2011-01-03 13:00:00,12.75,12627,United Kingdom
536836,20725,LUNCH BAG RED RETROSPOT,2,2011-01-03 13:00:00,1.65,12627,United Kingdom
536837,22457,NATURAL SLATE HEART CHALKBOARD,8,2011-10-19 16:35:00,2.95,12638,France
536837,21977,PACK OF 60 PINK PAISLEY CAKE CASES,6,2011-10-19 16:35:00,0.55,12638,France
536837,22386,JUMBO BAG PINK POLKADOT,6,2011-10-19 16:35:00,2.08,12638,France
536837,22960,JAM MAKING SET WITH JARS,6,2011-10-19 16:35:00,4.25,12638,France
536838,22457,NATURAL SLATE HEART CHALKBOARD,4,2011-10-11 18:01:00,2.95,12412,EIRE
536838,22633,HAND WARMER UNION JACK,6,2011-10-11 18:01:00,1.85,12412,EIRE
536838,20725,LUNCH BAG RED RETROSPOT,4,2011-10-11 18:01:00,1.65,12412,EIRE
536839,22457,NATURAL SLATE HEART CHALKBOARD,8,2011-01-30 08:59:00,2.95,12346,United Kingdom
536840,85123A,WHITE HANGING HEART T-LIGHT HOLDER,4,2010-12-24 13:52:00,2.95,12557,Spain
536841,85123A,WHITE HANGING HEART T-LIGHT HOLDER,6,2011-04-24 13:20:00,2.95,12699,United Kingdom
536841,84406B,CREAM CUPID HEARTS COAT HANGER,6,2011-04-24 13:20:00,4.15,12699,United Kingdom
536841,22752,SET 7 BABUSHKA NESTING BOXES,8,2011-04-24 13:20:00,7.65,12699,United Kingdom
536841,22086,PAPER CHAIN KIT 50'S CHRISTMAS,1,2011-04-24 13:20:00,2.55,12699,United Kingdom
536841,22720,SET OF 3 CAKE TINS PANTRY DESIGN,3,2011-04-24 13:20:00,4.95,12699,United Kingdom
536842,85099B,JUMBO BAG RED RETROSPOT,3,2011-05-19 14:29:00,2.08,12445,France
536843,22457,NATURAL SLATE HEART CHALKBOARD,1,2011-02-18 16:27:00,2.95,12592,Spain
536843,21034,REX CASH+CARRY JUMBO SHOPPER,6,2011-02-18 16:27:00,0.95,12592,Spain
536843,22423,REGENCY CAKESTAND 3 TIER,6,2011-02-18 16:27:00,12.75,12592,Spain
536844,85099B,JUMBO BAG RED RETROSPOT,3,2011-09-01 08:43:00,2.08,12630,Netherlands
536844,85099C,JUMBO BAG BAROQUE BLACK WHITE,6,2011-09-01 08:43:00,2.08,12630,Netherlands
536844,22386,JUMBO BAG PINK POLKADOT,1,2011-09-01 08:43:00,2.08,12630,Netherlands
536845,22197,POPCORN HOLDER,2,2011-06-11 17:23:00,0.85,12519,United Kingdom
536845,22139,RETROSPOT TEA SET CERAMIC 11 PC,6,2011-06-11 17:23:00,4.95,12519,United Kingdom
536845,22138,BAKING SET 9 PIECE RETROSPOT,6,2011-06-11 17:23:00,4.95,12519,United Kingdom
536846,21212,PACK OF 72 RETROSPOT CAKE CASES,6,2010-12-17 12:56:00,0.55,12709,United Kingdom
536846,22423,REGENCY CAKESTAND 3 TIER,4,2010-12-17 12:56:00,12.75,12709,United Kingdom
536846,47566,PARTY BUNTING,6,2010-12-17 12:56:00,4.95,12709,United Kingdom
536846,21034,REX CASH+CARRY JUMBO SHOPPER,3,2010-12-17 12:56:00,0.95,12709,United Kingdom
536846,21977,PACK OF 60 PINK PAISLEY CAKE CASES,2,2010-12-17 12:56:00,0.55,12709,United Kingdom
536847,85123A,WHITE HANGING HEART T-LIGHT HOLDER,4,2010-12-20 12:28:00,2.95,12537,United Kingdom
536847,71053,WHITE METAL LANTERN,6,2010-12-20 12:28:00,3.75,12537,United Kingdom
536847,21730,GLASS STAR FROSTED T-LIGHT HOLDER,12,2010-12-20 12:28:00,4.25,12537,United Kingdom
536847,20727,LUNCH BAG BLACK SKULL,6,2010-12-20 12:28:00,1.65,12537,United Kingdom
536847,22138,BAKING SET 9 PIECE RETROSPOT,6,2010-12-20 12:28:00,4.95,12537,United Kingdom
536848,85123A,WHITE HANGING HEART T-LIGHT HOLDER,2,2011-01-20 17:13:00,2.95,12419,United Kingdom
536848,71053,WHITE METAL LANTERN,1,2011-01-20 17:13:00,3.75,12419,United Kingdom
536848,21730,GLASS STAR FROSTED T-LIGHT HOLDER,6,2011-01-20 17:13:00,4.25,12419,United Kingdom
536848,84879,ASSORTED COLOUR BIRD ORNAMENT,1,2011-01-20 17:13:00,1.69,12419,United Kingdom
536848,22386,JUMBO BAG PINK POLKADOT,2,2011-01-20 17:13:00,2.08,12419,United Kingdom
536848,22139,RETROSPOT TEA SET CERAMIC 11 PC,6,2011-01-20 17:13:00,4.95,12419,United Kingdom
536849,20727,LUNCH BAG BLACK SKULL,4,2010-12-24 10:03:00,1.65,12585,United Kingdom
536849,22382,LUNCH BAG SPACEBOY DESIGN,4,2010-12-24 10:03:00,1.65,12585,United Kingdom
536849,22086,PAPER CHAIN KIT 50'S CHRISTMAS,6,2010-12-24 10:03:00,2.55,12585,United Kingdom
536849,20725,LUNCH BAG RED RETROSPOT,6,2010-12-24 10:03:00,1.65,12585,United Kingdom
536850,22961,JAM MAKING SET PRINTED,2,2011-05-13 16:12:00,1.45,12618,United Kingdom
536850,22960,JAM MAKING SET WITH JARS,4,2011-05-13 16:12:00,4.25,12618,United Kingdom
536850,22752,SET 7 BABUSHKA NESTING BOXES,6,2011-05-13 16:12:00,7.65,12618,United Kingdom
536850,85123A,WHITE HANGING HEART T-LIGHT HOLDER,6,2011-05-13 16:12:00,2.95,12618,United Kingdom
536851,22086,PAPER CHAIN KIT 50'S CHRISTMAS,1,2011-02-11 13:06:00,2.55,12484,United Kingdom
536851,47566,PARTY BUNTING,3,2011-02-11 13:06:00,4.95,12484,United Kingdom
536851,20725,LUNCH BAG RED RETROSPOT,1,2011-02-11 13:06:00,1.65,12484,United Kingdom
536851,20727,LUNCH BAG BLACK SKULL,12,2011-02-11 13:06:00,1.65,12484,United Kingdom
536851,22382,LUNCH BAG SPACEBOY DESIGN,1,2011-02-11 13:06:00,1.65,12484,United Kingdom
536851,22138,BAKING SET 9 PIECE RETROSPOT,2,2011-02-11 13:06:00,4.95,12484,United Kingdom
536852,22086,PAPER CHAIN KIT 50'S CHRISTMAS,12,2010-12-28 09:57:00,2.55,12542,United Kingdom
536852,47566,PARTY BUNTING,6,2010-12-28 09:57:00,4.95,12542,United Kingdom
536852,85099B,JUMBO BAG RED RETROSPOT,6,2010-12-28 09:57:00,2.08,12542,United Kingdom
536852,22386,JUMBO BAG PINK POLKADOT,6,2010-12-28 09:57:00,2.08,12542,United Kingdom
536852,21034,REX CASH+CARRY JUMBO SHOPPER,4,2010-12-28 09:57:00,0.95,12542,United Kingdom
536853,22752,SET 7 BABUSHKA NESTING BOXES,12,2011-11-09 16:35:00,7.65,12711,Germany
536853,22633,HAND WARMER UNION JACK,12,2011-11-09 16:35:00,1.85,12711,Germany
536853,22632,HAND WARMER RED POLKA DOT,4,2011-11-09 16:35:00,1.85,12711,Germany
536853,84029G,KNITTED UNION FLAG HOT WATER BOTTLE,4,2011-11-09 16:35:00,3.75,12711,Germany
536853,22960,JAM MAKING SET WITH JARS,3,2011-11-09 16:35:00,4.25,12711,Germany
536853,47566,PARTY BUNTING,6,2011-11-09 16:35:00,4.95,12711,Germany
536854,47566,PARTY BUNTING,1,2011-06-19 11:14:00,4.95,12532,United Kingdom
536854,20725,LUNCH BAG RED RETROSPOT,2,2011-06-19 11:14:00,1.65,12532,United Kingdom
536855,22720,SET OF 3 CAKE TINS PANTRY DESIGN,3,2011-01-27 14:00:00,4.95,12589,Germany
536855,21212,PACK OF 72 RETROSPOT CAKE CASES,2,2011-01-27 14:00:00,0.55,12589,Germany
536856,23166,MEDIUM CERAMIC TOP STORAGE JAR,4,2011-01-24 14:05:00,1.04,12553,United Kingdom
536856,84879,ASSORTED COLOUR BIRD ORNAMENT,4,2011-01-24 14:05:00,1.69,12553,United Kingdom
536856,22423,REGENCY CAKESTAND 3 TIER,3,2011-01-24 14:05:00,12.75,12553,United Kingdom
536856,47566,PARTY BUNTING,12,2011-01-24 14:05:00,4.95,12553,United Kingdom
536857,22086,PAPER CHAIN KIT 50'S CHRISTMAS,4,2011-01-03 13:43:00,2.55,12542,Netherlands
536857,22382,LUNCH BAG SPACEBOY DESIGN,3,2011-01-03 13:43:00,1.65,12542,Netherlands
536857,22386,JUMBO BAG PINK POLKADOT,2,2011-01-03 13:43:00,2.08,12542,Netherlands
536857,22457,NATURAL SLATE HEART CHALKBOARD,12,2011-01-03 13:43:00,2.95,12542,Netherlands
536857,22139,RETROSPOT TEA SET CERAMIC 11 PC,2,2011-01-03 13:43:00,4.95,12542,Netherlands
536857,22138,BAKING SET 9 PIECE RETROSPOT,12,2011-01-03 13:43:00,4.95,12542,Netherlands
536858,22139,RETROSPOT TEA SET CERAMIC 11 PC,2,2011-09-11 10:22:00,4.95,12512,Germany
536858,22138,BAKING SET 9 PIECE RETROSPOT,8,2011-09-11 10:22:00,4.95,12512,Germany
536859,22720,SET OF 3 CAKE TINS PANTRY DESIGN,1,2011-08-11 08:35:00,4.95,12513,United Kingdom
536859,22457,NATURAL SLATE HEART CHALKBOARD,3,2011-08-11 08:35:00,2.95,12513,United Kingdom
536859,22138,BAKING SET 9 PIECE RETROSPOT,3,2011-08-11 08:35:00,4.95,12513,United Kingdom
536859,85099B,JUMBO BAG RED RETROSPOT,12,2011-08-11 08:35:00,2.08,12513,United Kingdom
536860,22960,JAM MAKING SET WITH JARS,6,2011-04-29 15:09:00,4.25,12618,Netherlands
536860,21212,PACK OF 72 RETROSPOT CAKE CASES,8,2011-04-29 15:09:00,0.55,12618,Netherlands
536860,22423,REGENCY CAKESTAND 3 TIER,6,2011-04-29 15:09:00,12.75,12618,Netherlands
536860,23166,MEDIUM CERAMIC TOP STORAGE JAR,2,2011-04-29 15:09:00,1.04,12618,Netherlands
536860,21977,PACK OF 60 PINK PAISLEY CAKE CASES,1,2011-04-29 15:09:00,0.55,12618,Netherlands
536861,21212,PACK OF 72 RETROSPOT CAKE CASES,1,2011-08-19 15:24:00,0.55,12659,United Kingdom
536862,20727,LUNCH BAG BLACK SKULL,4,2011-11-26 17:22:00,1.65,12346,United Kingdom
536862,22382,LUNCH BAG SPACEBOY DESIGN,8,2011-11-26 17:22:00,1.65,12346,United Kingdom
536862,20725,LUNCH BAG RED RETROSPOT,8,2011-11-26 17:22:00,1.65,12346,United Kingdom
536863,21977,PACK OF 60 PINK PAISLEY CAKE CASES,3,2011-05-12 14:55:00,0.55,12666,United Kingdom
536863,21212,PACK OF 72 RETROSPOT CAKE CASES,4,2011-05-12 14:55:00,0.55,12666,United Kingdom
536863,22423,REGENCY CAKESTAND 3 TIER,8,2011-05-12 14:55:00,12.75,12666,United Kingdom
536863,20725,LUNCH BAG RED RETROSPOT,6,2011-05-12 14:55:00,1.65,12666,United Kingdom
536864,22633,HAND WARMER UNION JACK,3,2011-02-17 13:25:00,1.85,12559,United Kingdom
536864,22632,HAND WARMER RED POLKA DOT,12,2011-02-17 13:25:00,1.85,12559,United Kingdom
536864,84029G,KNITTED UNION FLAG HOT WATER BOTTLE,8,2011-02-17 13:25:00,3.75,12559,United Kingdom
536865,22633,HAND WARMER UNION JACK,12,2011-01-13 11:11:00,1.85,12415,United Kingdom
536865,22423,REGENCY CAKESTAND 3 TIER,8,2011-01-13 11:11:00,12.75,12415,United Kingdom
536865,22197,POPCORN HOLDER,12,2011-01-13 11:11:00,0.85,12415,United Kingdom
536865,21977,PACK OF 60 PINK PAISLEY CAKE CASES,8,2011-01-13 11:11:00,0.55,12415,United Kingdom
536866,22961,JAM MAKING SET PRINTED,6,2011-03-26 10:57:00,1.45,12527,United Kingdom
536866,21212,PACK OF 72 RETROSPOT CAKE CASES,1,2011-03-26 10:57:00,0.55,12527,United Kingdom
536866,22423,REGENCY CAKESTAND 3 TIER,1,2011-03-26 10:57:00,12.75,12527,United Kingdom
536866,22382,LUNCH BAG SPACEBOY DESIGN,12,2011-03-26 10:57:00,1.65,12527,United Kingdom
536866,21977,PACK OF 60 PINK PAISLEY CAKE CASES,6,2011-03-26 10:57:00,0.55,12527,United Kingdom
536867,85123A,WHITE HANGING HEART T-LIGHT HOLDER,2,2011-09-24 16:14:00,2.95,12403,United Kingdom
536867,20727,LUNCH BAG BLACK SKULL,2,2011-09-24 16:14:00,1.65,12403,United Kingdom
536867,84406B,CREAM CUPID HEARTS COAT HANGER,4,2011-09-24 16:14:00,4.15,12403,United Kingdom
536867,47566,PARTY BUNTING,12,2011-09-24 16:14:00,4.95,12403,United Kingdom
536868,71053,WHITE METAL LANTERN,6,2011-11-05 10:13:00,3.75,12668,Spain
536868,22197,POPCORN HOLDER,1,2011-11-05 10:13:00,0.85,12668,Spain
536869,22960,JAM MAKING SET WITH JARS,6,2011-07-21 17:27:00,4.25,12586,France
536869,21212,PACK OF 72 RETROSPOT CAKE CASES,3,2011-07-21 17:27:00,0.55,12586,France
536869,85099B,JUMBO BAG RED RETROSPOT,1,2011-07-21 17:27:00,2.08,12586,France
536869,85099C,JUMBO BAG BAROQUE BLACK WHITE,6,2011-07-21 17:27:00,2.08,12586,France
536869,22386,JUMBO BAG PINK POLKADOT,6,2011-07-21 17:27:00,2.08,12586,France
536869,22457,NATURAL SLATE HEART CHALKBOARD,1,2011-07-21 17:27:00,2.95,12586,France
536870,85123A,WHITE HANGING HEART T-LIGHT HOLDER,3,2011-07-31 17:40:00,2.95,12668,Netherlands
536870,84406B,CREAM CUPID HEARTS COAT HANGER,2,2011-07-31 17:40:00,4.15,12668,Netherlands
536870,22960,JAM MAKING SET WITH JARS,6,2011-07-31 17:40:00,4.25,12668,Netherlands
536870,20725,LUNCH BAG RED RETROSPOT,6,2011-07-31 17:40:00,1.65,12668,Netherlands
536870,20727,LUNCH BAG BLACK SKULL,3,2011-07-31 17:40:00,1.65,12668,Netherlands
536870,22382,LUNCH BAG SPACEBOY DESIGN,6,2011-07-31 17:40:00,1.65,12668,Netherlands
536871,22086,PAPER CHAIN KIT 50'S CHRISTMAS,12,2011-04-11 09:17:00,2.55,12486,United Kingdom
536871,85099C,JUMBO BAG BAROQUE BLACK WHITE,6,2011-04-11 09:17:00,2.08,12486,United Kingdom
536871,47566,PARTY BUNTING,3,2011-04-11 09:17:00,4.95,12486,United Kingdom
536872,22086,PAPER CHAIN KIT 50'S CHRISTMAS,2,2011-11-24 12:01:00,2.55,12479,United Kingdom
536873,22720,SET OF 3 CAKE TINS PANTRY DESIGN,12,2011-10-01 11:23:00,4.95,12420,France
536873,84879,ASSORTED COLOUR BIRD ORNAMENT,3,2011-10-01 11:23:00,1.69,12420,France
536873,84029G,KNITTED UNION FLAG HOT WATER BOTTLE,4,2011-10-01 11:23:00,3.75,12420,France
536874,71053,WHITE METAL LANTERN,3,2011-05-26 09:11:00,3.75,12641,United Kingdom
536875,84879,ASSORTED COLOUR BIRD ORNAMENT,8,2011-06-23 15:49:00,1.69,12583,France
536875,85099C,JUMBO BAG BAROQUE BLACK WHITE,12,2011-06-23 15:49:00,2.08,12583,France
536875,22386,JUMBO BAG PINK POLKADOT,6,2011-06-23 15:49:00,2.08,12583,France
536875,84029G,KNITTED UNION FLAG HOT WATER BOTTLE,3,2011-06-23 15:49:00,3.75,12583,France
536876,71053,WHITE METAL LANTERN,6,2011-07-11 08:48:00,3.75,12617,Germany
536876,22752,SET 7 BABUSHKA NESTING BOXES,8,2011-07-11 08:48:00,7.65,12617,Germany
536876,85099B,JUMBO BAG RED RETROSPOT,6,2011-07-11 08:48:00,2.08,12617,Germany
536876,85099C,JUMBO BAG BAROQUE BLACK WHITE,6,2011-07-11 08:48:00,2.08,12617,Germany
536876,22386,JUMBO BAG PINK POLKADOT,6,2011-07-11 08:48:00,2.08,12617,Germany
536876,21977,PACK OF 60 PINK PAISLEY CAKE CASES,6,2011-07-11 08:48:00,0.55,12617,Germany
536877,23084,RABBIT NIGHT LIGHT,4,2011-04-10 17:55:00,2.08,12396,Germany
536878,85123A,WHITE HANGING HEART T-LIGHT HOLDER,1,2011-05-22 10:50:00,2.95,12612,Spain
536878,71053,WHITE METAL LANTERN,8,2011-05-22 10:50:00,3.75,12612,Spain
536878,21730,GLASS STAR FROSTED T-LIGHT HOLDER,2,2011-05-22 10:50:00,4.25,12612,Spain
536879,71053,WHITE METAL LANTERN,1,2011-01-23 15:52:00,3.75,12614,United Kingdom
536879,22632,HAND WARMER RED POLKA DOT,2,2011-01-23 15:52:00,1.85,12614,United Kingdom
536880,84406B,CREAM CUPID HEARTS COAT HANGER,3,2011-10-01 12:08:00,4.15,12375,United Kingdom
536881,22961,JAM MAKING SET PRINTED,6,2011-11-02 18:21:00,1.45,12538,United Kingdom
536882,22720,SET OF 3 CAKE TINS PANTRY DESIGN,6,2011-11-04 10:10:00,4.95,12585,Germany
536882,22423,REGENCY CAKESTAND 3 TIER,6,2011-11-04 10:10:00,12.75,12585,Germany
536883,85099B,JUMBO BAG RED RETROSPOT,6,2011-01-07 13:19:00,2.08,12428,United Kingdom
536883,85099C,JUMBO BAG BAROQUE BLACK WHITE,6,2011-01-07 13:19:00,2.08,12428,United Kingdom
536883,22386,JUMBO BAG PINK POLKADOT,3,2011-01-07 13:19:00,2.08,12428,United Kingdom
536884,22752,SET 7 BABUSHKA NESTING BOXES,8,2011-01-05 16:29:00,7.65,12571,United Kingdom
536884,21730,GLASS STAR FROSTED T-LIGHT HOLDER,4,2011-01-05 16:29:00,4.25,12571,United Kingdom
536884,22961,JAM MAKING SET PRINTED,2,2011-01-05 16:29:00,1.45,12571,United Kingdom
536884,22960,JAM MAKING SET WITH JARS,12,2011-01-05 16:29:00,4.25,12571,United Kingdom
536884,22382,LUNCH BAG SPACEBOY DESIGN,6,2011-01-05 16:29:00,1.65,12571,United Kingdom
536885,85123A,WHITE HANGING HEART T-LIGHT HOLDER,3,2010-12-18 09:34:00,2.95,12398,Netherlands
536885,22138,BAKING SET 9 PIECE RETROSPOT,1,2010-12-18 09:34:00,4.95,12398,Netherlands
536885,20725,LUNCH BAG RED RETROSPOT,1,2010-12-18 09:34:00,1.65,12398,Netherlands
536886,85123A,WHITE HANGING HEART T-LIGHT HOLDER,12,2011-06-18 12:39:00,2.95,12686,United Kingdom
536886,20727,LUNCH BAG BLACK SKULL,12,2011-06-18 12:39:00,1.65,12686,United Kingdom
536886,22386,JUMBO BAG PINK POLKADOT,8,2011-06-18 12:39:00,2.08,12686,United Kingdom
536886,22720,SET OF 3 CAKE TINS PANTRY DESIGN,8,2011-06-18 12:39:00,4.95,12686,United Kingdom
536887,22720,SET OF 3 CAKE TINS PANTRY DESIGN,6,2011-01-05 16:44:00,4.95,12718,United Kingdom
536887,22423,REGENCY CAKESTAND 3 TIER,6,2011-01-05 16:44:00,12.75,12718,United Kingdom
536888,85099B,JUMBO BAG RED RETROSPOT,12,2011-05-05 14:33:00,2.08,12695,United Kingdom
536888,85099C,JUMBO BAG BAROQUE BLACK WHITE,6,2011-05-05 14:33:00,2.08,12695,United Kingdom
536888,22386,JUMBO BAG PINK POLKADOT,4,2011-05-05 14:33:00,2.08,12695,United Kingdom
536889,22139,RETROSPOT TEA SET CERAMIC 11 PC,6,2011-09-10 08:54:00,4.95,12436,United Kingdom
536889,22138,BAKING SET 9 PIECE RETROSPOT,12,2011-09-10 08:54:00,4.95,12436,United Kingdom
536890,21977,PACK OF 60 PINK PAISLEY CAKE CASES,4,2011-10-20 16:17:00,0.55,12389,United Kingdom
536890,21212,PACK OF 72 RETROSPOT CAKE CASES,12,2011-10-20 16:17:00,0.55,12389,United Kingdom
536890,22423,REGENCY CAKESTAND 3 TIER,8,2011-10-20 16:17:00,12.75,12389,United Kingdom
536891,85123A,WHITE HANGING HEART T-LIGHT HOLDER,1,2011-09-03 13:01:00,2.95,12378,Spain
536891,71053,WHITE METAL LANTERN,6,2011-09-03 13:01:00,3.75,12378,Spain
536891,22086,PAPER CHAIN KIT 50'S CHRISTMAS,1,2011-09-03 13:01:00,2.55,12378,Spain
536892,85123A,WHITE HANGING HEART T-LIGHT HOLDER,4,2011-01-30 12:21:00,2.95,12553,EIRE
536892,84406B,CREAM CUPID HEARTS COAT HANGER,2,2011-01-30 12:21:00,4.15,12553,EIRE
536892,23084,RABBIT NIGHT LIGHT,1,2011-01-30 12:21:00,2.08,12553,EIRE
536893,22086,PAPER CHAIN KIT 50'S CHRISTMAS,4,2011-02-11 16:11:00,2.55,12722,United Kingdom
536893,47566,PARTY BUNTING,3,2011-02-11 16:11:00,4.95,12722,United Kingdom
536894,47566,PARTY BUNTING,3,2011-02-27 09:27:00,4.95,12353,United Kingdom
536895,22086,PAPER CHAIN KIT 50'S CHRISTMAS,4,2011-01-02 09:37:00,2.55,12648,France
536895,84406B,CREAM CUPID HEARTS COAT HANGER,8,2011-01-02 09:37:00,4.15,12648,France
536895,47566,PARTY BUNTING,6,2011-01-02 09:37:00,4.95,12648,France
536896,22382,LUNCH BAG SPACEBOY DESIGN,4,2011-11-13 14:50:00,1.65,12723,United Kingdom
536896,22086,PAPER CHAIN KIT 50'S CHRISTMAS,1,2011-11-13 14:50:00,2.55,12723,United Kingdom
536896,21034,REX CASH+CARRY JUMBO SHOPPER,3,2011-11-13 14:50:00,0.95,12723,United Kingdom
536896,21730,GLASS STAR FROSTED T-LIGHT HOLDER,6,2011-11-13 14:50:00,4.25,12723,United Kingdom
536897,22633,HAND WARMER UNION JACK,1,2011-01-31 12:39:00,1.85,12378,United Kingdom
536897,84029G,KNITTED UNION FLAG HOT WATER BOTTLE,3,2011-01-31 12:39:00,3.75,12378,United Kingdom
536897,47566,PARTY BUNTING,2,2011-01-31 12:39:00,4.95,12378,United Kingdom
536897,85099B,JUMBO BAG RED RETROSPOT,8,2011-01-31 12:39:00,2.08,12378,United Kingdom
536897,85099C,JUMBO BAG BAROQUE BLACK WHITE,3,2011-01-31 12:39:00,2.08,12378,United Kingdom
536897,22386,JUMBO BAG PINK POLKADOT,1,2011-01-31 12:39:00,2.08,12378,United Kingdom
536897,21977,PACK OF 60 PINK PAISLEY CAKE CASES,12,2011-01-31 12:39:00,0.55,12378,United Kingdom
536898,22960,JAM MAKING SET WITH JARS,12,2010-12-04 08:41:00,4.25,12387,United Kingdom
536898,22138,BAKING SET 9 PIECE RETROSPOT,3,2010-12-04 08:41:00,4.95,12387,United Kingdom
536898,22423,REGENCY CAKESTAND 3 TIER,4,2010-12-04 08:41:00,12.75,12387,United Kingdom
536898,22386,JUMBO BAG PINK POLKADOT,3,2010-12-04 08:41:00,2.08,12387,United Kingdom
536899,71053,WHITE METAL LANTERN,12,2011-04-18 16:58:00,3.75,12673,United Kingdom
536899,22633,HAND WARMER UNION JACK,2,2011-04-18 16:58:00,1.85,12673,United Kingdom
536899,22961,JAM MAKING SET PRINTED,6,2011-04-18 16:58:00,1.45,12673,United Kingdom
536899,22960,JAM MAKING SET WITH JARS,6,2011-04-18 16:58:00,4.25,12673,United Kingdom
536899,22197,POPCORN HOLDER,8,2011-04-18 16:58:00,0.85,12673,United Kingdom
536899,22386,JUMBO BAG PINK POLKADOT,1,2011-04-18 16:58:00,2.08,12673,United Kingdom
536900,22139,RETROSPOT TEA SET CERAMIC 11 PC,4,2011-03-31 11:37:00,4.95,12631,EIRE
536900,22720,SET OF 3 CAKE TINS PANTRY DESIGN,12,2011-03-31 11:37:00,4.95,12631,EIRE
536900,21212,PACK OF 72 RETROSPOT CAKE CASES,4,2011-03-31 11:37:00,0.55,12631,EIRE
536900,22382,LUNCH BAG SPACEBOY DESIGN,6,2011-03-31 11:37:00,1.65,12631,EIRE
536901,22720,SET OF 3 CAKE TINS PANTRY DESIGN,1,2011-03-10 10:20:00,4.95,12373,United Kingdom
536901,22633,HAND WARMER UNION JACK,1,2011-03-10 10:20:00,1.85,12373,United Kingdom
536901,85099C,JUMBO BAG BAROQUE BLACK WHITE,6,2011-03-10 10:20:00,2.08,12373,United Kingdom
536901,22423,REGENCY CAKESTAND 3 TIER,6,2011-03-10 10:20:00,12.75,12373,United Kingdom
536902,85123A,WHITE HANGING HEART T-LIGHT HOLDER,12,2011-07-11 12:51:00,2.95,12453,Germany
536902,71053,WHITE METAL LANTERN,2,2011-07-11 12:51:00,3.75,12453,Germany
536902,21730,GLASS STAR FROSTED T-LIGHT HOLDER,2,2011-07-11 12:51:00,4.25,12453,Germany
536902,22633,HAND WARMER UNION JACK,4,2011-07-11 12:51:00,1.85,12453,Germany
536902,22457,NATURAL SLATE HEART CHALKBOARD,12,2011-07-11 12:51:00,2.95,12453,Germany
536903,22720,SET OF 3 CAKE TINS PANTRY DESIGN,2,2011-09-23 13:56:00,4.95,12649,United Kingdom
536903,84029G,KNITTED UNION FLAG HOT WATER BOTTLE,6,2011-09-23 13:56:00,3.75,12649,United Kingdom
536904,84406B,CREAM CUPID HEARTS COAT HANGER,12,2011-01-20 12:17:00,4.15,12462,United Kingdom
536904,22138,BAKING SET 9 PIECE RETROSPOT,12,2011-01-20 12:17:00,4.95,12462,United Kingdom
536904,84029G,KNITTED UNION FLAG HOT WATER BOTTLE,1,2011-01-20 12:17:00,3.75,12462,United Kingdom
536905,85099B,JUMBO BAG RED RETROSPOT,4,2011-02-13 12:29:00,2.08,12569,Germany
536905,85099C,JUMBO BAG BAROQUE BLACK WHITE,6,2011-02-13 12:29:00,2.08,12569,Germany
536905,22386,JUMBO BAG PINK POLKADOT,6,2011-02-13 12:29:00,2.08,12569,Germany
536905,47566,PARTY BUNTING,4,2011-02-13 12:29:00,4.95,12569,Germany
536906,22961,JAM MAKING SET PRINTED,12,2011-02-04 09:14:00,1.45,12517,Netherlands
536906,22960,JAM MAKING SET WITH JARS,12,2011-02-04 09:14:00,4.25,12517,Netherlands
536907,22086,PAPER CHAIN KIT 50'S CHRISTMAS,4,2011-02-26 13:44:00,2.55,12560,United Kingdom
536907,23166,MEDIUM CERAMIC TOP STORAGE JAR,2,2011-02-26 13:44:00,1.04,12560,United Kingdom
536907,47566,PARTY BUNTING,8,2011-02-26 13:44:00,4.95,12560,United Kingdom
536908,85123A,WHITE HANGING HEART T-LIGHT HOLDER,8,2011-08-08 12:07:00,2.95,12613,France
536908,23084,RABBIT NIGHT LIGHT,4,2011-08-08 12:07:00,2.08,12613,France
536909,23166,MEDIUM CERAMIC TOP STORAGE JAR,1,2011-05-17 15:07:00,1.04,12472,United Kingdom
536909,22138,BAKING SET 9 PIECE RETROSPOT,8,2011-05-17 15:07:00,4.95,12472,United Kingdom
536909,21730,GLASS STAR FROSTED T-LIGHT HOLDER,1,2011-05-17 15:07:00,4.25,12472,United Kingdom
536909,21977,PACK OF 60 PINK PAISLEY CAKE CASES,1,2011-05-17 15:07:00,0.55,12472,United Kingdom
536910,84406B,CREAM CUPID HEARTS COAT HANGER,1,2011-08-16 08:57:00,4.15,12586,EIRE
536910,22633,HAND WARMER UNION JACK,8,2011-08-16 08:57:00,1.85,12586,EIRE
536910,22632,HAND WARMER RED POLKA DOT,4,2011-08-16 08:57:00,1.85,12586,EIRE
536910,84029G,KNITTED UNION FLAG HOT WATER BOTTLE,3,2011-08-16 08:57:00,3.75,12586,EIRE
536910,20725,LUNCH BAG RED RETROSPOT,6,2011-08-16 08:57:00,1.65,12586,EIRE
536911,22961,JAM MAKING SET PRINTED,1,2011-04-02 09:31:00,1.45,12497,France
536911,22960,JAM MAKING SET WITH JARS,12,2011-04-02 09:31:00,4.25,12497,France
536911,23166,MEDIUM CERAMIC TOP STORAGE JAR,12,2011-04-02 09:31:00,1.04,12497,France
536911,23084,RABBIT NIGHT LIGHT,3,2011-04-02 09:31:00,2.08,12497,France
536911,22139,RETROSPOT TEA SET CERAMIC 11 PC,8,2011-04-02 09:31:00,4.95,12497,France
536912,84879,ASSORTED COLOUR BIRD ORNAMENT,6,2011-06-08 16:15:00,1.69,12440,United Kingdom
536913,22632,HAND WARMER RED POLKA DOT,2,2010-12-17 12:57:00,1.85,12617,United Kingdom
536913,22086,PAPER CHAIN KIT 50'S CHRISTMAS,6,2010-12-17 12:57:00,2.55,12617,United Kingdom
536913,47566,PARTY BUNTING,1,2010-12-17 12:57:00,4.95,12617,United Kingdom
536913,23166,MEDIUM CERAMIC TOP STORAGE JAR,6,2010-12-17 12:57:00,1.04,12617,United Kingdom
536913,22457,NATURAL SLATE HEART CHALKBOARD,1,2010-12-17 12:57:00,2.95,12617,United Kingdom
536914,84406B,CREAM CUPID HEARTS COAT HANGER,4,2011-06-15 13:59:00,4.15,12402,United Kingdom
536914,22961,JAM MAKING SET PRINTED,3,2011-06-15 13:59:00,1.45,12402,United Kingdom
536914,22960,JAM MAKING SET WITH JARS,6,2011-06-15 13:59:00,4.25,12402,United Kingdom
536914,22382,LUNCH BAG SPACEBOY DESIGN,4,2011-06-15 13:59:00,1.65,12402,United Kingdom
536914,22386,JUMBO BAG PINK POLKADOT,2,2011-06-15 13:59:00,2.08,12402,United Kingdom
536915,22086,PAPER CHAIN KIT 50'S CHRISTMAS,6,2011-08-02 18:25:00,2.55,12678,United Kingdom
536916,20725,LUNCH BAG RED RETROSPOT,2,2011-08-15 14:47:00,1.65,12482,United Kingdom
536916,20727,LUNCH BAG BLACK SKULL,12,2011-08-15 14:47:00,1.65,12482,United Kingdom
536916,85099B,JUMBO BAG RED RETROSPOT,6,2011-08-15 14:47:00,2.08,12482,United Kingdom
536916,85099C,JUMBO BAG BAROQUE BLACK WHITE,12,2011-08-15 14:47:00,2.08,12482,United Kingdom
536916,22386,JUMBO BAG PINK POLKADOT,6,2011-08-15 14:47:00,2.08,12482,United Kingdom
536917,22960,JAM MAKING SET WITH JARS,2,2011-11-20 09:42:00,4.25,12690,Germany
536917,22139,RETROSPOT TEA SET CERAMIC 11 PC,2,2011-11-20 09:42:00,4.95,12690,Germany
536917,22138,BAKING SET 9 PIECE RETROSPOT,3,2011-11-20 09:42:00,4.95,12690,Germany
536918,85123A,WHITE HANGING HEART T-LIGHT HOLDER,3,2011-01-27 11:01:00,2.95,12487,United Kingdom
536918,22960,JAM MAKING SET WITH JARS,12,2011-01-27 11:01:00,4.25,12487,United Kingdom
536918,85099B,JUMBO BAG RED RETROSPOT,6,2011-01-27 11:01:00,2.08,12487,United Kingdom
536918,22423,REGENCY CAKESTAND 3 TIER,8,2011-01-27 11:01:00,12.75,12487,United Kingdom
536919,22086,PAPER CHAIN KIT 50'S CHRISTMAS,6,2011-10-27 08:48:00,2.55,12573,United Kingdom
536919,21212,PACK OF 72 RETROSPOT CAKE CASES,6,2011-10-27 08:48:00,0.55,12573,United Kingdom
536919,22423,REGENCY CAKESTAND 3 TIER,12,2011-10-27 08:48:00,12.75,12573,United Kingdom
536919,23166,MEDIUM CERAMIC TOP STORAGE JAR,12,2011-10-27 08:48:00,1.04,12573,United Kingdom
536919,85099B,JUMBO BAG RED RETROSPOT,12,2011-10-27 08:48:00,2.08,12573,United Kingdom
536919,21977,PACK OF 60 PINK PAISLEY CAKE CASES,6,2011-10-27 08:48:00,0.55,12573,United Kingdom
536920,85099B,JUMBO BAG RED RETROSPOT,1,2011-02-06 12:40:00,2.08,12636,United Kingdom
536920,85099C,JUMBO BAG BAROQUE BLACK WHITE,3,2011-02-06 12:40:00,2.08,12636,United Kingdom
536920,22386,JUMBO BAG PINK POLKADOT,6,2011-02-06 12:40:00,2.08,12636,United Kingdom
536920,22720,SET OF 3 CAKE TINS PANTRY DESIGN,6,2011-02-06 12:40:00,4.95,12636,United Kingdom
536920,22139,RETROSPOT TEA SET CERAMIC 11 PC,12,2011-02-06 12:40:00,4.95,12636,United Kingdom
536921,22961,JAM MAKING SET PRINTED,4,2011-10-13 11:15:00,1.45,12431,Spain
536921,22960,JAM MAKING SET WITH JARS,2,2011-10-13 11:15:00,4.25,12431,Spain
536921,22633,HAND WARMER UNION JACK,1,2011-10-13 11:15:00,1.85,12431,Spain
536922,71053,WHITE METAL LANTERN,6,2011-09-21 10:58:00,3.75,12508,United Kingdom
536922,22086,PAPER CHAIN KIT 50'S CHRISTMAS,3,2011-09-21 10:58:00,2.55,12508,United Kingdom
536922,21212,PACK OF 72 RETROSPOT CAKE CASES,6,2011-09-21 10:58:00,0.55,12508,United Kingdom
536922,22423,REGENCY CAKESTAND 3 TIER,12,2011-09-21 10:58:00,12.75,12508,United Kingdom
536922,85099C,JUMBO BAG BAROQUE BLACK WHITE,3,2011-09-21 10:58:00,2.08,12508,United Kingdom
536922,22386,JUMBO BAG PINK POLKADOT,6,2011-09-21 10:58:00,2.08,12508,United Kingdom
536922,21977,PACK OF 60 PINK PAISLEY CAKE CASES,2,2011-09-21 10:58:00,0.55,12508,United Kingdom
536923,85123A,WHITE HANGING HEART T-LIGHT HOLDER,6,2011-06-26 16:19:00,2.95,12358,United Kingdom
536923,21730,GLASS STAR FROSTED T-LIGHT HOLDER,6,2011-06-26 16:19:00,4.25,12358,United Kingdom
536924,22086,PAPER CHAIN KIT 50'S CHRISTMAS,12,2011-04-28 18:12:00,2.55,12588,United Kingdom
536924,22752,SET 7 BABUSHKA NESTING BOXES,1,2011-04-28 18:12:00,7.65,12588,United Kingdom
536924,22386,JUMBO BAG PINK POLKADOT,3,2011-04-28 18:12:00,2.08,12588,United Kingdom
536925,84406B,CREAM CUPID HEARTS COAT HANGER,1,2011-09-09 09:49:00,4.15,12693,United Kingdom
536925,22086,PAPER CHAIN KIT 50'S CHRISTMAS,4,2011-09-09 09:49:00,2.55,12693,United Kingdom
536925,21212,PACK OF 72 RETROSPOT CAKE CASES,4,2011-09-09 09:49:00,0.55,12693,United Kingdom
536925,22423,REGENCY CAKESTAND 3 TIER,6,2011-09-09 09:49:00,12.75,12693,United Kingdom
536925,21977,PACK OF 60 PINK PAISLEY CAKE CASES,4,2011-09-09 09:49:00,0.55,12693,United Kingdom
536926,22633,HAND WARMER UNION JACK,1,2011-01-12 17:24:00,1.85,12357,Germany
536926,22632,HAND WARMER RED POLKA DOT,6,2011-01-12 17:24:00,1.85,12357,Germany
536926,84029G,KNITTED UNION FLAG HOT WATER BOTTLE,8,2011-01-12 17:24:00,3.75,12357,Germany
536926,22086,PAPER CHAIN KIT 50'S CHRISTMAS,3,2011-01-12 17:24:00,2.55,12357,Germany
536926,84879,ASSORTED COLOUR BIRD ORNAMENT,8,2011-01-12 17:24:00,1.69,12357,Germany
536926,20725,LUNCH BAG RED RETROSPOT,6,2011-01-12 17:24:00,1.65,12357,Germany
536927,84406B,CREAM CUPID HEARTS COAT HANGER,12,2011-06-09 08:48:00,4.15,12543,United Kingdom
536927,22632,HAND WARMER RED POLKA DOT,8,2011-06-09 08:48:00,1.85,12543,United Kingdom
536927,22423,REGENCY CAKESTAND 3 TIER,12,2011-06-09 08:48:00,12.75,12543,United Kingdom
536927,23084,RABBIT NIGHT LIGHT,6,2011-06-09 08:48:00,2.08,12543,United Kingdom
536927,22720,SET OF 3 CAKE TINS PANTRY DESIGN,3,2011-06-09 08:48:00,4.95,12543,United Kingdom
536927,22138,BAKING SET 9 PIECE RETROSPOT,8,2011-06-09 08:48:00,4.95,12543,United Kingdom
536928,22961,JAM MAKING SET PRINTED,12,2011-07-01 11:23:00,1.45,12719,Netherlands
536928,22960,JAM MAKING SET WITH JARS,6,2011-07-01 11:23:00,4.25,12719,Netherlands
536929,22633,HAND WARMER UNION JACK,3,2011-09-29 14:35:00,1.85,12379,United Kingdom
536929,47566,PARTY BUNTING,4,2011-09-29 14:35:00,4.95,12379,United Kingdom
536929,20725,LUNCH BAG RED RETROSPOT,3,2011-09-29 14:35:00,1.65,12379,United Kingdom
536929,20727,LUNCH BAG BLACK SKULL,8,2011-09-29 14:35:00,1.65,12379,United Kingdom
536929,22382,LUNCH BAG SPACEBOY DESIGN,6,2011-09-29 14:35:00,1.65,12379,United Kingdom
536930,22382,LUNCH BAG SPACEBOY DESIGN,12,2011-08-09 09:22:00,1.65,12629,United Kingdom
536930,20725,LUNCH BAG RED RETROSPOT,4,2011-08-09 09:22:00,1.65,12629,United Kingdom
536931,22752,SET 7 BABUSHKA NESTING BOXES,6,2010-12-02 10:46:00,7.65,12359,United Kingdom
536931,85099B,JUMBO BAG RED RETROSPOT,8,2010-12-02 10:46:00,2.08,12359,United Kingdom
536931,85099C,JUMBO BAG BAROQUE BLACK WHITE,3,2010-12-02 10:46:00,2.08,12359,United Kingdom
536932,84406B,CREAM CUPID HEARTS COAT HANGER,6,2011-11-18 11:31:00,4.15,12597,United Kingdom
536932,22197,POPCORN HOLDER,12,2011-11-18 11:31:00,0.85,12597,United Kingdom
536932,23084,RABBIT NIGHT LIGHT,8,2011-11-18 11:31:00,2.08,12597,United Kingdom
536933,22086,PAPER CHAIN KIT 50'S CHRISTMAS,6,2011-10-18 16:14:00,2.55,12478,United Kingdom
536933,47566,PARTY BUNTING,3,2011-10-18 16:14:00,4.95,12478,United Kingdom
536934,21212,PACK OF 72 RETROSPOT CAKE CASES,3,2010-12-30 10:50:00,0.55,12643,Germany
536935,84406B,CREAM CUPID HEARTS COAT HANGER,4,2011-04-19 13:56:00,4.15,12373,United Kingdom
536935,20725,LUNCH BAG RED RETROSPOT,3,2011-04-19 13:56:00,1.65,12373,United Kingdom
536935,20727,LUNCH BAG BLACK SKULL,2,2011-04-19 13:56:00,1.65,12373,United Kingdom
536935,22382,LUNCH BAG SPACEBOY DESIGN,3,2011-04-19 13:56:00,1.65,12373,United Kingdom
536935,85099B,JUMBO BAG RED RETROSPOT,6,2011-04-19 13:56:00,2.08,12373,United Kingdom
536935,21977,PACK OF 60 PINK PAISLEY CAKE CASES,6,2011-04-19 13:56:00,0.55,12373,United Kingdom
536936,22086,PAPER CHAIN KIT 50'S CHRISTMAS,1,2011-05-04 13:13:00,2.55,12696,United Kingdom
536936,21034,REX CASH+CARRY JUMBO SHOPPER,3,2011-05-04 13:13:00,0.95,12696,United Kingdom
536936,21730,GLASS STAR FROSTED T-LIGHT HOLDER,6,2011-05-04 13:13:00,4.25,12696,United Kingdom
536936,47566,PARTY BUNTING,6,2011-05-04 13:13:00,4.95,12696,United Kingdom
536937,22632,HAND WARMER RED POLKA DOT,2,2011-08-06 14:51:00,1.85,12744,United Kingdom
536937,84029G,KNITTED UNION FLAG HOT WATER BOTTLE,8,2011-08-06 14:51:00,3.75,12744,United Kingdom
536937,22961,JAM MAKING SET PRINTED,12,2011-08-06 14:51:00,1.45,12744,United Kingdom
536937,22960,JAM MAKING SET WITH JARS,2,2011-08-06 14:51:00,4.25,12744,United Kingdom
536937,22457,NATURAL SLATE HEART CHALKBOARD,2,2011-08-06 14:51:00,2.95,12744,United Kingdom
536937,21034,REX CASH+CARRY JUMBO SHOPPER,3,2011-08-06 14:51:00,0.95,12744,United Kingdom
536938,22633,HAND WARMER UNION JACK,6,2011-08-03 13:49:00,1.85,12354,United Kingdom
536938,22086,PAPER CHAIN KIT 50'S CHRISTMAS,1,2011-08-03 13:49:00,2.55,12354,United Kingdom
536938,22423,REGENCY CAKESTAND 3 TIER,2,2011-08-03 13:49:00,12.75,12354,United Kingdom
536938,20727,LUNCH BAG BLACK SKULL,4,2011-08-03 13:49:00,1.65,12354,United Kingdom
536938,22720,SET OF 3 CAKE TINS PANTRY DESIGN,3,2011-08-03 13:49:00,4.95,12354,United Kingdom
536939,22633,HAND WARMER UNION JACK,2,2011-02-11 11:49:00,1.85,12701,United Kingdom
536939,22632,HAND WARMER RED POLKA DOT,2,2011-02-11 11:49:00,1.85,12701,United Kingdom
536939,84029G,KNITTED UNION FLAG HOT WATER BOTTLE,1,2011-02-11 11:49:00,3.75,12701,United Kingdom
536939,22386,JUMBO BAG PINK POLKADOT,12,2011-02-11 11:49:00,2.08,12701,United Kingdom
536939,22720,SET OF 3 CAKE TINS PANTRY DESIGN,8,2011-02-11 11:49:00,4.95,12701,United Kingdom
536939,22457,NATURAL SLATE HEART CHALKBOARD,1,2011-02-11 11:49:00,2.95,12701,United Kingdom
536940,22720,SET OF 3 CAKE TINS PANTRY DESIGN,6,2011-01-25 09:20:00,4.95,12446,EIRE
536940,22423,REGENCY CAKESTAND 3 TIER,1,2011-01-25 09:20:00,12.75,12446,EIRE
536941,23166,MEDIUM CERAMIC TOP STORAGE JAR,3,2011-05-04 09:18:00,1.04,12379,United Kingdom
536941,22138,BAKING SET 9 PIECE RETROSPOT,6,2011-05-04 09:18:00,4.95,12379,United Kingdom
536941,22632,HAND WARMER RED POLKA DOT,1,2011-05-04 09:18:00,1.85,12379,United Kingdom
536942,85123A,WHITE HANGING HEART T-LIGHT HOLDER,2,2011-02-13 13:07:00,2.95,12392,United Kingdom
536942,84406B,CREAM CUPID HEARTS COAT HANGER,1,2011-02-13 13:07:00,4.15,12392,United Kingdom
536942,84029G,KNITTED UNION FLAG HOT WATER BOTTLE,4,2011-02-13 13:07:00,3.75,12392,United Kingdom
536942,20727,LUNCH BAG BLACK SKULL,4,2011-02-13 13:07:00,1.65,12392,United Kingdom
536942,23166,MEDIUM CERAMIC TOP STORAGE JAR,6,2011-02-13 13:07:00,1.04,12392,United Kingdom
536943,21212,PACK OF 72 RETROSPOT CAKE CASES,3,2011-09-02 09:16:00,0.55,12433,United Kingdom
536943,22139,RETROSPOT TEA SET CERAMIC 11 PC,12,2011-09-02 09:16:00,4.95,12433,United Kingdom
536943,22386,JUMBO BAG PINK POLKADOT,2,2011-09-02 09:16:00,2.08,12433,United Kingdom
536943,20725,LUNCH BAG RED RETROSPOT,3,2011-09-02 09:16:00,1.65,12433,United Kingdom
536944,22752,SET 7 BABUSHKA NESTING BOXES,2,2011-06-13 14:43:00,7.65,12527,EIRE
536944,22633,HAND WARMER UNION JACK,3,2011-06-13 14:43:00,1.85,12527,EIRE
536944,22632,HAND WARMER RED POLKA DOT,12,2011-06-13 14:43:00,1.85,12527,EIRE
536944,84029G,KNITTED UNION FLAG HOT WATER BOTTLE,6,2011-06-13 14:43:00,3.75,12527,EIRE
536944,47566,PARTY BUNTING,6,2011-06-13 14:43:00,4.95,12527,EIRE
536945,22960,JAM MAKING SET WITH JARS,12,2010-12-21 09:50:00,4.25,12631,France
536945,20725,LUNCH BAG RED RETROSPOT,4,2010-12-21 09:50:00,1.65,12631,France
536945,20727,LUNCH BAG BLACK SKULL,8,2010-12-21 09:50:00,1.65,12631,France
536945,22382,LUNCH BAG SPACEBOY DESIGN,6,2010-12-21 09:50:00,1.65,12631,France
536945,22197,POPCORN HOLDER,8,2010-12-21 09:50:00,0.85,12631,France
536945,23084,RABBIT NIGHT LIGHT,4,2010-12-21 09:50:00,2.08,12631,France
536946,22752,SET 7 BABUSHKA NESTING BOXES,12,2011-08-01 13:41:00,7.65,12381,United Kingdom
536946,84879,ASSORTED COLOUR BIRD ORNAMENT,2,2011-08-01 13:41:00,1.69,12381,United Kingdom
536946,85099C,JUMBO BAG BAROQUE BLACK WHITE,2,2011-08-01 13:41:00,2.08,12381,United Kingdom
536947,84406B,CREAM CUPID HEARTS COAT HANGER,6,2011-06-21 15:14:00,4.15,12419,Netherlands
536948,22961,JAM MAKING SET PRINTED,6,2011-05-23 12:08:00,1.45,12447,United Kingdom
536948,22386,JUMBO BAG PINK POLKADOT,8,2011-05-23 12:08:00,2.08,12447,United Kingdom
536948,22720,SET OF 3 CAKE TINS PANTRY DESIGN,6,2011-05-23 12:08:00,4.95,12447,United Kingdom
536948,22139,RETROSPOT TEA SET CERAMIC 11 PC,12,2011-05-23 12:08:00,4.95,12447,United Kingdom
536948,22138,BAKING SET 9 PIECE RETROSPOT,8,2011-05-23 12:08:00,4.95,12447,United Kingdom
536949,84029G,KNITTED UNION FLAG HOT WATER BOTTLE,3,2011-08-19 12:39:00,3.75,12594,Germany
536949,20725,LUNCH BAG RED RETROSPOT,1,2011-08-19 12:39:00,1.65,12594,Germany
536949,20727,LUNCH BAG BLACK SKULL,2,2011-08-19 12:39:00,1.65,12594,Germany
536949,22382,LUNCH BAG SPACEBOY DESIGN,1,2011-08-19 12:39:00,1.65,12594,Germany
536949,85099B,JUMBO BAG RED RETROSPOT,2,2011-08-19 12:39:00,2.08,12594,Germany
536950,22960,JAM MAKING SET WITH JARS,2,2011-11-13 08:41:00,4.25,12601,United Kingdom
536950,85099B,JUMBO BAG RED RETROSPOT,2,2011-11-13 08:41:00,2.08,12601,United Kingdom
536950,85099C,JUMBO BAG BAROQUE BLACK WHITE,12,2011-11-13 08:41:00,2.08,12601,United Kingdom
536950,22386,JUMBO BAG PINK POLKADOT,12,2011-11-13 08:41:00,2.08,12601,United Kingdom
536951,85123A,WHITE HANGING HEART T-LIGHT HOLDER,8,2011-04-30 16:01:00,2.95,12449,EIRE
536951,71053,WHITE METAL LANTERN,2,2011-04-30 16:01:00,3.75,12449,EIRE
536951,22382,LUNCH BAG SPACEBOY DESIGN,8,2011-04-30 16:01:00,1.65,12449,EIRE
536951,85099B,JUMBO BAG RED RETROSPOT,12,2011-04-30 16:01:00,2.08,12449,EIRE
536951,85099C,JUMBO BAG BAROQUE BLACK WHITE,6,2011-04-30 16:01:00,2.08,12449,EIRE
536951,22386,JUMBO BAG PINK POLKADOT,8,2011-04-30 16:01:00,2.08,12449,EIRE
536951,22720,SET OF 3 CAKE TINS PANTRY DESIGN,12,2011-04-30 16:01:00,4.95,12449,EIRE
536952,20727,LUNCH BAG BLACK SKULL,8,2010-12-19 08:41:00,1.65,12581,Spain
536952,22382,LUNCH BAG SPACEBOY DESIGN,3,2010-12-19 08:41:00,1.65,12581,Spain
536952,20725,LUNCH BAG RED RETROSPOT,6,2010-12-19 08:41:00,1.65,12581,Spain
536953,22423,REGENCY CAKESTAND 3 TIER,12,2011-06-18 16:18:00,12.75,12712,United Kingdom
536953,20725,LUNCH BAG RED RETROSPOT,3,2011-06-18 16:18:00,1.65,12712,United Kingdom
536953,22382,LUNCH BAG SPACEBOY DESIGN,1,2011-06-18 16:18:00,1.65,12712,United Kingdom
536953,23166,MEDIUM CERAMIC TOP STORAGE JAR,8,2011-06-18 16:18:00,1.04,12712,United Kingdom
536953,85099C,JUMBO BAG BAROQUE BLACK WHITE,6,2011-06-18 16:18:00,2.08,12712,United Kingdom
536953,22720,SET OF 3 CAKE TINS PANTRY DESIGN,12,2011-06-18 16:18:00,4.95,12712,United Kingdom
536954,71053,WHITE METAL LANTERN,1,2011-06-12 18:13:00,3.75,12648,United Kingdom
536954,22086,PAPER CHAIN KIT 50'S CHRISTMAS,1,2011-06-12 18:13:00,2.55,12648,United Kingdom
536955,22752,SET 7 BABUSHKA NESTING BOXES,6,2011-06-06 14:21:00,7.65,12411,Netherlands
536955,21212,PACK OF 72 RETROSPOT CAKE CASES,8,2011-06-06 14:21:00,0.55,12411,Netherlands
536955,22423,REGENCY CAKESTAND 3 TIER,6,2011-06-06 14:21:00,12.75,12411,Netherlands
536955,85099B,JUMBO BAG RED RETROSPOT,1,2011-06-06 14:21:00,2.08,12411,Netherlands
536955,85099C,JUMBO BAG BAROQUE BLACK WHITE,4,2011-06-06 14:21:00,2.08,12411,Netherlands
536955,22386,JUMBO BAG PINK POLKADOT,4,2011-06-06 14:21:00,2.08,12411,Netherlands
536956,22139,RETROSPOT TEA SET CERAMIC 11 PC,6,2011-10-28 13:07:00,4.95,12466,United Kingdom
536957,22423,REGENCY CAKESTAND 3 TIER,8,2011-05-22 10:31:00,12.75,12404,Spain
536957,20727,LUNCH BAG BLACK SKULL,6,2011-05-22 10:31:00,1.65,12404,Spain
536957,23166,MEDIUM CERAMIC TOP STORAGE JAR,1,2011-05-22 10:31:00,1.04,12404,Spain
536957,22720,SET OF 3 CAKE TINS PANTRY DESIGN,12,2011-05-22 10:31:00,4.95,12404,Spain
536957,22138,BAKING SET 9 PIECE RETROSPOT,1,2011-05-22 10:31:00,4.95,12404,Spain
536958,22720,SET OF 3 CAKE TINS PANTRY DESIGN,4,2011-06-12 17:54:00,4.95,12508,United Kingdom
536958,22423,REGENCY CAKESTAND 3 TIER,6,2011-06-12 17:54:00,12.75,12508,United Kingdom
536959,22139,RETROSPOT TEA SET CERAMIC 11 PC,2,2011-08-15 13:40:00,4.95,12600,United Kingdom
536959,22138,BAKING SET 9 PIECE RETROSPOT,4,2011-08-15 13:40:00,4.95,12600,United Kingdom
536959,20725,LUNCH BAG RED RETROSPOT,6,2011-08-15 13:40:00,1.65,12600,United Kingdom
536960,84406B,CREAM CUPID HEARTS COAT HANGER,2,2010-12-25 13:06:00,4.15,12481,United Kingdom
536960,22139,RETROSPOT TEA SET CERAMIC 11 PC,6,2010-12-25 13:06:00,4.95,12481,United Kingdom
536960,22386,JUMBO BAG PINK POLKADOT,6,2010-12-25 13:06:00,2.08,12481,United Kingdom
536960,23084,RABBIT NIGHT LIGHT,2,2010-12-25 13:06:00,2.08,12481,United Kingdom
536961,22633,HAND WARMER UNION JACK,6,2011-08-29 15:57:00,1.85,12636,United Kingdom
536961,22632,HAND WARMER RED POLKA DOT,8,2011-08-29 15:57:00,1.85,12636,United Kingdom
536961,84029G,KNITTED UNION FLAG HOT WATER BOTTLE,6,2011-08-29 15:57:00,3.75,12636,United Kingdom
536961,20727,LUNCH BAG BLACK SKULL,4,2011-08-29 15:57:00,1.65,12636,United Kingdom
536961,22457,NATURAL SLATE HEART CHALKBOARD,8,2011-08-29 15:57:00,2.95,12636,United Kingdom
536962,85123A,WHITE HANGING HEART T-LIGHT HOLDER,1,2011-04-08 18:02:00,2.95,12551,Germany
536962,84406B,CREAM CUPID HEARTS COAT HANGER,3,2011-04-08 18:02:00,4.15,12551,Germany
536962,22138,BAKING SET 9 PIECE RETROSPOT,12,2011-04-08 18:02:00,4.95,12551,Germany
536963,23166,MEDIUM CERAMIC TOP STORAGE JAR,1,2011-11-04 15:47:00,1.04,12455,Spain
536963,21977,PACK OF 60 PINK PAISLEY CAKE CASES,4,2011-11-04 15:47:00,0.55,12455,Spain
536963,23084,RABBIT NIGHT LIGHT,6,2011-11-04 15:47:00,2.08,12455,Spain
536964,21034,REX CASH+CARRY JUMBO SHOPPER,2,2011-02-14 11:39:00,0.95,12582,United Kingdom
536964,22086,PAPER CHAIN KIT 50'S CHRISTMAS,4,2011-02-14 11:39:00,2.55,12582,United Kingdom
536964,22139,RETROSPOT TEA SET CERAMIC 11 PC,8,2011-02-14 11:39:00,4.95,12582,United Kingdom
536965,22633,HAND WARMER UNION JACK,1,2011-04-26 10:46:00,1.85,12482,United Kingdom
536965,22632,HAND WARMER RED POLKA DOT,4,2011-04-26 10:46:00,1.85,12482,United Kingdom
536965,84029G,KNITTED UNION FLAG HOT WATER BOTTLE,6,2011-04-26 10:46:00,3.75,12482,United Kingdom
536966,85123A,WHITE HANGING HEART T-LIGHT HOLDER,6,2011-08-06 16:57:00,2.95,12583,United Kingdom
536966,71053,WHITE METAL LANTERN,3,2011-08-06 16:57:00,3.75,12583,United Kingdom
536966,21730,GLASS STAR FROSTED T-LIGHT HOLDER,1,2011-08-06 16:57:00,4.25,12583,United Kingdom
536966,22633,HAND WARMER UNION JACK,6,2011-08-06 16:57:00,1.85,12583,United Kingdom
536967,85123A,WHITE HANGING HEART T-LIGHT HOLDER,2,2011-11-03 16:41:00,2.95,12488,United Kingdom
536967,22457,NATURAL SLATE HEART CHALKBOARD,6,2011-11-03 16:41:00,2.95,12488,United Kingdom
536967,71053,WHITE METAL LANTERN,6,2011-11-03 16:41:00,3.75,12488,United Kingdom
536968,22961,JAM MAKING SET PRINTED,2,2011-06-27 14:12:00,1.45,12378,United Kingdom
536968,22960,JAM MAKING SET WITH JARS,6,2011-06-27 14:12:00,4.25,12378,United Kingdom
536968,22752,SET 7 BABUSHKA NESTING BOXES,12,2011-06-27 14:12:00,7.65,12378,United Kingdom
536969,22457,NATURAL SLATE HEART CHALKBOARD,4,2011-04-01 17:37:00,2.95,12392,United Kingdom
536969,22086,PAPER CHAIN KIT 50'S CHRISTMAS,8,2011-04-01 17:37:00,2.55,12392,United Kingdom
536969,47566,PARTY BUNTING,4,2011-04-01 17:37:00,4.95,12392,United Kingdom
536969,23084,RABBIT NIGHT LIGHT,3,2011-04-01 17:37:00,2.08,12392,United Kingdom
536970,22086,PAPER CHAIN KIT 50'S CHRISTMAS,12,2011-02-28 11:47:00,2.55,12400,Germany
536970,47566,PARTY BUNTING,6,2011-02-28 11:47:00,4.95,12400,Germany
536971,21212,PACK OF 72 RETROSPOT CAKE CASES,3,2011-01-27 14:04:00,0.55,12704,United Kingdom
536971,22423,REGENCY CAKESTAND 3 TIER,6,2011-01-27 14:04:00,12.75,12704,United Kingdom
536971,22457,NATURAL SLATE HEART CHALKBOARD,12,2011-01-27 14:04:00,2.95,12704,United Kingdom
536971,22138,BAKING SET 9 PIECE RETROSPOT,6,2011-01-27 14:04:00,4.95,12704,United Kingdom
536971,21977,PACK OF 60 PINK PAISLEY CAKE CASES,6,2011-01-27 14:04:00,0.55,12704,United Kingdom
536972,21212,PACK OF 72 RETROSPOT CAKE CASES,6,2011-10-27 17:32:00,0.55,12356,United Kingdom
536972,84879,ASSORTED COLOUR BIRD ORNAMENT,6,2011-10-27 17:32:00,1.69,12356,United Kingdom
536972,22423,REGENCY CAKESTAND 3 TIER,2,2011-10-27 17:32:00,12.75,12356,United Kingdom
536972,22382,LUNCH BAG SPACEBOY DESIGN,4,2011-10-27 17:32:00,1.65,12356,United Kingdom
536972,21977,PACK OF 60 PINK PAISLEY CAKE CASES,12,2011-10-27 17:32:00,0.55,12356,United Kingdom
536973,22632,HAND WARMER RED POLKA DOT,3,2010-12-05 15:29:00,1.85,12544,United Kingdom
536973,21212,PACK OF 72 RETROSPOT CAKE CASES,12,2010-12-05 15:29:00,0.55,12544,United Kingdom
536973,22423,REGENCY CAKESTAND 3 TIER,6,2010-12-05 15:29:00,12.75,12544,United Kingdom
536973,22139,RETROSPOT TEA SET CERAMIC 11 PC,8,2010-12-05 15:29:00,4.95,12544,United Kingdom
536973,21977,PACK OF 60 PINK PAISLEY CAKE CASES,1,2010-12-05 15:29:00,0.55,12544,United Kingdom
536974,22423,REGENCY CAKESTAND 3 TIER,2,2011-01-11 16:00:00,12.75,12486,United Kingdom
536974,22386,JUMBO BAG PINK POLKADOT,3,2011-01-11 16:00:00,2.08,12486,United Kingdom
536975,85123A,WHITE HANGING HEART T-LIGHT HOLDER,1,2011-04-13 16:34:00,2.95,12703,United Kingdom
536975,84406B,CREAM CUPID HEARTS COAT HANGER,1,2011-04-13 16:34:00,4.15,12703,United Kingdom
536975,47566,PARTY BUNTING,3,2011-04-13 16:34:00,4.95,12703,United Kingdom
536975,22386,JUMBO BAG PINK POLKADOT,12,2011-04-13 16:34:00,2.08,12703,United Kingdom
536976,84406B,CREAM CUPID HEARTS COAT HANGER,3,2011-02-08 08:55:00,4.15,12674,United Kingdom
536976,22752,SET 7 BABUSHKA NESTING BOXES,8,2011-02-08 08:55:00,7.65,12674,United Kingdom
536976,22633,HAND WARMER UNION JACK,6,2011-02-08 08:55:00,1.85,12674,United Kingdom
536976,84029G,KNITTED UNION FLAG HOT WATER BOTTLE,12,2011-02-08 08:55:00,3.75,12674,United Kingdom
536976,85099B,JUMBO BAG RED RETROSPOT,12,2011-02-08 08:55:00,2.08,12674,United Kingdom
536976,85099C,JUMBO BAG BAROQUE BLACK WHITE,3,2011-02-08 08:55:00,2.08,12674,United Kingdom
536976,22386,JUMBO BAG PINK POLKADOT,6,2011-02-08 08:55:00,2.08,12674,United Kingdom
536977,84406B,CREAM CUPID HEARTS COAT HANGER,8,2011-11-17 18:22:00,4.15,12434,United Kingdom
536978,85123A,WHITE HANGING HEART T-LIGHT HOLDER,4,2011-03-04 15:26:00,2.95,12534,United Kingdom
536978,21977,PACK OF 60 PINK PAISLEY CAKE CASES,2,2011-03-04 15:26:00,0.55,12534,United Kingdom
536978,84029G,KNITTED UNION FLAG HOT WATER BOTTLE,12,2011-03-04 15:26:00,3.75,12534,United Kingdom
536979,22086,PAPER CHAIN KIT 50'S CHRISTMAS,6,2011-04-14 10:33:00,2.55,12447,United Kingdom
536979,84406B,CREAM CUPID HEARTS COAT HANGER,3,2011-04-14 10:33:00,4.15,12447,United Kingdom
536979,21730,GLASS STAR FROSTED T-LIGHT HOLDER,2,2011-04-14 10:33:00,4.25,12447,United Kingdom
536979,47566,PARTY BUNTING,1,2011-04-14 10:33:00,4.95,12447,United Kingdom
536980,22752,SET 7 BABUSHKA NESTING BOXES,4,2011-08-27 15:19:00,7.65,12713,Germany
536980,22386,JUMBO BAG PINK POLKADOT,4,2011-08-27 15:19:00,2.08,12713,Germany
536980,84029G,KNITTED UNION FLAG HOT WATER BOTTLE,6,2011-08-27 15:19:00,3.75,12713,Germany
536981,22960,JAM MAKING SET WITH JARS,4,2011-08-11 14:38:00,4.25,12493,United Kingdom
536981,21034,REX CASH+CARRY JUMBO SHOPPER,8,2011-08-11 14:38:00,0.95,12493,United Kingdom
536981,22632,HAND WARMER RED POLKA DOT,3,2011-08-11 14:38:00,1.85,12493,United Kingdom
536981,23084,RABBIT NIGHT LIGHT,8,2011-08-11 14:38:00,2.08,12493,United Kingdom
536982,21212,PACK OF 72 RETROSPOT CAKE CASES,12,2010-12-15 12:46:00,0.55,12420,United Kingdom
536982,22423,REGENCY CAKESTAND 3 TIER,2,2010-12-15 12:46:00,12.75,12420,United Kingdom
536982,23166,MEDIUM CERAMIC TOP STORAGE JAR,1,2010-12-15 12:46:00,1.04,12420,United Kingdom
536982,85099C,JUMBO BAG BAROQUE BLACK WHITE,12,2010-12-15 12:46:00,2.08,12420,United Kingdom
536982,21977,PACK OF 60 PINK PAISLEY CAKE CASES,3,2010-12-15 12:46:00,0.55,12420,United Kingdom
536983,22961,JAM MAKING SET PRINTED,2,2011-11-20 15:13:00,1.45,12511,United Kingdom
536983,22197,POPCORN HOLDER,2,2011-11-20 15:13:00,0.85,12511,United Kingdom
536983,23084,RABBIT NIGHT LIGHT,1,2011-11-20 15:13:00,2.08,12511,United Kingdom
536984,22457,NATURAL SLATE HEART CHALKBOARD,1,2011-05-20 12:00:00,2.95,12372,United Kingdom
536984,71053,WHITE METAL LANTERN,6,2011-05-20 12:00:00,3.75,12372,United Kingdom
536984,22386,JUMBO BAG PINK POLKADOT,8,2011-05-20 12:00:00,2.08,12372,United Kingdom
536984,23084,RABBIT NIGHT LIGHT,6,2011-05-20 12:00:00,2.08,12372,United Kingdom
536985,22961,JAM MAKING SET PRINTED,12,2011-11-09 13:38:00,1.45,12548,Spain
536985,22960,JAM MAKING SET WITH JARS,6,2011-11-09 13:38:00,4.25,12548,Spain
536985,22633,HAND WARMER UNION JACK,12,2011-11-09 13:38:00,1.85,12548,Spain
536985,20727,LUNCH BAG BLACK SKULL,3,2011-11-09 13:38:00,1.65,12548,Spain
536986,85099B,JUMBO BAG RED RETROSPOT,3,2011-05-12 16:57:00,2.08,12391,United Kingdom
536986,85099C,JUMBO BAG BAROQUE BLACK WHITE,12,2011-05-12 16:57:00,2.08,12391,United Kingdom
536986,22386,JUMBO BAG PINK POLKADOT,6,2011-05-12 16:57:00,2.08,12391,United Kingdom
536987,22633,HAND WARMER UNION JACK,6,2011-06-03 14:48:00,1.85,12728,United Kingdom
536987,22086,PAPER CHAIN KIT 50'S CHRISTMAS,12,2011-06-03 14:48:00,2.55,12728,United Kingdom
536987,22423,REGENCY CAKESTAND 3 TIER,3,2011-06-03 14:48:00,12.75,12728,United Kingdom
536987,20725,LUNCH BAG RED RETROSPOT,12,2011-06-03 14:48:00,1.65,12728,United Kingdom
536987,20727,LUNCH BAG BLACK SKULL,1,2011-06-03 14:48:00,1.65,12728,United Kingdom
536987,22382,LUNCH BAG SPACEBOY DESIGN,4,2011-06-03 14:48:00,1.65,12728,United Kingdom
536987,22138,BAKING SET 9 PIECE RETROSPOT,3,2011-06-03 14:48:00,4.95,12728,United Kingdom
536988,22752,SET 7 BABUSHKA NESTING BOXES,12,2011-03-28 10:32:00,7.65,12373,France
536988,22423,REGENCY CAKESTAND 3 TIER,1,2011-03-28 10:32:00,12.75,12373,France
536988,22720,SET OF 3 CAKE TINS PANTRY DESIGN,12,2011-03-28 10:32:00,4.95,12373,France
536988,22138,BAKING SET 9 PIECE RETROSPOT,6,2011-03-28 10:32:00,4.95,12373,France
536988,21977,PACK OF 60 PINK PAISLEY CAKE CASES,12,2011-03-28 10:32:00,0.55,12373,France
536989,22139,RETROSPOT TEA SET CERAMIC 11 PC,6,2011-08-10 10:24:00,4.95,12580,United Kingdom
536989,22633,HAND WARMER UNION JACK,3,2011-08-10 10:24:00,1.85,12580,United Kingdom
536989,22632,HAND WARMER RED POLKA DOT,3,2011-08-10 10:24:00,1.85,12580,United Kingdom
536989,84029G,KNITTED UNION FLAG HOT WATER BOTTLE,6,2011-08-10 10:24:00,3.75,12580,United Kingdom
536990,20727,LUNCH BAG BLACK SKULL,3,2011-11-05 17:43:00,1.65,12634,Netherlands
536991,85099B,JUMBO BAG RED RETROSPOT,6,2011-01-09 12:19:00,2.08,12559,France
536991,85099C,JUMBO BAG BAROQUE BLACK WHITE,2,2011-01-09 12:19:00,2.08,12559,France
536991,22386,JUMBO BAG PINK POLKADOT,8,2011-01-09 12:19:00,2.08,12559,France
536992,22633,HAND WARMER UNION JACK,12,2011-09-29 10:23:00,1.85,12537,United Kingdom
536992,22632,HAND WARMER RED POLKA DOT,12,2011-09-29 10:23:00,1.85,12537,United Kingdom
536992,84029G,KNITTED UNION FLAG HOT WATER BOTTLE,6,2011-09-29 10:23:00,3.75,12537,United Kingdom
536992,85099C,JUMBO BAG BAROQUE BLACK WHITE,1,2011-09-29 10:23:00,2.08,12537,United Kingdom
536992,22386,JUMBO BAG PINK POLKADOT,6,2011-09-29 10:23:00,2.08,12537,United Kingdom
536992,21034,REX CASH+CARRY JUMBO SHOPPER,1,2011-09-29 10:23:00,0.95,12537,United Kingdom
536993,85123A,WHITE HANGING HEART T-LIGHT HOLDER,1,2011-10-15 15:50:00,2.95,12681,Netherlands
536993,71053,WHITE METAL LANTERN,2,2011-10-15 15:50:00,3.75,12681,Netherlands
536993,21730,GLASS STAR FROSTED T-LIGHT HOLDER,8,2011-10-15 15:50:00,4.25,12681,Netherlands
536993,22086,PAPER CHAIN KIT 50'S CHRISTMAS,2,2011-10-15 15:50:00,2.55,12681,Netherlands
536993,22457,NATURAL SLATE HEART CHALKBOARD,8,2011-10-15 15:50:00,2.95,12681,Netherlands
536994,21977,PACK OF 60 PINK PAISLEY CAKE CASES,8,2011-03-02 12:19:00,0.55,12476,United Kingdom
536994,21212,PACK OF 72 RETROSPOT CAKE CASES,6,2011-03-02 12:19:00,0.55,12476,United Kingdom
536994,84879,ASSORTED COLOUR BIRD ORNAMENT,3,2011-03-02 12:19:00,1.69,12476,United Kingdom
536994,22423,REGENCY CAKESTAND 3 TIER,2,2011-03-02 12:19:00,12.75,12476,United Kingdom
536995,22752,SET 7 BABUSHKA NESTING BOXES,6,2011-08-09 15:17:00,7.65,12498,United Kingdom
536995,21212,PACK OF 72 RETROSPOT CAKE CASES,4,2011-08-09 15:17:00,0.55,12498,United Kingdom
536995,21730,GLASS STAR FROSTED T-LIGHT HOLDER,12,2011-08-09 15:17:00,4.25,12498,United Kingdom
536995,85099C,JUMBO BAG BAROQUE BLACK WHITE,12,2011-08-09 15:17:00,2.08,12498,United Kingdom
536996,22197,POPCORN HOLDER,8,2011-08-01 13:06:00,0.85,12544,United Kingdom
536996,22139,RETROSPOT TEA SET CERAMIC 11 PC,8,2011-08-01 13:06:00,4.95,12544,United Kingdom
536996,22138,BAKING SET 9 PIECE RETROSPOT,2,2011-08-01 13:06:00,4.95,12544,United Kingdom
536996,22633,HAND WARMER UNION JACK,1,2011-08-01 13:06:00,1.85,12544,United Kingdom
536997,22961,JAM MAKING SET PRINTED,2,2011-05-24 16:13:00,1.45,12608,United Kingdom
536997,22960,JAM MAKING SET WITH JARS,6,2011-05-24 16:13:00,4.25,12608,United Kingdom
536997,85099B,JUMBO BAG RED RETROSPOT,12,2011-05-24 16:13:00,2.08,12608,United Kingdom
536997,20727,LUNCH BAG BLACK SKULL,8,2011-05-24 16:13:00,1.65,12608,United Kingdom
536998,20727,LUNCH BAG BLACK SKULL,8,2011-08-02 12:39:00,1.65,12386,United Kingdom
536998,22382,LUNCH BAG SPACEBOY DESIGN,6,2011-08-02 12:39:00,1.65,12386,United Kingdom
536998,20725,LUNCH BAG RED RETROSPOT,1,2011-08-02 12:39:00,1.65,12386,United Kingdom
536999,22139,RETROSPOT TEA SET CERAMIC 11 PC,12,2011-01-09 09:02:00,4.95,12628,United Kingdom
536999,22138,BAKING SET 9 PIECE RETROSPOT,6,2011-01-09 09:02:00,4.95,12628,United Kingdom
537000,22720,SET OF 3 CAKE TINS PANTRY DESIGN,3,2011-04-10 17:35:00,4.95,12527,EIRE
537000,22457,NATURAL SLATE HEART CHALKBOARD,8,2011-04-10 17:35:00,2.95,12527,EIRE
537000,22423,REGENCY CAKESTAND 3 TIER,1,2011-04-10 17:35:00,12.75,12527,EIRE
537001,22961,JAM MAKING SET PRINTED,6,2011-07-02 12:50:00,1.45,12388,Netherlands
537001,22457,NATURAL SLATE HEART CHALKBOARD,3,2011-07-02 12:50:00,2.95,12388,Netherlands
537001,22197,POPCORN HOLDER,4,2011-07-02 12:50:00,0.85,12388,Netherlands
537002,85123A,WHITE HANGING HEART T-LIGHT HOLDER,8,2011-01-10 17:46:00,2.95,12440,United Kingdom
537002,71053,WHITE METAL LANTERN,2,2011-01-10 17:46:00,3.75,12440,United Kingdom
537002,21730,GLASS STAR FROSTED T-LIGHT HOLDER,1,2011-01-10 17:46:00,4.25,12440,United Kingdom
537003,22960,JAM MAKING SET WITH JARS,6,2011-11-01 15:59:00,4.25,12433,United Kingdom
537003,22197,POPCORN HOLDER,8,2011-11-01 15:59:00,0.85,12433,United Kingdom
537003,20725,LUNCH BAG RED RETROSPOT,6,2011-11-01 15:59:00,1.65,12433,United Kingdom
537003,23084,RABBIT NIGHT LIGHT,2,2011-11-01 15:59:00,2.08,12433,United Kingdom
537004,22139,RETROSPOT TEA SET CERAMIC 11 PC,1,2011-02-08 08:42:00,4.95,12410,United Kingdom
537005,85123A,WHITE HANGING HEART T-LIGHT HOLDER,6,2011-08-04 11:11:00,2.95,12453,United Kingdom
537005,84406B,CREAM CUPID HEARTS COAT HANGER,12,2011-08-04 11:11:00,4.15,12453,United Kingdom
537006,22961,JAM MAKING SET PRINTED,12,2011-07-31 14:31:00,1.45,12421,United Kingdom
537006,22960,JAM MAKING SET WITH JARS,4,2011-07-31 14:31:00,4.25,12421,United Kingdom
537006,85123A,WHITE HANGING HEART T-LIGHT HOLDER,4,2011-07-31 14:31:00,2.95,12421,United Kingdom
537006,20725,LUNCH BAG RED RETROSPOT,6,2011-07-31 14:31:00,1.65,12421,United Kingdom
537007,22139,RETROSPOT TEA SET CERAMIC 11 PC,6,2011-06-19 08:51:00,4.95,12637,United Kingdom
537007,22138,BAKING SET 9 PIECE RETROSPOT,1,2011-06-19 08:51:00,4.95,12637,United Kingdom
537007,23084,RABBIT NIGHT LIGHT,12,2011-06-19 08:51:00,2.08,12637,United Kingdom
537007,20725,LUNCH BAG RED RETROSPOT,8,2011-06-19 08:51:00,1.65,12637,United Kingdom
537008,85123A,WHITE HANGING HEART T-LIGHT HOLDER,2,2011-08-20 18:16:00,2.95,12594,France
537008,71053,WHITE METAL LANTERN,6,2011-08-20 18:16:00,3.75,12594,France
537008,21730,GLASS STAR FROSTED T-LIGHT HOLDER,8,2011-08-20 18:16:00,4.25,12594,France
537008,22086,PAPER CHAIN KIT 50'S CHRISTMAS,12,2011-08-20 18:16:00,2.55,12594,France
537008,22423,REGENCY CAKESTAND 3 TIER,2,2011-08-20 18:16:00,12.75,12594,France
537008,23166,MEDIUM CERAMIC TOP STORAGE JAR,12,2011-08-20 18:16:00,1.04,12594,France
537009,20727,LUNCH BAG BLACK SKULL,6,2011-10-27 13:58:00,1.65,12664,United Kingdom
537009,22382,LUNCH BAG SPACEBOY DESIGN,12,2011-10-27 13:58:00,1.65,12664,United Kingdom
537009,20725,LUNCH BAG RED RETROSPOT,4,2011-10-27 13:58:00,1.65,12664,United Kingdom
537010,22960,JAM MAKING SET WITH JARS,8,2011-03-23 18:28:00,4.25,12605,United Kingdom
537010,21730,GLASS STAR FROSTED T-LIGHT HOLDER,8,2011-03-23 18:28:00,4.25,12605,United Kingdom
537010,22138,BAKING SET 9 PIECE RETROSPOT,6,2011-03-23 18:28:00,4.95,12605,United Kingdom
537011,21730,GLASS STAR FROSTED T-LIGHT HOLDER,3,2011-02-21 17:43:00,4.25,12587,United Kingdom
537011,22633,HAND WARMER UNION JACK,12,2011-02-21 17:43:00,1.85,12587,United Kingdom
537011,22632,HAND WARMER RED POLKA DOT,2,2011-02-21 17:43:00,1.85,12587,United Kingdom
537011,84029G,KNITTED UNION FLAG HOT WATER BOTTLE,8,2011-02-21 17:43:00,3.75,12587,United Kingdom
537012,85123A,WHITE HANGING HEART T-LIGHT HOLDER,6,2011-05-05 11:43:00,2.95,12598,Spain
537012,71053,WHITE METAL LANTERN,3,2011-05-05 11:43:00,3.75,12598,Spain
537012,21730,GLASS STAR FROSTED T-LIGHT HOLDER,3,2011-05-05 11:43:00,4.25,12598,Spain
537012,22961,JAM MAKING SET PRINTED,1,2011-05-05 11:43:00,1.45,12598,Spain
537012,22138,BAKING SET 9 PIECE RETROSPOT,2,2011-05-05 11:43:00,4.95,12598,Spain
537013,22961,JAM MAKING SET PRINTED,6,2011-07-09 10:09:00,1.45,12518,United Kingdom
537013,22086,PAPER CHAIN KIT 50'S CHRISTMAS,1,2011-07-09 10:09:00,2.55,12518,United Kingdom
537013,21212,PACK OF 72 RETROSPOT CAKE CASES,6,2011-07-09 10:09:00,0.55,12518,United Kingdom
537013,22423,REGENCY CAKESTAND 3 TIER,3,2011-07-09 10:09:00,12.75,12518,United Kingdom
537013,22457,NATURAL SLATE HEART CHALKBOARD,2,2011-07-09 10:09:00,2.95,12518,United Kingdom
537013,21977,PACK OF 60 PINK PAISLEY CAKE CASES,1,2011-07-09 10:09:00,0.55,12518,United Kingdom
537014,20727,LUNCH BAG BLACK SKULL,2,2011-07-23 09:36:00,1.65,12570,United Kingdom
537015,23084,RABBIT NIGHT LIGHT,6,2011-10-19 10:25:00,2.08,12431,United Kingdom
537016,21730,GLASS STAR FROSTED T-LIGHT HOLDER,2,2011-07-15 17:01:00,4.25,12708,United Kingdom
537016,85099B,JUMBO BAG RED RETROSPOT,4,2011-07-15 17:01:00,2.08,12708,United Kingdom
537016,85099C,JUMBO BAG BAROQUE BLACK WHITE,12,2011-07-15 17:01:00,2.08,12708,United Kingdom
537016,22386,JUMBO BAG PINK POLKADOT,8,2011-07-15 17:01:00,2.08,12708,United Kingdom
537016,21034,REX CASH+CARRY JUMBO SHOPPER,1,2011-07-15 17:01:00,0.95,12708,United Kingdom
537017,20725,LUNCH BAG RED RETROSPOT,8,2011-07-31 13:48:00,1.65,12471,EIRE
537017,20727,LUNCH BAG BLACK SKULL,6,2011-07-31 13:48:00,1.65,12471,EIRE
537017,22382,LUNCH BAG SPACEBOY DESIGN,4,2011-07-31 13:48:00,1.65,12471,EIRE
537017,22386,JUMBO BAG PINK POLKADOT,3,2011-07-31 13:48:00,2.08,12471,EIRE
537017,22720,SET OF 3 CAKE TINS PANTRY DESIGN,8,2011-07-31 13:48:00,4.95,12471,EIRE
537018,85123A,WHITE HANGING HEART T-LIGHT HOLDER,12,2011-02-09 14:56:00,2.95,12462,United Kingdom
537018,22457,NATURAL SLATE HEART CHALKBOARD,3,2011-02-09 14:56:00,2.95,12462,United Kingdom
537018,21212,PACK OF 72 RETROSPOT CAKE CASES,1,2011-02-09 14:56:00,0.55,12462,United Kingdom
537018,85099C,JUMBO BAG BAROQUE BLACK WHITE,2,2011-02-09 14:56:00,2.08,12462,United Kingdom
537019,22139,RETROSPOT TEA SET CERAMIC 11 PC,3,2011-05-23 13:55:00,4.95,12389,United Kingdom
537019,22138,BAKING SET 9 PIECE RETROSPOT,1,2011-05-23 13:55:00,4.95,12389,United Kingdom
537020,85123A,WHITE HANGING HEART T-LIGHT HOLDER,6,2011-11-04 16:48:00,2.95,12669,United Kingdom
537020,84406B,CREAM CUPID HEARTS COAT HANGER,6,2011-11-04 16:48:00,4.15,12669,United Kingdom
537020,23084,RABBIT NIGHT LIGHT,1,2011-11-04 16:48:00,2.08,12669,United Kingdom
537021,85099B,JUMBO BAG RED RETROSPOT,12,2011-08-28 18:28:00,2.08,12489,United Kingdom
537021,22138,BAKING SET 9 PIECE RETROSPOT,6,2011-08-28 18:28:00,4.95,12489,United Kingdom
537021,22632,HAND WARMER RED POLKA DOT,8,2011-08-28 18:28:00,1.85,12489,United Kingdom
537022,20727,LUNCH BAG BLACK SKULL,6,2011-03-12 12:35:00,1.65,12743,United Kingdom
537022,22139,RETROSPOT TEA SET CERAMIC 11 PC,4,2011-03-12 12:35:00,4.95,12743,United Kingdom
537022,22138,BAKING SET 9 PIECE RETROSPOT,2,2011-03-12 12:35:00,4.95,12743,United Kingdom
537023,85123A,WHITE HANGING HEART T-LIGHT HOLDER,1,2011-09-09 13:03:00,2.95,12607,United Kingdom
537024,71053,WHITE METAL LANTERN,6,2011-09-30 12:45:00,3.75,12622,United Kingdom
537024,21034,REX CASH+CARRY JUMBO SHOPPER,6,2011-09-30 12:45:00,0.95,12622,United Kingdom
537024,22752,SET 7 BABUSHKA NESTING BOXES,6,2011-09-30 12:45:00,7.65,12622,United Kingdom
537024,23084,RABBIT NIGHT LIGHT,2,2011-09-30 12:45:00,2.08,12622,United Kingdom
537025,85123A,WHITE HANGING HEART T-LIGHT HOLDER,4,2011-10-30 09:58:00,2.95,12370,United Kingdom
537025,71053,WHITE METAL LANTERN,6,2011-10-30 09:58:00,3.75,12370,United Kingdom
537025,21730,GLASS STAR FROSTED T-LIGHT HOLDER,6,2011-10-30 09:58:00,4.25,12370,United Kingdom
537025,84029G,KNITTED UNION FLAG HOT WATER BOTTLE,6,2011-10-30 09:58:00,3.75,12370,United Kingdom
537025,22086,PAPER CHAIN KIT 50'S CHRISTMAS,3,2011-10-30 09:58:00,2.55,12370,United Kingdom
537025,22457,NATURAL SLATE HEART CHALKBOARD,8,2011-10-30 09:58:00,2.95,12370,United Kingdom
537026,22752,SET 7 BABUSHKA NESTING BOXES,8,2011-04-06 09:50:00,7.65,12612,EIRE
537026,21730,GLASS STAR FROSTED T-LIGHT HOLDER,8,2011-04-06 09:50:00,4.25,12612,EIRE
537026,85099B,JUMBO BAG RED RETROSPOT,2,2011-04-06 09:50:00,2.08,12612,EIRE
537026,85099C,JUMBO BAG BAROQUE BLACK WHITE,2,2011-04-06 09:50:00,2.08,12612,EIRE
537026,22386,JUMBO BAG PINK POLKADOT,1,2011-04-06 09:50:00,2.08,12612,EIRE
537027,85123A,WHITE HANGING HEART T-LIGHT HOLDER,8,2011-02-05 15:43:00,2.95,12563,Germany
537027,84406B,CREAM CUPID HEARTS COAT HANGER,6,2011-02-05 15:43:00,4.15,12563,Germany
537027,20727,LUNCH BAG BLACK SKULL,12,2011-02-05 15:43:00,1.65,12563,Germany
537027,22382,LUNCH BAG SPACEBOY DESIGN,8,2011-02-05 15:43:00,1.65,12563,Germany
537027,23166,MEDIUM CERAMIC TOP STORAGE JAR,12,2011-02-05 15:43:00,1.04,12563,Germany
537028,21730,GLASS STAR FROSTED T-LIGHT HOLDER,2,2011-08-08 15:22:00,4.25,12698,United Kingdom
537028,22961,JAM MAKING SET PRINTED,4,2011-08-08 15:22:00,1.45,12698,United Kingdom
537028,22960,JAM MAKING SET WITH JARS,12,2011-08-08 15:22:00,4.25,12698,United Kingdom
537028,47566,PARTY BUNTING,12,2011-08-08 15:22:00,4.95,12698,United Kingdom
537028,22386,JUMBO BAG PINK POLKADOT,1,2011-08-08 15:22:00,2.08,12698,United Kingdom
537029,22139,RETROSPOT TEA SET CERAMIC 11 PC,2,2011-02-19 16:53:00,4.95,12728,United Kingdom
537029,22138,BAKING SET 9 PIECE RETROSPOT,6,2011-02-19 16:53:00,4.95,12728,United Kingdom
537030,20727,LUNCH BAG BLACK SKULL,12,2011-04-28 09:03:00,1.65,12638,United Kingdom
537030,22382,LUNCH BAG SPACEBOY DESIGN,1,2011-04-28 09:03:00,1.65,12638,United Kingdom
537030,22960,JAM MAKING SET WITH JARS,3,2011-04-28 09:03:00,4.25,12638,United Kingdom
537030,20725,LUNCH BAG RED RETROSPOT,3,2011-04-28 09:03:00,1.65,12638,United Kingdom
537031,22633,HAND WARMER UNION JACK,12,2011-07-04 09:29:00,1.85,12647,United Kingdom
537032,22960,JAM MAKING SET WITH JARS,12,2011-02-01 16:52:00,4.25,12347,United Kingdom
537032,23166,MEDIUM CERAMIC TOP STORAGE JAR,6,2011-02-01 16:52:00,1.04,12347,United Kingdom
537032,20725,LUNCH BAG RED RETROSPOT,8,2011-02-01 16:52:00,1.65,12347,United Kingdom
537033,21730,GLASS STAR FROSTED T-LIGHT HOLDER,6,2011-10-07 11:18:00,4.25,12589,United Kingdom
537033,22423,REGENCY CAKESTAND 3 TIER,2,2011-10-07 11:18:00,12.75,12589,United Kingdom
537033,47566,PARTY BUNTING,8,2011-10-07 11:18:00,4.95,12589,United Kingdom
537033,85099C,JUMBO BAG BAROQUE BLACK WHITE,8,2011-10-07 11:18:00,2.08,12589,United Kingdom
537033,22720,SET OF 3 CAKE TINS PANTRY DESIGN,4,2011-10-07 11:18:00,4.95,12589,United Kingdom
537034,22139,RETROSPOT TEA SET CERAMIC 11 PC,3,2011-05-23 16:32:00,4.95,12548,Germany
537035,84406B,CREAM CUPID HEARTS COAT HANGER,1,2010-12-13 18:10:00,4.15,12708,United Kingdom
537035,22633,HAND WARMER UNION JACK,4,2010-12-13 18:10:00,1.85,12708,United Kingdom
537035,22632,HAND WARMER RED POLKA DOT,12,2010-12-13 18:10:00,1.85,12708,United Kingdom
537035,84029G,KNITTED UNION FLAG HOT WATER BOTTLE,1,2010-12-13 18:10:00,3.75,12708,United Kingdom
537035,22382,LUNCH BAG SPACEBOY DESIGN,2,2010-12-13 18:10:00,1.65,12708,United Kingdom
537035,22197,POPCORN HOLDER,3,2010-12-13 18:10:00,0.85,12708,United Kingdom
537036,85123A,WHITE HANGING HEART T-LIGHT HOLDER,12,2011-04-20 11:45:00,2.95,12355,Netherlands
537036,71053,WHITE METAL LANTERN,1,2011-04-20 11:45:00,3.75,12355,Netherlands
537036,84406B,CREAM CUPID HEARTS COAT HANGER,6,2011-04-20 11:45:00,4.15,12355,Netherlands
537036,22086,PAPER CHAIN KIT 50'S CHRISTMAS,8,2011-04-20 11:45:00,2.55,12355,Netherlands
537036,84879,ASSORTED COLOUR BIRD ORNAMENT,3,2011-04-20 11:45:00,1.69,12355,Netherlands
537036,23166,MEDIUM CERAMIC TOP STORAGE JAR,8,2011-04-20 11:45:00,1.04,12355,Netherlands
537037,21730,GLASS STAR FROSTED T-LIGHT HOLDER,6,2011-08-28 13:54:00,4.25,12358,United Kingdom
537037,22633,HAND WARMER UNION JACK,2,2011-08-28 13:54:00,1.85,12358,United Kingdom
537037,22632,HAND WARMER RED POLKA DOT,3,2011-08-28 13:54:00,1.85,12358,United Kingdom
537037,84029G,KNITTED UNION FLAG HOT WATER BOTTLE,6,2011-08-28 13:54:00,3.75,12358,United Kingdom
537037,22960,JAM MAKING SET WITH JARS,8,2011-08-28 13:54:00,4.25,12358,United Kingdom
537038,85123A,WHITE HANGING HEART T-LIGHT HOLDER,6,2011-02-25 09:09:00,2.95,12693,United Kingdom
537038,71053,WHITE METAL LANTERN,3,2011-02-25 09:09:00,3.75,12693,United Kingdom
537038,22752,SET 7 BABUSHKA NESTING BOXES,8,2011-02-25 09:09:00,7.65,12693,United Kingdom
537038,21730,GLASS STAR FROSTED T-LIGHT HOLDER,6,2011-02-25 09:09:00,4.25,12693,United Kingdom
537038,84879,ASSORTED COLOUR BIRD ORNAMENT,6,2011-02-25 09:09:00,1.69,12693,United Kingdom
537039,20727,LUNCH BAG BLACK SKULL,8,2011-01-31 08:42:00,1.65,12538,United Kingdom
537039,22720,SET OF 3 CAKE TINS PANTRY DESIGN,2,2011-01-31 08:42:00,4.95,12538,United Kingdom
537039,20725,LUNCH BAG RED RETROSPOT,6,2011-01-31 08:42:00,1.65,12538,United Kingdom
537039,84029G,KNITTED UNION FLAG HOT WATER BOTTLE,1,2011-01-31 08:42:00,3.75,12538,United Kingdom
537040,22139,RETROSPOT TEA SET CERAMIC 11 PC,1,2011-07-26 16:56:00,4.95,12508,United Kingdom
537040,22138,BAKING SET 9 PIECE RETROSPOT,6,2011-07-26 16:56:00,4.95,12508,United Kingdom
537040,21977,PACK OF 60 PINK PAISLEY CAKE CASES,2,2011-07-26 16:56:00,0.55,12508,United Kingdom
537041,21730,GLASS STAR FROSTED T-LIGHT HOLDER,3,2011-09-11 10:49:00,4.25,12472,Netherlands
537041,22633,HAND WARMER UNION JACK,4,2011-09-11 10:49:00,1.85,12472,Netherlands
537041,22632,HAND WARMER RED POLKA DOT,8,2011-09-11 10:49:00,1.85,12472,Netherlands
537041,84029G,KNITTED UNION FLAG HOT WATER BOTTLE,12,2011-09-11 10:49:00,3.75,12472,Netherlands
537041,21212,PACK OF 72 RETROSPOT CAKE CASES,1,2011-09-11 10:49:00,0.55,12472,Netherlands
537041,22457,NATURAL SLATE HEART CHALKBOARD,1,2011-09-11 10:49:00,2.95,12472,Netherlands
537042,22720,SET OF 3 CAKE TINS PANTRY DESIGN,8,2011-10-14 13:11:00,4.95,12583,United Kingdom
537042,22961,JAM MAKING SET PRINTED,6,2011-10-14 13:11:00,1.45,12583,United Kingdom
537042,22197,POPCORN HOLDER,4,2011-10-14 13:11:00,0.85,12583,United Kingdom
537042,22423,REGENCY CAKESTAND 3 TIER,6,2011-10-14 13:11:00,12.75,12583,United Kingdom
537043,22139,RETROSPOT TEA SET CERAMIC 11 PC,3,2011-02-21 17:06:00,4.95,12369,United Kingdom
537043,22138,BAKING SET 9 PIECE RETROSPOT,6,2011-02-21 17:06:00,4.95,12369,United Kingdom
537044,22961,JAM MAKING SET PRINTED,12,2011-03-18 18:02:00,1.45,12567,United Kingdom
537044,85099B,JUMBO BAG RED RETROSPOT,6,2011-03-18 18:02:00,2.08,12567,United Kingdom
537045,85123A,WHITE HANGING HEART T-LIGHT HOLDER,3,2011-11-05 13:51:00,2.95,12471,United Kingdom
537045,22086,PAPER CHAIN KIT 50'S CHRISTMAS,1,2011-11-05 13:51:00,2.55,12471,United Kingdom
537045,21977,PACK OF 60 PINK PAISLEY CAKE CASES,12,2011-11-05 13:51:00,0.55,12471,United Kingdom
537045,47566,PARTY BUNTING,1,2011-11-05 13:51:00,4.95,12471,United Kingdom
537046,22720,SET OF 3 CAKE TINS PANTRY DESIGN,2,2011-11-10 10:56:00,4.95,12350,Spain
537046,22382,LUNCH BAG SPACEBOY DESIGN,2,2011-11-10 10:56:00,1.65,12350,Spain
537046,84879,ASSORTED COLOUR BIRD ORNAMENT,1,2011-11-10 10:56:00,1.69,12350,Spain
537047,84879,ASSORTED COLOUR BIRD ORNAMENT,1,2011-07-16 09:52:00,1.69,12689,United Kingdom
537047,22633,HAND WARMER UNION JACK,2,2011-07-16 09:52:00,1.85,12689,United Kingdom
537048,85123A,WHITE HANGING HEART T-LIGHT HOLDER,6,2011-06-08 11:58:00,2.95,12582,United Kingdom
537048,71053,WHITE METAL LANTERN,4,2011-06-08 11:58:00,3.75,12582,United Kingdom
537048,21730,GLASS STAR FROSTED T-LIGHT HOLDER,2,2011-06-08 11:58:00,4.25,12582,United Kingdom
537048,85099C,JUMBO BAG BAROQUE BLACK WHITE,6,2011-06-08 11:58:00,2.08,12582,United Kingdom
537048,21977,PACK OF 60 PINK PAISLEY CAKE CASES,4,2011-06-08 11:58:00,0.55,12582,United Kingdom
537049,85123A,WHITE HANGING HEART T-LIGHT HOLDER,4,2011-08-10 13:32:00,2.95,12465,United Kingdom
537049,22086,PAPER CHAIN KIT 50'S CHRISTMAS,8,2011-08-10 13:32:00,2.55,12465,United Kingdom
537049,47566,PARTY BUNTING,2,2011-08-10 13:32:00,4.95,12465,United Kingdom
537050,84406B,CREAM CUPID HEARTS COAT HANGER,3,2011-09-18 17:01:00,4.15,12488,United Kingdom
537050,22633,HAND WARMER UNION JACK,2,2011-09-18 17:01:00,1.85,12488,United Kingdom
537050,22086,PAPER CHAIN KIT 50'S CHRISTMAS,3,2011-09-18 17:01:00,2.55,12488,United Kingdom
537050,47566,PARTY BUNTING,6,2011-09-18 17:01:00,4.95,12488,United Kingdom
537050,23166,MEDIUM CERAMIC TOP STORAGE JAR,4,2011-09-18 17:01:00,1.04,12488,United Kingdom
537051,22961,JAM MAKING SET PRINTED,12,2011-04-20 12:24:00,1.45,12613,United Kingdom
537051,22382,LUNCH BAG SPACEBOY DESIGN,1,2011-04-20 12:24:00,1.65,12613,United Kingdom
537051,22197,POPCORN HOLDER,8,2011-04-20 12:24:00,0.85,12613,United Kingdom
537051,85099C,JUMBO BAG BAROQUE BLACK WHITE,1,2011-04-20 12:24:00,2.08,12613,United Kingdom
537052,22720,SET OF 3 CAKE TINS PANTRY DESIGN,1,2011-07-10 14:47:00,4.95,12511,United Kingdom
537052,20727,LUNCH BAG BLACK SKULL,4,2011-07-10 14:47:00,1.65,12511,United Kingdom
537052,21212,PACK OF 72 RETROSPOT CAKE CASES,1,2011-07-10 14:47:00,0.55,12511,United Kingdom
537052,22423,REGENCY CAKESTAND 3 TIER,6,2011-07-10 14:47:00,12.75,12511,United Kingdom
537053,85099B,JUMBO BAG RED RETROSPOT,1,2011-08-30 15:50:00,2.08,12561,United Kingdom
537053,85099C,JUMBO BAG BAROQUE BLACK WHITE,4,2011-08-30 15:50:00,2.08,12561,United Kingdom
537053,22386,JUMBO BAG PINK POLKADOT,8,2011-08-30 15:50:00,2.08,12561,United Kingdom
537054,22633,HAND WARMER UNION JACK,12,2011-04-07 11:40:00,1.85,12384,United Kingdom
537054,22632,HAND WARMER RED POLKA DOT,8,2011-04-07 11:40:00,1.85,12384,United Kingdom
537054,84029G,KNITTED UNION FLAG HOT WATER BOTTLE,1,2011-04-07 11:40:00,3.75,12384,United Kingdom
537055,22720,SET OF 3 CAKE TINS PANTRY DESIGN,1,2011-10-17 14:23:00,4.95,12649,United Kingdom
537055,22086,PAPER CHAIN KIT 50'S CHRISTMAS,6,2011-10-17 14:23:00,2.55,12649,United Kingdom
537055,22423,REGENCY CAKESTAND 3 TIER,4,2011-10-17 14:23:00,12.75,12649,United Kingdom
537056,22086,PAPER CHAIN KIT 50'S CHRISTMAS,2,2011-10-04 17:58:00,2.55,12383,United Kingdom
537056,47566,PARTY BUNTING,1,2011-10-04 17:58:00,4.95,12383,United Kingdom
537057,21977,PACK OF 60 PINK PAISLEY CAKE CASES,12,2011-06-12 14:26:00,0.55,12363,United Kingdom
537058,85123A,WHITE HANGING HEART T-LIGHT HOLDER,8,2011-05-04 18:10:00,2.95,12374,United Kingdom
537058,71053,WHITE METAL LANTERN,2,2011-05-04 18:10:00,3.75,12374,United Kingdom
537058,21730,GLASS STAR FROSTED T-LIGHT HOLDER,8,2011-05-04 18:10:00,4.25,12374,United Kingdom
537058,22960,JAM MAKING SET WITH JARS,4,2011-05-04 18:10:00,4.25,12374,United Kingdom
537058,84879,ASSORTED COLOUR BIRD ORNAMENT,1,2011-05-04 18:10:00,1.69,12374,United Kingdom
537058,22139,RETROSPOT TEA SET CERAMIC 11 PC,12,2011-05-04 18:10:00,4.95,12374,United Kingdom
537059,85123A,WHITE HANGING HEART T-LIGHT HOLDER,4,2011-07-26 15:26:00,2.95,12542,United Kingdom
537059,71053,WHITE METAL LANTERN,2,2011-07-26 15:26:00,3.75,12542,United Kingdom
537059,21730,GLASS STAR FROSTED T-LIGHT HOLDER,2,2011-07-26 15:26:00,4.25,12542,United Kingdom
537059,22086,PAPER CHAIN KIT 50'S CHRISTMAS,1,2011-07-26 15:26:00,2.55,12542,United Kingdom
537059,20727,LUNCH BAG BLACK SKULL,2,2011-07-26 15:26:00,1.65,12542,United Kingdom
537059,23166,MEDIUM CERAMIC TOP STORAGE JAR,4,2011-07-26 15:26:00,1.04,12542,United Kingdom
537060,21730,GLASS STAR FROSTED T-LIGHT HOLDER,1,2011-02-03 16:46:00,4.25,12639,United Kingdom
537060,22633,HAND WARMER UNION JACK,1,2011-02-03 16:46:00,1.85,12639,United Kingdom
537060,84029G,KNITTED UNION FLAG HOT WATER BOTTLE,3,2011-02-03 16:46:00,3.75,12639,United Kingdom
537060,22086,PAPER CHAIN KIT 50'S CHRISTMAS,6,2011-02-03 16:46:00,2.55,12639,United Kingdom
537060,47566,PARTY BUNTING,8,2011-02-03 16:46:00,4.95,12639,United Kingdom
537061,21730,GLASS STAR FROSTED T-LIGHT HOLDER,12,2011-10-30 13:49:00,4.25,12608,Netherlands
537062,23166,MEDIUM CERAMIC TOP STORAGE JAR,1,2011-10-05 13:48:00,1.04,12504,United Kingdom
537062,21730,GLASS STAR FROSTED T-LIGHT HOLDER,4,2011-10-05 13:48:00,4.25,12504,United Kingdom
537062,85099C,JUMBO BAG BAROQUE BLACK WHITE,1,2011-10-05 13:48:00,2.08,12504,United Kingdom
537063,85099C,JUMBO BAG BAROQUE BLACK WHITE,12,2011-05-26 11:42:00,2.08,12562,United Kingdom
537063,22632,HAND WARMER RED POLKA DOT,12,2011-05-26 11:42:00,1.85,12562,United Kingdom
537064,22633,HAND WARMER UNION JACK,2,2011-11-20 14:24:00,1.85,12653,Netherlands
537064,22960,JAM MAKING SET WITH JARS,12,2011-11-20 14:24:00,4.25,12653,Netherlands
537064,22086,PAPER CHAIN KIT 50'S CHRISTMAS,1,2011-11-20 14:24:00,2.55,12653,Netherlands
537064,22423,REGENCY CAKESTAND 3 TIER,12,2011-11-20 14:24:00,12.75,12653,Netherlands
537064,85099B,JUMBO BAG RED RETROSPOT,4,2011-11-20 14:24:00,2.08,12653,Netherlands
537064,85099C,JUMBO BAG BAROQUE BLACK WHITE,1,2011-11-20 14:24:00,2.08,12653,Netherlands
537064,22386,JUMBO BAG PINK POLKADOT,4,2011-11-20 14:24:00,2.08,12653,Netherlands
537065,22633,HAND WARMER UNION JACK,1,2011-03-28 16:09:00,1.85,12700,United Kingdom
537065,22632,HAND WARMER RED POLKA DOT,6,2011-03-28 16:09:00,1.85,12700,United Kingdom
537065,84879,ASSORTED COLOUR BIRD ORNAMENT,1,2011-03-28 16:09:00,1.69,12700,United Kingdom
537065,85099B,JUMBO BAG RED RETROSPOT,2,2011-03-28 16:09:00,2.08,12700,United Kingdom
537065,85099C,JUMBO BAG BAROQUE BLACK WHITE,6,2011-03-28 16:09:00,2.08,12700,United Kingdom
537065,22386,JUMBO BAG PINK POLKADOT,1,2011-03-28 16:09:00,2.08,12700,United Kingdom
537066,85123A,WHITE HANGING HEART T-LIGHT HOLDER,4,2011-01-28 10:48:00,2.95,12630,Germany
537066,71053,WHITE METAL LANTERN,4,2011-01-28 10:48:00,3.75,12630,Germany
537066,22086,PAPER CHAIN KIT 50'S CHRISTMAS,6,2011-01-28 10:48:00,2.55,12630,Germany
537066,47566,PARTY BUNTING,3,2011-01-28 10:48:00,4.95,12630,Germany
537067,21977,PACK OF 60 PINK PAISLEY CAKE CASES,3,2011-04-14 10:51:00,0.55,12458,Spain
537067,21212,PACK OF 72 RETROSPOT CAKE CASES,6,2011-04-14 10:51:00,0.55,12458,Spain
537067,22423,REGENCY CAKESTAND 3 TIER,2,2011-04-14 10:51:00,12.75,12458,Spain
537068,84029G,KNITTED UNION FLAG HOT WATER BOTTLE,6,2011-11-12 10:54:00,3.75,12356,United Kingdom
537068,21212,PACK OF 72 RETROSPOT CAKE CASES,6,2011-11-12 10:54:00,0.55,12356,United Kingdom
537068,22423,REGENCY CAKESTAND 3 TIER,3,2011-11-12 10:54:00,12.75,12356,United Kingdom
537068,47566,PARTY BUNTING,8,2011-11-12 10:54:00,4.95,12356,United Kingdom
537068,21977,PACK OF 60 PINK PAISLEY CAKE CASES,2,2011-11-12 10:54:00,0.55,12356,United Kingdom
537069,22197,POPCORN HOLDER,8,2011-02-12 11:20:00,0.85,12406,United Kingdom
537069,22086,PAPER CHAIN KIT 50'S CHRISTMAS,4,2011-02-12 11:20:00,2.55,12406,United Kingdom
537069,22139,RETROSPOT TEA SET CERAMIC 11 PC,1,2011-02-12 11:20:00,4.95,12406,United Kingdom
537069,22138,BAKING SET 9 PIECE RETROSPOT,4,2011-02-12 11:20:00,4.95,12406,United Kingdom
537070,20727,LUNCH BAG BLACK SKULL,12,2011-04-30 10:50:00,1.65,12620,United Kingdom
537070,22382,LUNCH BAG SPACEBOY DESIGN,4,2011-04-30 10:50:00,1.65,12620,United Kingdom
537070,22139,RETROSPOT TEA SET CERAMIC 11 PC,2,2011-04-30 10:50:00,4.95,12620,United Kingdom
537070,20725,LUNCH BAG RED RETROSPOT,12,2011-04-30 10:50:00,1.65,12620,United Kingdom
537071,85123A,WHITE HANGING HEART T-LIGHT HOLDER,12,2011-10-11 09:40:00,2.95,12685,EIRE
537071,20727,LUNCH BAG BLACK SKULL,3,2011-10-11 09:40:00,1.65,12685,EIRE
537071,84406B,CREAM CUPID HEARTS COAT HANGER,6,2011-10-11 09:40:00,4.15,12685,EIRE
537071,20725,LUNCH BAG RED RETROSPOT,6,2011-10-11 09:40:00,1.65,12685,EIRE
537072,22086,PAPER CHAIN KIT 50'S CHRISTMAS,1,2011-11-21 16:15:00,2.55,12615,France
537072,47566,PARTY BUNTING,4,2011-11-21 16:15:00,4.95,12615,France
537072,85099B,JUMBO BAG RED RETROSPOT,4,2011-11-21 16:15:00,2.08,12615,France
537072,22457,NATURAL SLATE HEART CHALKBOARD,4,2011-11-21 16:15:00,2.95,12615,France
537072,21977,PACK OF 60 PINK PAISLEY CAKE CASES,12,2011-11-21 16:15:00,0.55,12615,France
537073,21212,PACK OF 72 RETROSPOT CAKE CASES,6,2011-06-21 11:49:00,0.55,12466,United Kingdom
537073,21977,PACK OF 60 PINK PAISLEY CAKE CASES,2,2011-06-21 11:49:00,0.55,12466,United Kingdom
537073,21034,REX CASH+CARRY JUMBO SHOPPER,3,2011-06-21 11:49:00,0.95,12466,United Kingdom
537073,22633,HAND WARMER UNION JACK,2,2011-06-21 11:49:00,1.85,12466,United Kingdom
537074,22086,PAPER CHAIN KIT 50'S CHRISTMAS,12,2011-07-16 16:52:00,2.55,12497,United Kingdom
537074,22423,REGENCY CAKESTAND 3 TIER,8,2011-07-16 16:52:00,12.75,12497,United Kingdom
537074,47566,PARTY BUNTING,8,2011-07-16 16:52:00,4.95,12497,United Kingdom
537074,22197,POPCORN HOLDER,6,2011-07-16 16:52:00,0.85,12497,United Kingdom
537074,22720,SET OF 3 CAKE TINS PANTRY DESIGN,12,2011-07-16 16:52:00,4.95,12497,United Kingdom
537075,20727,LUNCH BAG BLACK SKULL,6,2011-04-19 14:31:00,1.65,12508,United Kingdom
537075,22382,LUNCH BAG SPACEBOY DESIGN,2,2011-04-19 14:31:00,1.65,12508,United Kingdom
537075,20725,LUNCH BAG RED RETROSPOT,6,2011-04-19 14:31:00,1.65,12508,United Kingdom
537076,22752,SET 7 BABUSHKA NESTING BOXES,2,2011-08-20 17:11:00,7.65,12602,United Kingdom
537077,22960,JAM MAKING SET WITH JARS,6,2011-06-03 09:04:00,4.25,12382,United Kingdom
537077,85099B,JUMBO BAG RED RETROSPOT,4,2011-06-03 09:04:00,2.08,12382,United Kingdom
537077,85099C,JUMBO BAG BAROQUE BLACK WHITE,3,2011-06-03 09:04:00,2.08,12382,United Kingdom
537077,22386,JUMBO BAG PINK POLKADOT,6,2011-06-03 09:04:00,2.08,12382,United Kingdom
537077,23084,RABBIT NIGHT LIGHT,1,2011-06-03 09:04:00,2.08,12382,United Kingdom
537078,21034,REX CASH+CARRY JUMBO SHOPPER,1,2011-05-03 13:22:00,0.95,12740,United Kingdom
537078,23166,MEDIUM CERAMIC TOP STORAGE JAR,12,2011-05-03 13:22:00,1.04,12740,United Kingdom
537078,84879,ASSORTED COLOUR BIRD ORNAMENT,3,2011-05-03 13:22:00,1.69,12740,United Kingdom
537079,85123A,WHITE HANGING HEART T-LIGHT HOLDER,12,2011-03-27 12:16:00,2.95,12549,United Kingdom
537079,84406B,CREAM CUPID HEARTS COAT HANGER,6,2011-03-27 12:16:00,4.15,12549,United Kingdom
537079,47566,PARTY BUNTING,2,2011-03-27 12:16:00,4.95,12549,United Kingdom
537079,22382,LUNCH BAG SPACEBOY DESIGN,6,2011-03-27 12:16:00,1.65,12549,United Kingdom
537079,22720,SET OF 3 CAKE TINS PANTRY DESIGN,4,2011-03-27 12:16:00,4.95,12549,United Kingdom
537079,22457,NATURAL SLATE HEART CHALKBOARD,8,2011-03-27 12:16:00,2.95,12549,United Kingdom
537080,85123A,WHITE HANGING HEART T-LIGHT HOLDER,6,2011-11-23 14:43:00,2.95,12740,Germany
537080,84406B,CREAM CUPID HEARTS COAT HANGER,3,2011-11-23 14:43:00,4.15,12740,Germany
537081,84029G,KNITTED UNION FLAG HOT WATER BOTTLE,8,2011-02-04 13:17:00,3.75,12641,United Kingdom
537081,22423,REGENCY CAKESTAND 3 TIER,8,2011-02-04 13:17:00,12.75,12641,United Kingdom
537081,85099B,JUMBO BAG RED RETROSPOT,6,2011-02-04 13:17:00,2.08,12641,United Kingdom
537081,85099C,JUMBO BAG BAROQUE BLACK WHITE,6,2011-02-04 13:17:00,2.08,12641,United Kingdom
537081,22386,JUMBO BAG PINK POLKADOT,1,2011-02-04 13:17:00,2.08,12641,United Kingdom
537082,22086,PAPER CHAIN KIT 50'S CHRISTMAS,4,2010-12-17 10:39:00,2.55,12636,United Kingdom
537082,84879,ASSORTED COLOUR BIRD ORNAMENT,8,2010-12-17 10:39:00,1.69,12636,United Kingdom
537082,47566,PARTY BUNTING,2,2010-12-17 10:39:00,4.95,12636,United Kingdom
537082,23166,MEDIUM CERAMIC TOP STORAGE JAR,8,2010-12-17 10:39:00,1.04,12636,United Kingdom
537082,22139,RETROSPOT TEA SET CERAMIC 11 PC,4,2010-12-17 10:39:00,4.95,12636,United Kingdom
537083,20727,LUNCH BAG BLACK SKULL,3,2011-01-25 14:06:00,1.65,12589,Germany
537083,22382,LUNCH BAG SPACEBOY DESIGN,2,2011-01-25 14:06:00,1.65,12589,Germany
537083,20725,LUNCH BAG RED RETROSPOT,3,2011-01-25 14:06:00,1.65,12589,Germany
537084,22960,JAM MAKING SET WITH JARS,6,2011-11-18 18:01:00,4.25,12362,United Kingdom
537084,22633,HAND WARMER UNION JACK,2,2011-11-18 18:01:00,1.85,12362,United Kingdom
537084,22632,HAND WARMER RED POLKA DOT,12,2011-11-18 18:01:00,1.85,12362,United Kingdom
537084,84029G,KNITTED UNION FLAG HOT WATER BOTTLE,1,2011-11-18 18:01:00,3.75,12362,United Kingdom
537085,22752,SET 7 BABUSHKA NESTING BOXES,3,2011-08-23 08:40:00,7.65,12534,United Kingdom
537085,84879,ASSORTED COLOUR BIRD ORNAMENT,8,2011-08-23 08:40:00,1.69,12534,United Kingdom
537085,22633,HAND WARMER UNION JACK,12,2011-08-23 08:40:00,1.85,12534,United Kingdom
537086,21034,REX CASH+CARRY JUMBO SHOPPER,12,2011-01-05 15:27:00,0.95,12726,United Kingdom
537086,21977,PACK OF 60 PINK PAISLEY CAKE CASES,3,2011-01-05 15:27:00,0.55,12726,United Kingdom
537086,21212,PACK OF 72 RETROSPOT CAKE CASES,6,2011-01-05 15:27:00,0.55,12726,United Kingdom
537086,22423,REGENCY CAKESTAND 3 TIER,4,2011-01-05 15:27:00,12.75,12726,United Kingdom
537087,84406B,CREAM CUPID HEARTS COAT HANGER,4,2011-11-16 15:47:00,4.15,12603,United Kingdom
537087,22961,JAM MAKING SET PRINTED,6,2011-11-16 15:47:00,1.45,12603,United Kingdom
537087,22960,JAM MAKING SET WITH JARS,12,2011-11-16 15:47:00,4.25,12603,United Kingdom
537087,84879,ASSORTED COLOUR BIRD ORNAMENT,12,2011-11-16 15:47:00,1.69,12603,United Kingdom
537087,21034,REX CASH+CARRY JUMBO SHOPPER,12,2011-11-16 15:47:00,0.95,12603,United Kingdom
537088,20725,LUNCH BAG RED RETROSPOT,3,2010-12-21 09:48:00,1.65,12640,Germany
537088,20727,LUNCH BAG BLACK SKULL,8,2010-12-21 09:48:00,1.65,12640,Germany
537088,22382,LUNCH BAG SPACEBOY DESIGN,4,2010-12-21 09:48:00,1.65,12640,Germany
537088,22197,POPCORN HOLDER,3,2010-12-21 09:48:00,0.85,12640,Germany
537088,22457,NATURAL SLATE HEART CHALKBOARD,8,2010-12-21 09:48:00,2.95,12640,Germany
537088,21034,REX CASH+CARRY JUMBO SHOPPER,12,2010-12-21 09:48:00,0.95,12640,Germany
537089,85123A,WHITE HANGING HEART T-LIGHT HOLDER,3,2011-11-03 11:14:00,2.95,12542,Netherlands
537089,71053,WHITE METAL LANTERN,6,2011-11-03 11:14:00,3.75,12542,Netherlands
537089,21730,GLASS STAR FROSTED T-LIGHT HOLDER,6,2011-11-03 11:14:00,4.25,12542,Netherlands
537089,22138,BAKING SET 9 PIECE RETROSPOT,2,2011-11-03 11:14:00,4.95,12542,Netherlands
537090,85099B,JUMBO BAG RED RETROSPOT,2,2011-03-22 15:56:00,2.08,12703,Spain
537090,85099C,JUMBO BAG BAROQUE BLACK WHITE,6,2011-03-22 15:56:00,2.08,12703,Spain
537090,22386,JUMBO BAG PINK POLKADOT,8,2011-03-22 15:56:00,2.08,12703,Spain
537091,85123A,WHITE HANGING HEART T-LIGHT HOLDER,12,2011-02-23 12:43:00,2.95,12576,EIRE
537091,71053,WHITE METAL LANTERN,8,2011-02-23 12:43:00,3.75,12576,EIRE
537091,21730,GLASS STAR FROSTED T-LIGHT HOLDER,6,2011-02-23 12:43:00,4.25,12576,EIRE
537092,22086,PAPER CHAIN KIT 50'S CHRISTMAS,12,2011-06-23 11:55:00,2.55,12727,United Kingdom
537092,22633,HAND WARMER UNION JACK,12,2011-06-23 11:55:00,1.85,12727,United Kingdom
537092,22632,HAND WARMER RED POLKA DOT,12,2011-06-23 11:55:00,1.85,12727,United Kingdom
537092,84029G,KNITTED UNION FLAG HOT WATER BOTTLE,2,2011-06-23 11:55:00,3.75,12727,United Kingdom
537093,20727,LUNCH BAG BLACK SKULL,1,2011-09-07 12:15:00,1.65,12388,Germany
537093,22382,LUNCH BAG SPACEBOY DESIGN,2,2011-09-07 12:15:00,1.65,12388,Germany
537093,22633,HAND WARMER UNION JACK,3,2011-09-07 12:15:00,1.85,12388,Germany
537093,20725,LUNCH BAG RED RETROSPOT,6,2011-09-07 12:15:00,1.65,12388,Germany
537094,85123A,WHITE HANGING HEART T-LIGHT HOLDER,6,2011-08-31 14:40:00,2.95,12409,United Kingdom
537094,71053,WHITE METAL LANTERN,3,2011-08-31 14:40:00,3.75,12409,United Kingdom
537094,21730,GLASS STAR FROSTED T-LIGHT HOLDER,4,2011-08-31 14:40:00,4.25,12409,United Kingdom
537094,47566,PARTY BUNTING,1,2011-08-31 14:40:00,4.95,12409,United Kingdom
537095,85099B,JUMBO BAG RED RETROSPOT,2,2011-08-30 11:58:00,2.08,12691,United Kingdom
537095,85099C,JUMBO BAG BAROQUE BLACK WHITE,8,2011-08-30 11:58:00,2.08,12691,United Kingdom
537095,22386,JUMBO BAG PINK POLKADOT,6,2011-08-30 11:58:00,2.08,12691,United Kingdom
537096,21977,PACK OF 60 PINK PAISLEY CAKE CASES,4,2010-12-27 17:30:00,0.55,12573,United Kingdom
537097,85123A,WHITE HANGING HEART T-LIGHT HOLDER,2,2011-04-02 11:35:00,2.95,12537,United Kingdom
537097,71053,WHITE METAL LANTERN,4,2011-04-02 11:35:00,3.75,12537,United Kingdom
537097,21730,GLASS STAR FROSTED T-LIGHT HOLDER,2,2011-04-02 11:35:00,4.25,12537,United Kingdom
537097,22632,HAND WARMER RED POLKA DOT,3,2011-04-02 11:35:00,1.85,12537,United Kingdom
537097,21034,REX CASH+CARRY JUMBO SHOPPER,3,2011-04-02 11:35:00,0.95,12537,United Kingdom
537098,22632,HAND WARMER RED POLKA DOT,8,2011-07-01 16:36:00,1.85,12368,United Kingdom
537098,21212,PACK OF 72 RETROSPOT CAKE CASES,2,2011-07-01 16:36:00,0.55,12368,United Kingdom
537098,84879,ASSORTED COLOUR BIRD ORNAMENT,4,2011-07-01 16:36:00,1.69,12368,United Kingdom
537098,22423,REGENCY CAKESTAND 3 TIER,4,2011-07-01 16:36:00,12.75,12368,United Kingdom
537098,22382,LUNCH BAG SPACEBOY DESIGN,2,2011-07-01 16:36:00,1.65,12368,United Kingdom
537098,21977,PACK OF 60 PINK PAISLEY CAKE CASES,6,2011-07-01 16:36:00,0.55,12368,United Kingdom
537099,84406B,CREAM CUPID HEARTS COAT HANGER,6,2011-02-27 08:55:00,4.15,12511,United Kingdom
537099,84029G,KNITTED UNION FLAG HOT WATER BOTTLE,6,2011-02-27 08:55:00,3.75,12511,United Kingdom
537099,21212,PACK OF 72 RETROSPOT CAKE CASES,1,2011-02-27 08:55:00,0.55,12511,United Kingdom
537099,22423,REGENCY CAKESTAND 3 TIER,2,2011-02-27 08:55:00,12.75,12511,United Kingdom
537099,85099C,JUMBO BAG BAROQUE BLACK WHITE,4,2011-02-27 08:55:00,2.08,12511,United Kingdom
537099,21977,PACK OF 60 PINK PAISLEY CAKE CASES,8,2011-02-27 08:55:00,0.55,12511,United Kingdom
537100,22961,JAM MAKING SET PRINTED,6,2011-10-03 15:36:00,1.45,12500,Spain
537100,22197,POPCORN HOLDER,8,2011-10-03 15:36:00,0.85,12500,Spain
537100,22752,SET 7 BABUSHKA NESTING BOXES,3,2011-10-03 15:36:00,7.65,12500,Spain
537100,22633,HAND WARMER UNION JACK,6,2011-10-03 15:36:00,1.85,12500,Spain
537101,85123A,WHITE HANGING HEART T-LIGHT HOLDER,4,2011-10-22 14:24:00,2.95,12435,France
537101,71053,WHITE METAL LANTERN,1,2011-10-22 14:24:00,3.75,12435,France
537101,21730,GLASS STAR FROSTED T-LIGHT HOLDER,4,2011-10-22 14:24:00,4.25,12435,France
537101,84879,ASSORTED COLOUR BIRD ORNAMENT,1,2011-10-22 14:24:00,1.69,12435,France
537101,47566,PARTY BUNTING,2,2011-10-22 14:24:00,4.95,12435,France
537101,23166,MEDIUM CERAMIC TOP STORAGE JAR,6,2011-10-22 14:24:00,1.04,12435,France
537101,21977,PACK OF 60 PINK PAISLEY CAKE CASES,4,2011-10-22 14:24:00,0.55,12435,France
537102,21730,GLASS STAR FROSTED T-LIGHT HOLDER,8,2011-07-08 12:09:00,4.25,12723,United Kingdom
537102,22632,HAND WARMER RED POLKA DOT,4,2011-07-08 12:09:00,1.85,12723,United Kingdom
537102,22960,JAM MAKING SET WITH JARS,1,2011-07-08 12:09:00,4.25,12723,United Kingdom
537102,85099B,JUMBO BAG RED RETROSPOT,4,2011-07-08 12:09:00,2.08,12723,United Kingdom
537102,85099C,JUMBO BAG BAROQUE BLACK WHITE,12,2011-07-08 12:09:00,2.08,12723,United Kingdom
537102,22386,JUMBO BAG PINK POLKADOT,6,2011-07-08 12:09:00,2.08,12723,United Kingdom
537103,22720,SET OF 3 CAKE TINS PANTRY DESIGN,4,2011-04-22 14:11:00,4.95,12414,United Kingdom
537103,85123A,WHITE HANGING HEART T-LIGHT HOLDER,6,2011-04-22 14:11:00,2.95,12414,United Kingdom
537103,22139,RETROSPOT TEA SET CERAMIC 11 PC,6,2011-04-22 14:11:00,4.95,12414,United Kingdom
537103,22138,BAKING SET 9 PIECE RETROSPOT,4,2011-04-22 14:11:00,4.95,12414,United Kingdom
537104,22197,POPCORN HOLDER,8,2011-09-03 09:28:00,0.85,12451,United Kingdom
537105,22720,SET OF 3 CAKE TINS PANTRY DESIGN,4,2011-05-14 10:58:00,4.95,12612,United Kingdom
537105,22423,REGENCY CAKESTAND 3 TIER,1,2011-05-14 10:58:00,12.75,12612,United Kingdom
537106,85123A,WHITE HANGING HEART T-LIGHT HOLDER,2,2011-02-11 11:38:00,2.95,12670,United Kingdom
537106,84406B,CREAM CUPID HEARTS COAT HANGER,8,2011-02-11 11:38:00,4.15,12670,United Kingdom
537106,84029G,KNITTED UNION FLAG HOT WATER BOTTLE,12,2011-02-11 11:38:00,3.75,12670,United Kingdom
537107,22960,JAM MAKING SET WITH JARS,12,2011-02-23 11:45:00,4.25,12505,United Kingdom
537107,21212,PACK OF 72 RETROSPOT CAKE CASES,4,2011-02-23 11:45:00,0.55,12505,United Kingdom
537107,22423,REGENCY CAKESTAND 3 TIER,6,2011-02-23 11:45:00,12.75,12505,United Kingdom
537107,23166,MEDIUM CERAMIC TOP STORAGE JAR,12,2011-02-23 11:45:00,1.04,12505,United Kingdom
537107,21977,PACK OF 60 PINK PAISLEY CAKE CASES,2,2011-02-23 11:45:00,0.55,12505,United Kingdom
537108,85123A,WHITE HANGING HEART T-LIGHT HOLDER,12,2011-06-22 14:40:00,2.95,12530,France
537108,84406B,CREAM CUPID HEARTS COAT HANGER,1,2011-06-22 14:40:00,4.15,12530,France
537108,21730,GLASS STAR FROSTED T-LIGHT HOLDER,8,2011-06-22 14:40:00,4.25,12530,France
537108,22423,REGENCY CAKESTAND 3 TIER,8,2011-06-22 14:40:00,12.75,12530,France
537108,23084,RABBIT NIGHT LIGHT,2,2011-06-22 14:40:00,2.08,12530,France
537108,22720,SET OF 3 CAKE TINS PANTRY DESIGN,6,2011-06-22 14:40:00,4.95,12530,France
537109,22720,SET OF 3 CAKE TINS PANTRY DESIGN,8,2011-09-02 11:05:00,4.95,12650,United Kingdom
537109,22960,JAM MAKING SET WITH JARS,12,2011-09-02 11:05:00,4.25,12650,United Kingdom
537109,22423,REGENCY CAKESTAND 3 TIER,2,2011-09-02 11:05:00,12.75,12650,United Kingdom
537109,47566,PARTY BUNTING,6,2011-09-02 11:05:00,4.95,12650,United Kingdom
537110,85123A,WHITE HANGING HEART T-LIGHT HOLDER,8,2011-07-29 11:39:00,2.95,12415,United Kingdom
537110,84406B,CREAM CUPID HEARTS COAT HANGER,8,2011-07-29 11:39:00,4.15,12415,United Kingdom
537110,84879,ASSORTED COLOUR BIRD ORNAMENT,6,2011-07-29 11:39:00,1.69,12415,United Kingdom
537110,20725,LUNCH BAG RED RETROSPOT,8,2011-07-29 11:39:00,1.65,12415,United Kingdom
537111,84879,ASSORTED COLOUR BIRD ORNAMENT,3,2011-05-07 17:34:00,1.69,12596,United Kingdom
537112,22720,SET OF 3 CAKE TINS PANTRY DESIGN,8,2011-07-12 13:19:00,4.95,12445,United Kingdom
537112,71053,WHITE METAL LANTERN,8,2011-07-12 13:19:00,3.75,12445,United Kingdom
537112,22423,REGENCY CAKESTAND 3 TIER,4,2011-07-12 13:19:00,12.75,12445,United Kingdom
537112,22386,JUMBO BAG PINK POLKADOT,4,2011-07-12 13:19:00,2.08,12445,United Kingdom
537113,22961,JAM MAKING SET PRINTED,3,2010-12-18 14:10:00,1.45,12590,United Kingdom
537113,22960,JAM MAKING SET WITH JARS,6,2010-12-18 14:10:00,4.25,12590,United Kingdom
537113,22197,POPCORN HOLDER,4,2010-12-18 14:10:00,0.85,12590,United Kingdom
537113,47566,PARTY BUNTING,3,2010-12-18 14:10:00,4.95,12590,United Kingdom
537114,22086,PAPER CHAIN KIT 50'S CHRISTMAS,4,2011-01-29 10:11:00,2.55,12352,United Kingdom
537114,47566,PARTY BUNTING,8,2011-01-29 10:11:00,4.95,12352,United Kingdom
537115,85123A,WHITE HANGING HEART T-LIGHT HOLDER,8,2011-07-07 13:14:00,2.95,12430,United Kingdom
537115,84406B,CREAM CUPID HEARTS COAT HANGER,2,2011-07-07 13:14:00,4.15,12430,United Kingdom
537115,22960,JAM MAKING SET WITH JARS,2,2011-07-07 13:14:00,4.25,12430,United Kingdom
537115,23166,MEDIUM CERAMIC TOP STORAGE JAR,6,2011-07-07 13:14:00,1.04,12430,United Kingdom
537115,23084,RABBIT NIGHT LIGHT,3,2011-07-07 13:14:00,2.08,12430,United Kingdom
537116,85123A,WHITE HANGING HEART T-LIGHT HOLDER,8,2011-03-18 15:14:00,2.95,12483,United Kingdom
537116,84406B,CREAM CUPID HEARTS COAT HANGER,8,2011-03-18 15:14:00,4.15,12483,United Kingdom
537116,22752,SET 7 BABUSHKA NESTING BOXES,6,2011-03-18 15:14:00,7.65,12483,United Kingdom
537116,22961,JAM MAKING SET PRINTED,8,2011-03-18 15:14:00,1.45,12483,United Kingdom
537116,22960,JAM MAKING SET WITH JARS,3,2011-03-18 15:14:00,4.25,12483,United Kingdom
537117,22752,SET 7 BABUSHKA NESTING BOXES,4,2011-06-10 11:15:00,7.65,12436,United Kingdom
537117,22961,JAM MAKING SET PRINTED,3,2011-06-10 11:15:00,1.45,12436,United Kingdom
537117,22960,JAM MAKING SET WITH JARS,4,2011-06-10 11:15:00,4.25,12436,United Kingdom
537117,47566,PARTY BUNTING,1,2011-06-10 11:15:00,4.95,12436,United Kingdom
537117,23166,MEDIUM CERAMIC TOP STORAGE JAR,3,2011-06-10 11:15:00,1.04,12436,United Kingdom
537117,21034,REX CASH+CARRY JUMBO SHOPPER,4,2011-06-10 11:15:00,0.95,12436,United Kingdom
537118,84406B,CREAM CUPID HEARTS COAT HANGER,6,2011-06-28 16:10:00,4.15,12478,United Kingdom
537119,22086,PAPER CHAIN KIT 50'S CHRISTMAS,12,2011-06-12 09:47:00,2.55,12389,United Kingdom
537119,47566,PARTY BUNTING,2,2011-06-12 09:47:00,4.95,12389,United Kingdom
537119,20725,LUNCH BAG RED RETROSPOT,1,2011-06-12 09:47:00,1.65,12389,United Kingdom
537120,22752,SET 7 BABUSHKA NESTING BOXES,4,2011-04-16 09:12:00,7.65,12377,Netherlands
537121,21977,PACK OF 60 PINK PAISLEY CAKE CASES,12,2010-12-04 15:08:00,0.55,12613,EIRE
537121,20725,LUNCH BAG RED RETROSPOT,6,2010-12-04 15:08:00,1.65,12613,EIRE
537122,21212,PACK OF 72 RETROSPOT CAKE CASES,8,2011-07-08 13:53:00,0.55,12655,United Kingdom
537123,47566,PARTY BUNTING,8,2011-10-09 08:52:00,4.95,12539,United Kingdom
537124,22720,SET OF 3 CAKE TINS PANTRY DESIGN,4,2011-02-10 09:08:00,4.95,12717,United Kingdom
537124,22386,JUMBO BAG PINK POLKADOT,6,2011-02-10 09:08:00,2.08,12717,United Kingdom
537125,85123A,WHITE HANGING HEART T-LIGHT HOLDER,6,2011-10-13 16:02:00,2.95,12577,United Kingdom
537125,71053,WHITE METAL LANTERN,1,2011-10-13 16:02:00,3.75,12577,United Kingdom
537125,21730,GLASS STAR FROSTED T-LIGHT HOLDER,6,2011-10-13 16:02:00,4.25,12577,United Kingdom
537125,85099B,JUMBO BAG RED RETROSPOT,12,2011-10-13 16:02:00,2.08,12577,United Kingdom
537126,22720,SET OF 3 CAKE TINS PANTRY DESIGN,8,2011-10-07 15:55:00,4.95,12465,United Kingdom
537126,22423,REGENCY CAKESTAND 3 TIER,6,2011-10-07 15:55:00,12.75,12465,United Kingdom
537127,71053,WHITE METAL LANTERN,2,2011-03-10 11:25:00,3.75,12656,EIRE
537127,21730,GLASS STAR FROSTED T-LIGHT HOLDER,6,2011-03-10 11:25:00,4.25,12656,EIRE
537127,22457,NATURAL SLATE HEART CHALKBOARD,12,2011-03-10 11:25:00,2.95,12656,EIRE
537127,20725,LUNCH BAG RED RETROSPOT,3,2011-03-10 11:25:00,1.65,12656,EIRE
537128,22720,SET OF 3 CAKE TINS PANTRY DESIGN,2,2011-01-29 16:12:00,4.95,12574,Spain
537128,21977,PACK OF 60 PINK PAISLEY CAKE CASES,2,2011-01-29 16:12:00,0.55,12574,Spain
537128,21212,PACK OF 72 RETROSPOT CAKE CASES,8,2011-01-29 16:12:00,0.55,12574,Spain
537128,22423,REGENCY CAKESTAND 3 TIER,1,2011-01-29 16:12:00,12.75,12574,Spain
537129,22752,SET 7 BABUSHKA NESTING BOXES,3,2011-05-17 15:19:00,7.65,12428,United Kingdom
537129,20725,LUNCH BAG RED RETROSPOT,12,2011-05-17 15:19:00,1.65,12428,United Kingdom
537129,20727,LUNCH BAG BLACK SKULL,2,2011-05-17 15:19:00,1.65,12428,United Kingdom
537129,22382,LUNCH BAG SPACEBOY DESIGN,6,2011-05-17 15:19:00,1.65,12428,United Kingdom
537129,85099C,JUMBO BAG BAROQUE BLACK WHITE,4,2011-05-17 15:19:00,2.08,12428,United Kingdom
537129,22138,BAKING SET 9 PIECE RETROSPOT,2,2011-05-17 15:19:00,4.95,12428,United Kingdom
537130,85123A,WHITE HANGING HEART T-LIGHT HOLDER,6,2011-05-25 15:28:00,2.95,12675,United Kingdom
537130,22457,NATURAL SLATE HEART CHALKBOARD,2,2011-05-25 15:28:00,2.95,12675,United Kingdom
537130,84406B,CREAM CUPID HEARTS COAT HANGER,6,2011-05-25 15:28:00,4.15,12675,United Kingdom
537130,84029G,KNITTED UNION FLAG HOT WATER BOTTLE,2,2011-05-25 15:28:00,3.75,12675,United Kingdom
537131,23166,MEDIUM CERAMIC TOP STORAGE JAR,6,2011-01-15 14:17:00,1.04,12403,Netherlands
537132,22632,HAND WARMER RED POLKA DOT,6,2011-05-10 15:06:00,1.85,12411,United Kingdom
537132,22086,PAPER CHAIN KIT 50'S CHRISTMAS,6,2011-05-10 15:06:00,2.55,12411,United Kingdom
537132,84879,ASSORTED COLOUR BIRD ORNAMENT,3,2011-05-10 15:06:00,1.69,12411,United Kingdom
537132,22423,REGENCY CAKESTAND 3 TIER,4,2011-05-10 15:06:00,12.75,12411,United Kingdom
537132,47566,PARTY BUNTING,2,2011-05-10 15:06:00,4.95,12411,United Kingdom
537132,22139,RETROSPOT TEA SET CERAMIC 11 PC,8,2011-05-10 15:06:00,4.95,12411,United Kingdom
537133,21034,REX CASH+CARRY JUMBO SHOPPER,12,2011-09-02 15:50:00,0.95,12350,United Kingdom
537133,84029G,KNITTED UNION FLAG HOT WATER BOTTLE,12,2011-09-02 15:50:00,3.75,12350,United Kingdom
537134,22752,SET 7 BABUSHKA NESTING BOXES,12,2011-10-04 12:39:00,7.65,12421,United Kingdom
537134,22961,JAM MAKING SET PRINTED,4,2011-10-04 12:39:00,1.45,12421,United Kingdom
537134,20725,LUNCH BAG RED RETROSPOT,12,2011-10-04 12:39:00,1.65,12421,United Kingdom
537134,20727,LUNCH BAG BLACK SKULL,6,2011-10-04 12:39:00,1.65,12421,United Kingdom
537134,22382,LUNCH BAG SPACEBOY DESIGN,8,2011-10-04 12:39:00,1.65,12421,United Kingdom
537134,22386,JUMBO BAG PINK POLKADOT,1,2011-10-04 12:39:00,2.08,12421,United Kingdom
537134,22139,RETROSPOT TEA SET CERAMIC 11 PC,6,2011-10-04 12:39:00,4.95,12421,United Kingdom
537135,22139,RETROSPOT TEA SET CERAMIC 11 PC,12,2011-03-18 12:14:00,4.95,12424,United Kingdom
537136,22086,PAPER CHAIN KIT 50'S CHRISTMAS,12,2011-06-19 13:22:00,2.55,12718,United Kingdom
537136,85099C,JUMBO BAG BAROQUE BLACK WHITE,6,2011-06-19 13:22:00,2.08,12718,United Kingdom
537136,84879,ASSORTED COLOUR BIRD ORNAMENT,8,2011-06-19 13:22:00,1.69,12718,United Kingdom
537136,22423,REGENCY CAKESTAND 3 TIER,8,2011-06-19 13:22:00,12.75,12718,United Kingdom
537137,22086,PAPER CHAIN KIT 50'S CHRISTMAS,1,2011-08-28 12:48:00,2.55,12382,United Kingdom
537137,22752,SET 7 BABUSHKA NESTING BOXES,6,2011-08-28 12:48:00,7.65,12382,United Kingdom
537137,84879,ASSORTED COLOUR BIRD ORNAMENT,12,2011-08-28 12:48:00,1.69,12382,United Kingdom
537137,21730,GLASS STAR FROSTED T-LIGHT HOLDER,3,2011-08-28 12:48:00,4.25,12382,United Kingdom
537138,22961,JAM MAKING SET PRINTED,4,2011-02-09 16:14:00,1.45,12641,France
537138,22960,JAM MAKING SET WITH JARS,1,2011-02-09 16:14:00,4.25,12641,France
537138,22632,HAND WARMER RED POLKA DOT,6,2011-02-09 16:14:00,1.85,12641,France
537139,22139,RETROSPOT TEA SET CERAMIC 11 PC,1,2011-09-21 10:13:00,4.95,12717,United Kingdom
537139,22138,BAKING SET 9 PIECE RETROSPOT,2,2011-09-21 10:13:00,4.95,12717,United Kingdom
537139,21977,PACK OF 60 PINK PAISLEY CAKE CASES,6,2011-09-21 10:13:00,0.55,12717,United Kingdom
537140,21730,GLASS STAR FROSTED T-LIGHT HOLDER,8,2011-03-02 08:37:00,4.25,12588,EIRE
537140,22086,PAPER CHAIN KIT 50'S CHRISTMAS,4,2011-03-02 08:37:00,2.55,12588,EIRE
537140,47566,PARTY BUNTING,1,2011-03-02 08:37:00,4.95,12588,EIRE
537140,85099B,JUMBO BAG RED RETROSPOT,2,2011-03-02 08:37:00,2.08,12588,EIRE
537140,23084,RABBIT NIGHT LIGHT,4,2011-03-02 08:37:00,2.08,12588,EIRE
537141,22139,RETROSPOT TEA SET CERAMIC 11 PC,12,2011-08-08 13:14:00,4.95,12549,United Kingdom
537141,22138,BAKING SET 9 PIECE RETROSPOT,8,2011-08-08 13:14:00,4.95,12549,United Kingdom
537142,22633,HAND WARMER UNION JACK,12,2011-10-20 15:53:00,1.85,12486,United Kingdom
537142,22632,HAND WARMER RED POLKA DOT,4,2011-10-20 15:53:00,1.85,12486,United Kingdom
537142,84029G,KNITTED UNION FLAG HOT WATER BOTTLE,1,2011-10-20 15:53:00,3.75,12486,United Kingdom
537143,22633,HAND WARMER UNION JACK,8,2011-09-20 18:00:00,1.85,12646,United Kingdom
537143,22632,HAND WARMER RED POLKA DOT,6,2011-09-20 18:00:00,1.85,12646,United Kingdom
537143,84029G,KNITTED UNION FLAG HOT WATER BOTTLE,3,2011-09-20 18:00:00,3.75,12646,United Kingdom
537143,84879,ASSORTED COLOUR BIRD ORNAMENT,2,2011-09-20 18:00:00,1.69,12646,United Kingdom
537143,20725,LUNCH BAG RED RETROSPOT,6,2011-09-20 18:00:00,1.65,12646,United Kingdom
537143,85099B,JUMBO BAG RED RETROSPOT,2,2011-09-20 18:00:00,2.08,12646,United Kingdom
537144,85123A,WHITE HANGING HEART T-LIGHT HOLDER,2,2011-09-02 10:55:00,2.95,12711,United Kingdom
537144,84406B,CREAM CUPID HEARTS COAT HANGER,4,2011-09-02 10:55:00,4.15,12711,United Kingdom
537144,20725,LUNCH BAG RED RETROSPOT,2,2011-09-02 10:55:00,1.65,12711,United Kingdom
537144,20727,LUNCH BAG BLACK SKULL,3,2011-09-02 10:55:00,1.65,12711,United Kingdom
537144,21034,REX CASH+CARRY JUMBO SHOPPER,3,2011-09-02 10:55:00,0.95,12711,United Kingdom
537145,84406B,CREAM CUPID HEARTS COAT HANGER,6,2011-09-11 16:21:00,4.15,12348,United Kingdom
537145,22633,HAND WARMER UNION JACK,1,2011-09-11 16:21:00,1.85,12348,United Kingdom
537145,22632,HAND WARMER RED POLKA DOT,2,2011-09-11 16:21:00,1.85,12348,United Kingdom
537145,22961,JAM MAKING SET PRINTED,2,2011-09-11 16:21:00,1.45,12348,United Kingdom
537145,22960,JAM MAKING SET WITH JARS,6,2011-09-11 16:21:00,4.25,12348,United Kingdom
537145,85099B,JUMBO BAG RED RETROSPOT,6,2011-09-11 16:21:00,2.08,12348,United Kingdom
537146,85123A,WHITE HANGING HEART T-LIGHT HOLDER,12,2011-02-26 15:12:00,2.95,12624,United Kingdom
537146,71053,WHITE METAL LANTERN,3,2011-02-26 15:12:00,3.75,12624,United Kingdom
537146,21730,GLASS STAR FROSTED T-LIGHT HOLDER,12,2011-02-26 15:12:00,4.25,12624,United Kingdom
537146,22960,JAM MAKING SET WITH JARS,6,2011-02-26 15:12:00,4.25,12624,United Kingdom
537146,85099C,JUMBO BAG BAROQUE BLACK WHITE,6,2011-02-26 15:12:00,2.08,12624,United Kingdom
537146,22457,NATURAL SLATE HEART CHALKBOARD,4,2011-02-26 15:12:00,2.95,12624,United Kingdom
537146,22138,BAKING SET 9 PIECE RETROSPOT,2,2011-02-26 15:12:00,4.95,12624,United Kingdom
537147,22197,POPCORN HOLDER,4,2010-12-23 11:32:00,0.85,12685,United Kingdom
537147,21977,PACK OF 60 PINK PAISLEY CAKE CASES,6,2010-12-23 11:32:00,0.55,12685,United Kingdom
537147,21212,PACK OF 72 RETROSPOT CAKE CASES,6,2010-12-23 11:32:00,0.55,12685,United Kingdom
537147,22423,REGENCY CAKESTAND 3 TIER,3,2010-12-23 11:32:00,12.75,12685,United Kingdom
537148,22139,RETROSPOT TEA SET CERAMIC 11 PC,12,2011-10-15 14:34:00,4.95,12719,Spain
537148,22138,BAKING SET 9 PIECE RETROSPOT,2,2011-10-15 14:34:00,4.95,12719,Spain
537148,84879,ASSORTED COLOUR BIRD ORNAMENT,6,2011-10-15 14:34:00,1.69,12719,Spain
537149,20727,LUNCH BAG BLACK SKULL,6,2011-07-06 11:04:00,1.65,12692,United Kingdom
537149,22382,LUNCH BAG SPACEBOY DESIGN,3,2011-07-06 11:04:00,1.65,12692,United Kingdom
537149,22386,JUMBO BAG PINK POLKADOT,8,2011-07-06 11:04:00,2.08,12692,United Kingdom
537149,20725,LUNCH BAG RED RETROSPOT,3,2011-07-06 11:04:00,1.65,12692,United Kingdom
537150,22752,SET 7 BABUSHKA NESTING BOXES,2,2011-07-11 14:31:00,7.65,12507,United Kingdom
537150,22633,HAND WARMER UNION JACK,6,2011-07-11 14:31:00,1.85,12507,United Kingdom
537150,22632,HAND WARMER RED POLKA DOT,2,2011-07-11 14:31:00,1.85,12507,United Kingdom
537150,84029G,KNITTED UNION FLAG HOT WATER BOTTLE,6,2011-07-11 14:31:00,3.75,12507,United Kingdom
537150,22423,REGENCY CAKESTAND 3 TIER,6,2011-07-11 14:31:00,12.75,12507,United Kingdom
537150,22382,LUNCH BAG SPACEBOY DESIGN,6,2011-07-11 14:31:00,1.65,12507,United Kingdom
537150,85099C,JUMBO BAG BAROQUE BLACK WHITE,3,2011-07-11 14:31:00,2.08,12507,United Kingdom
537151,84879,ASSORTED COLOUR BIRD ORNAMENT,2,2011-04-20 08:36:00,1.69,12461,United Kingdom
537152,22720,SET OF 3 CAKE TINS PANTRY DESIGN,6,2011-02-02 11:03:00,4.95,12746,United Kingdom
537152,22423,REGENCY CAKESTAND 3 TIER,6,2011-02-02 11:03:00,12.75,12746,United Kingdom
537153,21212,PACK OF 72 RETROSPOT CAKE CASES,8,2011-04-18 17:36:00,0.55,12628,United Kingdom
537153,22139,RETROSPOT TEA SET CERAMIC 11 PC,12,2011-04-18 17:36:00,4.95,12628,United Kingdom
537153,22138,BAKING SET 9 PIECE RETROSPOT,3,2011-04-18 17:36:00,4.95,12628,United Kingdom
537154,22961,JAM MAKING SET PRINTED,1,2010-12-05 17:15:00,1.45,12478,United Kingdom
537154,22960,JAM MAKING SET WITH JARS,6,2010-12-05 17:15:00,4.25,12478,United Kingdom
537154,23166,MEDIUM CERAMIC TOP STORAGE JAR,4,2010-12-05 17:15:00,1.04,12478,United Kingdom
537154,23084,RABBIT NIGHT LIGHT,8,2010-12-05 17:15:00,2.08,12478,United Kingdom
537155,22961,JAM MAKING SET PRINTED,4,2011-07-23 10:58:00,1.45,12707,United Kingdom
537155,22960,JAM MAKING SET WITH JARS,6,2011-07-23 10:58:00,4.25,12707,United Kingdom
537155,22423,REGENCY CAKESTAND 3 TIER,2,2011-07-23 10:58:00,12.75,12707,United Kingdom
537155,20727,LUNCH BAG BLACK SKULL,6,2011-07-23 10:58:00,1.65,12707,United Kingdom
537156,21977,PACK OF 60 PINK PAISLEY CAKE CASES,3,2011-05-10 10:10:00,0.55,12554,United Kingdom
537156,21212,PACK OF 72 RETROSPOT CAKE CASES,1,2011-05-10 10:10:00,0.55,12554,United Kingdom
537156,22423,REGENCY CAKESTAND 3 TIER,2,2011-05-10 10:10:00,12.75,12554,United Kingdom
537157,22423,REGENCY CAKESTAND 3 TIER,3,2011-04-26 17:29:00,12.75,12726,France
537158,22139,RETROSPOT TEA SET CERAMIC 11 PC,4,2011-08-12 17:13:00,4.95,12591,Spain
537158,22138,BAKING SET 9 PIECE RETROSPOT,1,2011-08-12 17:13:00,4.95,12591,Spain
537159,85123A,WHITE HANGING HEART T-LIGHT HOLDER,4,2011-07-06 17:17:00,2.95,12711,United Kingdom
537159,71053,WHITE METAL LANTERN,3,2011-07-06 17:17:00,3.75,12711,United Kingdom
537159,84406B,CREAM CUPID HEARTS COAT HANGER,2,2011-07-06 17:17:00,4.15,12711,United Kingdom
537159,22633,HAND WARMER UNION JACK,6,2011-07-06 17:17:00,1.85,12711,United Kingdom
537159,47566,PARTY BUNTING,3,2011-07-06 17:17:00,4.95,12711,United Kingdom
537159,22197,POPCORN HOLDER,6,2011-07-06 17:17:00,0.85,12711,United Kingdom
537160,22633,HAND WARMER UNION JACK,4,2011-07-05 15:54:00,1.85,12372,United Kingdom
537160,22632,HAND WARMER RED POLKA DOT,2,2011-07-05 15:54:00,1.85,12372,United Kingdom
537160,84029G,KNITTED UNION FLAG HOT WATER BOTTLE,6,2011-07-05 15:54:00,3.75,12372,United Kingdom
537160,85099C,JUMBO BAG BAROQUE BLACK WHITE,6,2011-07-05 15:54:00,2.08,12372,United Kingdom
537160,21977,PACK OF 60 PINK PAISLEY CAKE CASES,12,2011-07-05 15:54:00,0.55,12372,United Kingdom
537161,71053,WHITE METAL LANTERN,12,2011-04-15 11:30:00,3.75,12496,Netherlands
537161,20725,LUNCH BAG RED RETROSPOT,12,2011-04-15 11:30:00,1.65,12496,Netherlands
537161,20727,LUNCH BAG BLACK SKULL,1,2011-04-15 11:30:00,1.65,12496,Netherlands
537161,22382,LUNCH BAG SPACEBOY DESIGN,6,2011-04-15 11:30:00,1.65,12496,Netherlands
537161,21034,REX CASH+CARRY JUMBO SHOPPER,1,2011-04-15 11:30:00,0.95,12496,Netherlands
537161,22138,BAKING SET 9 PIECE RETROSPOT,12,2011-04-15 11:30:00,4.95,12496,Netherlands
537161,21977,PACK OF 60 PINK PAISLEY CAKE CASES,6,2011-04-15 11:30:00,0.55,12496,Netherlands
537162,84879,ASSORTED COLOUR BIRD ORNAMENT,6,2011-05-31 09:30:00,1.69,12498,United Kingdom
537163,85123A,WHITE HANGING HEART T-LIGHT HOLDER,2,2011-01-21 15:01:00,2.95,12350,United Kingdom
537163,84406B,CREAM CUPID HEARTS COAT HANGER,12,2011-01-21 15:01:00,4.15,12350,United Kingdom
537163,22423,REGENCY CAKESTAND 3 TIER,1,2011-01-21 15:01:00,12.75,12350,United Kingdom
537164,22423,REGENCY CAKESTAND 3 TIER,3,2011-11-02 12:44:00,12.75,12425,France
537164,20725,LUNCH BAG RED RETROSPOT,6,2011-11-02 12:44:00,1.65,12425,France
537164,20727,LUNCH BAG BLACK SKULL,2,2011-11-02 12:44:00,1.65,12425,France
537164,22382,LUNCH BAG SPACEBOY DESIGN,12,2011-11-02 12:44:00,1.65,12425,France
537164,22138,BAKING SET 9 PIECE RETROSPOT,12,2011-11-02 12:44:00,4.95,12425,France
537165,21977,PACK OF 60 PINK PAISLEY CAKE CASES,4,2011-02-10 14:17:00,0.55,12428,United Kingdom
537165,21212,PACK OF 72 RETROSPOT CAKE CASES,6,2011-02-10 14:17:00,0.55,12428,United Kingdom
537165,22423,REGENCY CAKESTAND 3 TIER,1,2011-02-10 14:17:00,12.75,12428,United Kingdom
537166,85099C,JUMBO BAG BAROQUE BLACK WHITE,4,2011-06-21 15:17:00,2.08,12414,United Kingdom
537167,22720,SET OF 3 CAKE TINS PANTRY DESIGN,8,2011-11-06 12:37:00,4.95,12591,United Kingdom
537167,22086,PAPER CHAIN KIT 50'S CHRISTMAS,8,2011-11-06 12:37:00,2.55,12591,United Kingdom
537167,22423,REGENCY CAKESTAND 3 TIER,3,2011-11-06 12:37:00,12.75,12591,United Kingdom
537168,85123A,WHITE HANGING HEART T-LIGHT HOLDER,6,2011-01-25 08:38:00,2.95,12402,United Kingdom
537168,71053,WHITE METAL LANTERN,8,2011-01-25 08:38:00,3.75,12402,United Kingdom
537168,21730,GLASS STAR FROSTED T-LIGHT HOLDER,1,2011-01-25 08:38:00,4.25,12402,United Kingdom
537169,22197,POPCORN HOLDER,3,2011-08-03 12:48:00,0.85,12568,France
537169,22139,RETROSPOT TEA SET CERAMIC 11 PC,3,2011-08-03 12:48:00,4.95,12568,France
537169,22138,BAKING SET 9 PIECE RETROSPOT,4,2011-08-03 12:48:00,4.95,12568,France
537170,22139,RETROSPOT TEA SET CERAMIC 11 PC,2,2011-01-28 13:14:00,4.95,12489,United Kingdom
537170,22138,BAKING SET 9 PIECE RETROSPOT,3,2011-01-28 13:14:00,4.95,12489,United Kingdom
537170,20725,LUNCH BAG RED RETROSPOT,4,2011-01-28 13:14:00,1.65,12489,United Kingdom
537171,85123A,WHITE HANGING HEART T-LIGHT HOLDER,3,2011-10-19 10:44:00,2.95,12648,United Kingdom
537171,71053,WHITE METAL LANTERN,8,2011-10-19 10:44:00,3.75,12648,United Kingdom
537171,21730,GLASS STAR FROSTED T-LIGHT HOLDER,1,2011-10-19 10:44:00,4.25,12648,United Kingdom
537171,22632,HAND WARMER RED POLKA DOT,4,2011-10-19 10:44:00,1.85,12648,United Kingdom
537171,21977,PACK OF 60 PINK PAISLEY CAKE CASES,2,2011-10-19 10:44:00,0.55,12648,United Kingdom
537172,84029G,KNITTED UNION FLAG HOT WATER BOTTLE,6,2011-06-13 15:03:00,3.75,12372,United Kingdom
537173,20727,LUNCH BAG BLACK SKULL,6,2011-08-03 09:02:00,1.65,12564,United Kingdom
537173,22382,LUNCH BAG SPACEBOY DESIGN,6,2011-08-03 09:02:00,1.65,12564,United Kingdom
537173,20725,LUNCH BAG RED RETROSPOT,6,2011-08-03 09:02:00,1.65,12564,United Kingdom
537174,71053,WHITE METAL LANTERN,1,2011-11-30 14:45:00,3.75,12525,United Kingdom
537175,22086,PAPER CHAIN KIT 50'S CHRISTMAS,8,2011-11-04 13:43:00,2.55,12372,United Kingdom
537175,47566,PARTY BUNTING,3,2011-11-04 13:43:00,4.95,12372,United Kingdom
537176,85123A,WHITE HANGING HEART T-LIGHT HOLDER,6,2011-08-09 13:51:00,2.95,12475,United Kingdom
537176,71053,WHITE METAL LANTERN,6,2011-08-09 13:51:00,3.75,12475,United Kingdom
537176,21730,GLASS STAR FROSTED T-LIGHT HOLDER,6,2011-08-09 13:51:00,4.25,12475,United Kingdom
537176,22086,PAPER CHAIN KIT 50'S CHRISTMAS,4,2011-08-09 13:51:00,2.55,12475,United Kingdom
537176,22720,SET OF 3 CAKE TINS PANTRY DESIGN,6,2011-08-09 13:51:00,4.95,12475,United Kingdom
537176,22139,RETROSPOT TEA SET CERAMIC 11 PC,4,2011-08-09 13:51:00,4.95,12475,United Kingdom
537177,22086,PAPER CHAIN KIT 50'S CHRISTMAS,1,2011-06-15 10:26:00,2.55,12645,United Kingdom
537177,47566,PARTY BUNTING,4,2011-06-15 10:26:00,4.95,12645,United Kingdom
537178,85123A,WHITE HANGING HEART T-LIGHT HOLDER,4,2011-11-26 16:29:00,2.95,12444,United Kingdom
537178,84406B,CREAM CUPID HEARTS COAT HANGER,3,2011-11-26 16:29:00,4.15,12444,United Kingdom
537178,22960,JAM MAKING SET WITH JARS,1,2011-11-26 16:29:00,4.25,12444,United Kingdom
537178,22086,PAPER CHAIN KIT 50'S CHRISTMAS,3,2011-11-26 16:29:00,2.55,12444,United Kingdom
537178,20725,LUNCH BAG RED RETROSPOT,4,2011-11-26 16:29:00,1.65,12444,United Kingdom
537178,23084,RABBIT NIGHT LIGHT,8,2011-11-26 16:29:00,2.08,12444,United Kingdom
537179,85099B,JUMBO BAG RED RETROSPOT,2,2011-11-30 13:27:00,2.08,12627,Spain
537179,47566,PARTY BUNTING,8,2011-11-30 13:27:00,4.95,12627,Spain
537180,22197,POPCORN HOLDER,6,2011-08-05 15:03:00,0.85,12380,EIRE
537181,21212,PACK OF 72 RETROSPOT CAKE CASES,2,2011-02-05 12:32:00,0.55,12702,Netherlands
537181,22423,REGENCY CAKESTAND 3 TIER,3,2011-02-05 12:32:00,12.75,12702,Netherlands
537181,20725,LUNCH BAG RED RETROSPOT,12,2011-02-05 12:32:00,1.65,12702,Netherlands
537181,22382,LUNCH BAG SPACEBOY DESIGN,8,2011-02-05 12:32:00,1.65,12702,Netherlands
537181,85099C,JUMBO BAG BAROQUE BLACK WHITE,8,2011-02-05 12:32:00,2.08,12702,Netherlands
537181,21977,PACK OF 60 PINK PAISLEY CAKE CASES,8,2011-02-05 12:32:00,0.55,12702,Netherlands
537182,85123A,WHITE HANGING HEART T-LIGHT HOLDER,12,2011-04-19 11:41:00,2.95,12656,United Kingdom
537182,21212,PACK OF 72 RETROSPOT CAKE CASES,6,2011-04-19 11:41:00,0.55,12656,United Kingdom
537182,22423,REGENCY CAKESTAND 3 TIER,6,2011-04-19 11:41:00,12.75,12656,United Kingdom
537182,22386,JUMBO BAG PINK POLKADOT,4,2011-04-19 11:41:00,2.08,12656,United Kingdom
537182,22138,BAKING SET 9 PIECE RETROSPOT,6,2011-04-19 11:41:00,4.95,12656,United Kingdom
537182,21977,PACK OF 60 PINK PAISLEY CAKE CASES,6,2011-04-19 11:41:00,0.55,12656,United Kingdom
537183,20727,LUNCH BAG BLACK SKULL,3,2011-01-30 10:44:00,1.65,12628,United Kingdom
537183,22382,LUNCH BAG SPACEBOY DESIGN,6,2011-01-30 10:44:00,1.65,12628,United Kingdom
537183,20725,LUNCH BAG RED RETROSPOT,3,2011-01-30 10:44:00,1.65,12628,United Kingdom
537184,85123A,WHITE HANGING HEART T-LIGHT HOLDER,6,2010-12-27 12:22:00,2.95,12484,United Kingdom
537184,71053,WHITE METAL LANTERN,6,2010-12-27 12:22:00,3.75,12484,United Kingdom
537184,21730,GLASS STAR FROSTED T-LIGHT HOLDER,2,2010-12-27 12:22:00,4.25,12484,United Kingdom
537184,22197,POPCORN HOLDER,6,2010-12-27 12:22:00,0.85,12484,United Kingdom
537184,85099B,JUMBO BAG RED RETROSPOT,3,2010-12-27 12:22:00,2.08,12484,United Kingdom
537185,85123A,WHITE HANGING HEART T-LIGHT HOLDER,6,2011-10-10 12:50:00,2.95,12555,United Kingdom
537185,71053,WHITE METAL LANTERN,3,2011-10-10 12:50:00,3.75,12555,United Kingdom
537185,21730,GLASS STAR FROSTED T-LIGHT HOLDER,6,2011-10-10 12:50:00,4.25,12555,United Kingdom
537185,84029G,KNITTED UNION FLAG HOT WATER BOTTLE,1,2011-10-10 12:50:00,3.75,12555,United Kingdom
537185,23084,RABBIT NIGHT LIGHT,2,2011-10-10 12:50:00,2.08,12555,United Kingdom
537186,22382,LUNCH BAG SPACEBOY DESIGN,4,2011-11-18 15:11:00,1.65,12715,United Kingdom
537186,21034,REX CASH+CARRY JUMBO SHOPPER,6,2011-11-18 15:11:00,0.95,12715,United Kingdom
537186,22632,HAND WARMER RED POLKA DOT,6,2011-11-18 15:11:00,1.85,12715,United Kingdom
537186,47566,PARTY BUNTING,4,2011-11-18 15:11:00,4.95,12715,United Kingdom
537187,22139,RETROSPOT TEA SET CERAMIC 11 PC,12,2011-10-19 14:39:00,4.95,12643,Germany
537187,22138,BAKING SET 9 PIECE RETROSPOT,2,2011-10-19 14:39:00,4.95,12643,Germany
537187,21730,GLASS STAR FROSTED T-LIGHT HOLDER,12,2011-10-19 14:39:00,4.25,12643,Germany
537188,22720,SET OF 3 CAKE TINS PANTRY DESIGN,6,2011-07-24 11:22:00,4.95,12438,United Kingdom
537188,85099B,JUMBO BAG RED RETROSPOT,1,2011-07-24 11:22:00,2.08,12438,United Kingdom
537188,22423,REGENCY CAKESTAND 3 TIER,6,2011-07-24 11:22:00,12.75,12438,United Kingdom
537189,22633,HAND WARMER UNION JACK,8,2011-03-01 15:13:00,1.85,12429,United Kingdom
537189,22632,HAND WARMER RED POLKA DOT,2,2011-03-01 15:13:00,1.85,12429,United Kingdom
537189,84029G,KNITTED UNION FLAG HOT WATER BOTTLE,3,2011-03-01 15:13:00,3.75,12429,United Kingdom
537189,47566,PARTY BUNTING,1,2011-03-01 15:13:00,4.95,12429,United Kingdom
537189,21977,PACK OF 60 PINK PAISLEY CAKE CASES,2,2011-03-01 15:13:00,0.55,12429,United Kingdom
537190,21730,GLASS STAR FROSTED T-LIGHT HOLDER,4,2011-06-15 08:37:00,4.25,12539,United Kingdom
537191,22457,NATURAL SLATE HEART CHALKBOARD,2,2011-01-12 12:39:00,2.95,12740,United Kingdom
537192,22633,HAND WARMER UNION JACK,6,2011-05-23 09:42:00,1.85,12623,United Kingdom
537192,22960,JAM MAKING SET WITH JARS,12,2011-05-23 09:42:00,4.25,12623,United Kingdom
537192,22086,PAPER CHAIN KIT 50'S CHRISTMAS,3,2011-05-23 09:42:00,2.55,12623,United Kingdom
537192,47566,PARTY BUNTING,4,2011-05-23 09:42:00,4.95,12623,United Kingdom
537192,21034,REX CASH+CARRY JUMBO SHOPPER,1,2011-05-23 09:42:00,0.95,12623,United Kingdom
537193,85123A,WHITE HANGING HEART T-LIGHT HOLDER,6,2011-11-20 13:10:00,2.95,12624,Spain
537193,71053,WHITE METAL LANTERN,2,2011-11-20 13:10:00,3.75,12624,Spain
537193,21730,GLASS STAR FROSTED T-LIGHT HOLDER,8,2011-11-20 13:10:00,4.25,12624,Spain
537194,22961,JAM MAKING SET PRINTED,4,2010-12-01 11:31:00,1.45,12418,United Kingdom
537194,22960,JAM MAKING SET WITH JARS,8,2010-12-01 11:31:00,4.25,12418,United Kingdom
537194,85099B,JUMBO BAG RED RETROSPOT,2,2010-12-01 11:31:00,2.08,12418,United Kingdom
537195,84406B,CREAM CUPID HEARTS COAT HANGER,6,2011-02-25 09:44:00,4.15,12597,United Kingdom
537195,21212,PACK OF 72 RETROSPOT CAKE CASES,2,2011-02-25 09:44:00,0.55,12597,United Kingdom
537196,85123A,WHITE HANGING HEART T-LIGHT HOLDER,8,2011-01-13 09:08:00,2.95,12530,United Kingdom
537196,84406B,CREAM CUPID HEARTS COAT HANGER,3,2011-01-13 09:08:00,4.15,12530,United Kingdom
537196,22197,POPCORN HOLDER,6,2011-01-13 09:08:00,0.85,12530,United Kingdom
537196,22633,HAND WARMER UNION JACK,6,2011-01-13 09:08:00,1.85,12530,United Kingdom
537197,20727,LUNCH BAG BLACK SKULL,1,2011-01-23 13:28:00,1.65,12524,France
537197,22382,LUNCH BAG SPACEBOY DESIGN,3,2011-01-23 13:28:00,1.65,12524,France
537197,20725,LUNCH BAG RED RETROSPOT,3,2011-01-23 13:28:00,1.65,12524,France
537198,23166,MEDIUM CERAMIC TOP STORAGE JAR,8,2011-02-14 14:58:00,1.04,12509,France
537199,22720,SET OF 3 CAKE TINS PANTRY DESIGN,8,2011-04-22 10:35:00,4.95,12718,United Kingdom
537200,21730,GLASS STAR FROSTED T-LIGHT HOLDER,4,2011-05-13 15:57:00,4.25,12526,France
537200,22086,PAPER CHAIN KIT 50'S CHRISTMAS,8,2011-05-13 15:57:00,2.55,12526,France
537200,85099B,JUMBO BAG RED RETROSPOT,8,2011-05-13 15:57:00,2.08,12526,France
537200,22457,NATURAL SLATE HEART CHALKBOARD,12,2011-05-13 15:57:00,2.95,12526,France
537200,22139,RETROSPOT TEA SET CERAMIC 11 PC,12,2011-05-13 15:57:00,4.95,12526,France
537200,22138,BAKING SET 9 PIECE RETROSPOT,4,2011-05-13 15:57:00,4.95,12526,France
537201,21977,PACK OF 60 PINK PAISLEY CAKE CASES,4,2011-01-12 18:15:00,0.55,12542,United Kingdom
537201,21212,PACK OF 72 RETROSPOT CAKE CASES,6,2011-01-12 18:15:00,0.55,12542,United Kingdom
537201,22423,REGENCY CAKESTAND 3 TIER,1,2011-01-12 18:15:00,12.75,12542,United Kingdom
537202,71053,WHITE METAL LANTERN,6,2010-12-09 14:05:00,3.75,12450,France
537203,22423,REGENCY CAKESTAND 3 TIER,4,2011-02-10 12:59:00,12.75,12530,United Kingdom
537203,21977,PACK OF 60 PINK PAISLEY CAKE CASES,4,2011-02-10 12:59:00,0.55,12530,United Kingdom
537203,84029G,KNITTED UNION FLAG HOT WATER BOTTLE,1,2011-02-10 12:59:00,3.75,12530,United Kingdom
537204,85123A,WHITE HANGING HEART T-LIGHT HOLDER,2,2011-02-09 10:14:00,2.95,12728,United Kingdom
537204,71053,WHITE METAL LANTERN,2,2011-02-09 10:14:00,3.75,12728,United Kingdom
537204,21730,GLASS STAR FROSTED T-LIGHT HOLDER,12,2011-02-09 10:14:00,4.25,12728,United Kingdom
537204,21212,PACK OF 72 RETROSPOT CAKE CASES,3,2011-02-09 10:14:00,0.55,12728,United Kingdom
537204,22386,JUMBO BAG PINK POLKADOT,1,2011-02-09 10:14:00,2.08,12728,United Kingdom
537205,21730,GLASS STAR FROSTED T-LIGHT HOLDER,12,2011-06-06 10:35:00,4.25,12421,United Kingdom
537205,22633,HAND WARMER UNION JACK,3,2011-06-06 10:35:00,1.85,12421,United Kingdom
537205,22086,PAPER CHAIN KIT 50'S CHRISTMAS,6,2011-06-06 10:35:00,2.55,12421,United Kingdom
537205,47566,PARTY BUNTING,12,2011-06-06 10:35:00,4.95,12421,United Kingdom
537205,22720,SET OF 3 CAKE TINS PANTRY DESIGN,8,2011-06-06 10:35:00,4.95,12421,United Kingdom
537206,22961,JAM MAKING SET PRINTED,1,2011-05-22 16:20:00,1.45,12715,United Kingdom
537206,22960,JAM MAKING SET WITH JARS,3,2011-05-22 16:20:00,4.25,12715,United Kingdom
537207,22961,JAM MAKING SET PRINTED,6,2011-02-21 08:55:00,1.45,12603,United Kingdom
537207,22423,REGENCY CAKESTAND 3 TIER,4,2011-02-21 08:55:00,12.75,12603,United Kingdom
537207,22386,JUMBO BAG PINK POLKADOT,8,2011-02-21 08:55:00,2.08,12603,United Kingdom
537207,22720,SET OF 3 CAKE TINS PANTRY DESIGN,3,2011-02-21 08:55:00,4.95,12603,United Kingdom
537207,21034,REX CASH+CARRY JUMBO SHOPPER,6,2011-02-21 08:55:00,0.95,12603,United Kingdom
537207,21977,PACK OF 60 PINK PAISLEY CAKE CASES,2,2011-02-21 08:55:00,0.55,12603,United Kingdom
537208,85123A,WHITE HANGING HEART T-LIGHT HOLDER,3,2011-06-12 11:17:00,2.95,12613,United Kingdom
537208,71053,WHITE METAL LANTERN,2,2011-06-12 11:17:00,3.75,12613,United Kingdom
537208,21730,GLASS STAR FROSTED T-LIGHT HOLDER,12,2011-06-12 11:17:00,4.25,12613,United Kingdom
537208,84879,ASSORTED COLOUR BIRD ORNAMENT,12,2011-06-12 11:17:00,1.69,12613,United Kingdom
537209,22752,SET 7 BABUSHKA NESTING BOXES,2,2011-10-31 15:22:00,7.65,12506,United Kingdom
537209,22632,HAND WARMER RED POLKA DOT,2,2011-10-31 15:22:00,1.85,12506,United Kingdom
537209,22961,JAM MAKING SET PRINTED,6,2011-10-31 15:22:00,1.45,12506,United Kingdom
537209,85099B,JUMBO BAG RED RETROSPOT,6,2011-10-31 15:22:00,2.08,12506,United Kingdom
537209,85099C,JUMBO BAG BAROQUE BLACK WHITE,1,2011-10-31 15:22:00,2.08,12506,United Kingdom
537209,22386,JUMBO BAG PINK POLKADOT,4,2011-10-31 15:22:00,2.08,12506,United Kingdom
537210,85123A,WHITE HANGING HEART T-LIGHT HOLDER,4,2011-02-22 16:36:00,2.95,12490,United Kingdom
537210,71053,WHITE METAL LANTERN,1,2011-02-22 16:36:00,3.75,12490,United Kingdom
537210,21730,GLASS STAR FROSTED T-LIGHT HOLDER,4,2011-02-22 16:36:00,4.25,12490,United Kingdom
537210,22632,HAND WARMER RED POLKA DOT,6,2011-02-22 16:36:00,1.85,12490,United Kingdom
537210,22382,LUNCH BAG SPACEBOY DESIGN,2,2011-02-22 16:36:00,1.65,12490,United Kingdom
537211,85099B,JUMBO BAG RED RETROSPOT,6,2011-09-16 09:06:00,2.08,12637,France
537211,85099C,JUMBO BAG BAROQUE BLACK WHITE,1,2011-09-16 09:06:00,2.08,12637,France
537211,22386,JUMBO BAG PINK POLKADOT,6,2011-09-16 09:06:00,2.08,12637,France
537212,22139,RETROSPOT TEA SET CERAMIC 11 PC,2,2011-04-24 15:02:00,4.95,12730,United Kingdom
537212,22138,BAKING SET 9 PIECE RETROSPOT,6,2011-04-24 15:02:00,4.95,12730,United Kingdom
537212,21730,GLASS STAR FROSTED T-LIGHT HOLDER,8,2011-04-24 15:02:00,4.25,12730,United Kingdom
537212,22386,JUMBO BAG PINK POLKADOT,2,2011-04-24 15:02:00,2.08,12730,United Kingdom
537213,85123A,WHITE HANGING HEART T-LIGHT HOLDER,12,2011-02-15 09:07:00,2.95,12603,United Kingdom
537213,71053,WHITE METAL LANTERN,2,2011-02-15 09:07:00,3.75,12603,United Kingdom
537213,21730,GLASS STAR FROSTED T-LIGHT HOLDER,2,2011-02-15 09:07:00,4.25,12603,United Kingdom
537213,22633,HAND WARMER UNION JACK,4,2011-02-15 09:07:00,1.85,12603,United Kingdom
537214,20727,LUNCH BAG BLACK SKULL,6,2011-11-14 11:19:00,1.65,12456,United Kingdom
537214,22197,POPCORN HOLDER,12,2011-11-14 11:19:00,0.85,12456,United Kingdom
537214,85099B,JUMBO BAG RED RETROSPOT,3,2011-11-14 11:19:00,2.08,12456,United Kingdom
537214,23084,RABBIT NIGHT LIGHT,6,2011-11-14 11:19:00,2.08,12456,United Kingdom
537215,22139,RETROSPOT TEA SET CERAMIC 11 PC,2,2011-06-03 18:24:00,4.95,12494,United Kingdom
537215,22138,BAKING SET 9 PIECE RETROSPOT,3,2011-06-03 18:24:00,4.95,12494,United Kingdom
537215,22632,HAND WARMER RED POLKA DOT,12,2011-06-03 18:24:00,1.85,12494,United Kingdom
537216,22752,SET 7 BABUSHKA NESTING BOXES,3,2010-12-08 11:19:00,7.65,12395,United Kingdom
537216,22633,HAND WARMER UNION JACK,6,2010-12-08 11:19:00,1.85,12395,United Kingdom
537216,22632,HAND WARMER RED POLKA DOT,3,2010-12-08 11:19:00,1.85,12395,United Kingdom
537216,84029G,KNITTED UNION FLAG HOT WATER BOTTLE,2,2010-12-08 11:19:00,3.75,12395,United Kingdom
537216,22086,PAPER CHAIN KIT 50'S CHRISTMAS,6,2010-12-08 11:19:00,2.55,12395,United Kingdom
537216,47566,PARTY BUNTING,6,2010-12-08 11:19:00,4.95,12395,United Kingdom
537217,22720,SET OF 3 CAKE TINS PANTRY DESIGN,12,2011-01-15 09:41:00,4.95,12526,Germany
537217,22138,BAKING SET 9 PIECE RETROSPOT,3,2011-01-15 09:41:00,4.95,12526,Germany
537217,22423,REGENCY CAKESTAND 3 TIER,2,2011-01-15 09:41:00,12.75,12526,Germany
537218,22086,PAPER CHAIN KIT 50'S CHRISTMAS,6,2011-08-07 08:53:00,2.55,12637,United Kingdom
537218,47566,PARTY BUNTING,6,2011-08-07 08:53:00,4.95,12637,United Kingdom
537219,85123A,WHITE HANGING HEART T-LIGHT HOLDER,4,2011-01-12 15:02:00,2.95,12537,Germany
537219,71053,WHITE METAL LANTERN,1,2011-01-12 15:02:00,3.75,12537,Germany
537219,21730,GLASS STAR FROSTED T-LIGHT HOLDER,3,2011-01-12 15:02:00,4.25,12537,Germany
537219,85099B,JUMBO BAG RED RETROSPOT,2,2011-01-12 15:02:00,2.08,12537,Germany
537219,23084,RABBIT NIGHT LIGHT,6,2011-01-12 15:02:00,2.08,12537,Germany
537219,22457,NATURAL SLATE HEART CHALKBOARD,8,2011-01-12 15:02:00,2.95,12537,Germany
537220,22720,SET OF 3 CAKE TINS PANTRY DESIGN,6,2011-09-18 15:24:00,4.95,12427,United Kingdom
537220,22423,REGENCY CAKESTAND 3 TIER,12,2011-09-18 15:24:00,12.75,12427,United Kingdom
537221,22961,JAM MAKING SET PRINTED,8,2011-10-25 17:27:00,1.45,12585,Germany
537221,22960,JAM MAKING SET WITH JARS,8,2011-10-25 17:27:00,4.25,12585,Germany
537222,22632,HAND WARMER RED POLKA DOT,12,2011-06-24 13:34:00,1.85,12448,United Kingdom
537222,22086,PAPER CHAIN KIT 50'S CHRISTMAS,2,2011-06-24 13:34:00,2.55,12448,United Kingdom
537222,47566,PARTY BUNTING,6,2011-06-24 13:34:00,4.95,12448,United Kingdom
537222,22386,JUMBO BAG PINK POLKADOT,12,2011-06-24 13:34:00,2.08,12448,United Kingdom
537222,23084,RABBIT NIGHT LIGHT,1,2011-06-24 13:34:00,2.08,12448,United Kingdom
537223,85123A,WHITE HANGING HEART T-LIGHT HOLDER,6,2011-02-18 15:39:00,2.95,12625,United Kingdom
537223,71053,WHITE METAL LANTERN,8,2011-02-18 15:39:00,3.75,12625,United Kingdom
537223,21730,GLASS STAR FROSTED T-LIGHT HOLDER,12,2011-02-18 15:39:00,4.25,12625,United Kingdom
537223,84879,ASSORTED COLOUR BIRD ORNAMENT,4,2011-02-18 15:39:00,1.69,12625,United Kingdom
537223,22720,SET OF 3 CAKE TINS PANTRY DESIGN,1,2011-02-18 15:39:00,4.95,12625,United Kingdom
537223,21977,PACK OF 60 PINK PAISLEY CAKE CASES,4,2011-02-18 15:39:00,0.55,12625,United Kingdom
537224,84406B,CREAM CUPID HEARTS COAT HANGER,6,2011-11-16 14:47:00,4.15,12357,United Kingdom
537224,22633,HAND WARMER UNION JACK,8,2011-11-16 14:47:00,1.85,12357,United Kingdom
537224,22632,HAND WARMER RED POLKA DOT,2,2011-11-16 14:47:00,1.85,12357,United Kingdom
537224,84029G,KNITTED UNION FLAG HOT WATER BOTTLE,6,2011-11-16 14:47:00,3.75,12357,United Kingdom
537225,20727,LUNCH BAG BLACK SKULL,1,2011-07-20 15:03:00,1.65,12710,United Kingdom
537225,22382,LUNCH BAG SPACEBOY DESIGN,2,2011-07-20 15:03:00,1.65,12710,United Kingdom
537225,21034,REX CASH+CARRY JUMBO SHOPPER,8,2011-07-20 15:03:00,0.95,12710,United Kingdom
537225,20725,LUNCH BAG RED RETROSPOT,6,2011-07-20 15:03:00,1.65,12710,United Kingdom
537226,22382,LUNCH BAG SPACEBOY DESIGN,3,2011-05-02 10:42:00,1.65,12731,United Kingdom
537226,22386,JUMBO BAG PINK POLKADOT,8,2011-05-02 10:42:00,2.08,12731,United Kingdom
537226,20725,LUNCH BAG RED RETROSPOT,6,2011-05-02 10:42:00,1.65,12731,United Kingdom
537227,22086,PAPER CHAIN KIT 50'S CHRISTMAS,3,2011-09-19 15:22:00,2.55,12700,United Kingdom
537227,84406B,CREAM CUPID HEARTS COAT HANGER,6,2011-09-19 15:22:00,4.15,12700,United Kingdom
537227,47566,PARTY BUNTING,6,2011-09-19 15:22:00,4.95,12700,United Kingdom
537228,85099B,JUMBO BAG RED RETROSPOT,8,2011-02-16 16:29:00,2.08,12353,United Kingdom
537228,85099C,JUMBO BAG BAROQUE BLACK WHITE,6,2011-02-16 16:29:00,2.08,12353,United Kingdom
537228,22386,JUMBO BAG PINK POLKADOT,1,2011-02-16 16:29:00,2.08,12353,United Kingdom
537229,21977,PACK OF 60 PINK PAISLEY CAKE CASES,3,2011-02-03 16:10:00,0.55,12576,Netherlands
537229,21212,PACK OF 72 RETROSPOT CAKE CASES,8,2011-02-03 16:10:00,0.55,12576,Netherlands
537229,22423,REGENCY CAKESTAND 3 TIER,4,2011-02-03 16:10:00,12.75,12576,Netherlands
537230,21034,REX CASH+CARRY JUMBO SHOPPER,1,2011-03-18 12:13:00,0.95,12524,Netherlands
537230,21212,PACK OF 72 RETROSPOT CAKE CASES,6,2011-03-18 12:13:00,0.55,12524,Netherlands
537231,22720,SET OF 3 CAKE TINS PANTRY DESIGN,8,2011-08-15 10:14:00,4.95,12503,France
537231,21212,PACK OF 72 RETROSPOT CAKE CASES,6,2011-08-15 10:14:00,0.55,12503,France
537231,22423,REGENCY CAKESTAND 3 TIER,2,2011-08-15 10:14:00,12.75,12503,France
537232,22961,JAM MAKING SET PRINTED,8,2011-07-23 14:53:00,1.45,12436,United Kingdom
537232,22960,JAM MAKING SET WITH JARS,6,2011-07-23 14:53:00,4.25,12436,United Kingdom
537232,84879,ASSORTED COLOUR BIRD ORNAMENT,2,2011-07-23 14:53:00,1.69,12436,United Kingdom
537232,22423,REGENCY CAKESTAND 3 TIER,2,2011-07-23 14:53:00,12.75,12436,United Kingdom
537232,22139,RETROSPOT TEA SET CERAMIC 11 PC,2,2011-07-23 14:53:00,4.95,12436,United Kingdom
537233,22752,SET 7 BABUSHKA NESTING BOXES,1,2011-10-29 09:09:00,7.65,12391,United Kingdom
537233,22086,PAPER CHAIN KIT 50'S CHRISTMAS,6,2011-10-29 09:09:00,2.55,12391,United Kingdom
537233,47566,PARTY BUNTING,8,2011-10-29 09:09:00,4.95,12391,United Kingdom
537233,20727,LUNCH BAG BLACK SKULL,4,2011-10-29 09:09:00,1.65,12391,United Kingdom
537233,85099B,JUMBO BAG RED RETROSPOT,4,2011-10-29 09:09:00,2.08,12391,United Kingdom
537234,22720,SET OF 3 CAKE TINS PANTRY DESIGN,6,2011-07-21 16:54:00,4.95,12743,United Kingdom
537234,22423,REGENCY CAKESTAND 3 TIER,12,2011-07-21 16:54:00,12.75,12743,United Kingdom
537235,22961,JAM MAKING SET PRINTED,6,2011-10-27 14:30:00,1.45,12557,United Kingdom
537235,22960,JAM MAKING SET WITH JARS,6,2011-10-27 14:30:00,4.25,12557,United Kingdom
537235,22138,BAKING SET 9 PIECE RETROSPOT,8,2011-10-27 14:30:00,4.95,12557,United Kingdom
537235,85099C,JUMBO BAG BAROQUE BLACK WHITE,4,2011-10-27 14:30:00,2.08,12557,United Kingdom
537236,22086,PAPER CHAIN KIT 50'S CHRISTMAS,6,2011-07-01 08:30:00,2.55,12348,United Kingdom
537236,22197,POPCORN HOLDER,3,2011-07-01 08:30:00,0.85,12348,United Kingdom
537236,85099B,JUMBO BAG RED RETROSPOT,8,2011-07-01 08:30:00,2.08,12348,United Kingdom
537236,85099C,JUMBO BAG BAROQUE BLACK WHITE,4,2011-07-01 08:30:00,2.08,12348,United Kingdom
537236,22386,JUMBO BAG PINK POLKADOT,8,2011-07-01 08:30:00,2.08,12348,United Kingdom
537236,23084,RABBIT NIGHT LIGHT,4,2011-07-01 08:30:00,2.08,12348,United Kingdom
537236,21034,REX CASH+CARRY JUMBO SHOPPER,8,2011-07-01 08:30:00,0.95,12348,United Kingdom
537237,84879,ASSORTED COLOUR BIRD ORNAMENT,6,2011-09-22 14:38:00,1.69,12372,United Kingdom
537238,20727,LUNCH BAG BLACK SKULL,2,2011-02-20 14:44:00,1.65,12610,United Kingdom
537239,22086,PAPER CHAIN KIT 50'S CHRISTMAS,4,2011-09-22 15:23:00,2.55,12669,United Kingdom
537240,85123A,WHITE HANGING HEART T-LIGHT HOLDER,2,2011-01-17 08:57:00,2.95,12393,United Kingdom
537240,22086,PAPER CHAIN KIT 50'S CHRISTMAS,8,2011-01-17 08:57:00,2.55,12393,United Kingdom
537240,47566,PARTY BUNTING,1,2011-01-17 08:57:00,4.95,12393,United Kingdom
537241,22632,HAND WARMER RED POLKA DOT,4,2011-02-05 16:10:00,1.85,12726,United Kingdom
537241,21212,PACK OF 72 RETROSPOT CAKE CASES,8,2011-02-05 16:10:00,0.55,12726,United Kingdom
537241,22423,REGENCY CAKESTAND 3 TIER,6,2011-02-05 16:10:00,12.75,12726,United Kingdom
537241,22382,LUNCH BAG SPACEBOY DESIGN,1,2011-02-05 16:10:00,1.65,12726,United Kingdom
537241,21977,PACK OF 60 PINK PAISLEY CAKE CASES,6,2011-02-05 16:10:00,0.55,12726,United Kingdom
537242,47566,PARTY BUNTING,2,2011-02-12 09:10:00,4.95,12388,Netherlands
537243,22720,SET OF 3 CAKE TINS PANTRY DESIGN,4,2011-02-11 12:46:00,4.95,12400,United Kingdom
537243,21977,PACK OF 60 PINK PAISLEY CAKE CASES,8,2011-02-11 12:46:00,0.55,12400,United Kingdom
537243,21034,REX CASH+CARRY JUMBO SHOPPER,2,2011-02-11 12:46:00,0.95,12400,United Kingdom
537243,22423,REGENCY CAKESTAND 3 TIER,12,2011-02-11 12:46:00,12.75,12400,United Kingdom
537244,22086,PAPER CHAIN KIT 50'S CHRISTMAS,12,2011-06-30 10:01:00,2.55,12357,United Kingdom
537244,22139,RETROSPOT TEA SET CERAMIC 11 PC,3,2011-06-30 10:01:00,4.95,12357,United Kingdom
537244,22138,BAKING SET 9 PIECE RETROSPOT,3,2011-06-30 10:01:00,4.95,12357,United Kingdom
537244,85099B,JUMBO BAG RED RETROSPOT,6,2011-06-30 10:01:00,2.08,12357,United Kingdom
537245,20725,LUNCH BAG RED RETROSPOT,1,2011-03-02 18:10:00,1.65,12351,United Kingdom
537245,22197,POPCORN HOLDER,3,2011-03-02 18:10:00,0.85,12351,United Kingdom
537245,85099B,JUMBO BAG RED RETROSPOT,6,2011-03-02 18:10:00,2.08,12351,United Kingdom
537245,85099C,JUMBO BAG BAROQUE BLACK WHITE,2,2011-03-02 18:10:00,2.08,12351,United Kingdom
537245,22386,JUMBO BAG PINK POLKADOT,4,2011-03-02 18:10:00,2.08,12351,United Kingdom
537246,22961,JAM MAKING SET PRINTED,6,2010-12-16 16:31:00,1.45,12656,EIRE
537246,22960,JAM MAKING SET WITH JARS,2,2010-12-16 16:31:00,4.25,12656,EIRE
537246,22139,RETROSPOT TEA SET CERAMIC 11 PC,4,2010-12-16 16:31:00,4.95,12656,EIRE
537247,22961,JAM MAKING SET PRINTED,6,2011-05-17 10:44:00,1.45,12361,United Kingdom
537248,22720,SET OF 3 CAKE TINS PANTRY DESIGN,4,2011-03-13 09:52:00,4.95,12592,Spain
537248,20727,LUNCH BAG BLACK SKULL,6,2011-03-13 09:52:00,1.65,12592,Spain
537248,84879,ASSORTED COLOUR BIRD ORNAMENT,3,2011-03-13 09:52:00,1.69,12592,Spain
537248,22423,REGENCY CAKESTAND 3 TIER,4,2011-03-13 09:52:00,12.75,12592,Spain
537249,22960,JAM MAKING SET WITH JARS,12,2011-04-23 14:36:00,4.25,12697,Netherlands
537249,22633,HAND WARMER UNION JACK,8,2011-04-23 14:36:00,1.85,12697,Netherlands
537249,22457,NATURAL SLATE HEART CHALKBOARD,12,2011-04-23 14:36:00,2.95,12697,Netherlands
537249,22632,HAND WARMER RED POLKA DOT,8,2011-04-23 14:36:00,1.85,12697,Netherlands
537250,23166,MEDIUM CERAMIC TOP STORAGE JAR,6,2011-04-19 14:09:00,1.04,12651,United Kingdom
537250,22139,RETROSPOT TEA SET CERAMIC 11 PC,6,2011-04-19 14:09:00,4.95,12651,United Kingdom
537250,22138,BAKING SET 9 PIECE RETROSPOT,2,2011-04-19 14:09:00,4.95,12651,United Kingdom
537251,20725,LUNCH BAG RED RETROSPOT,6,2011-02-24 09:02:00,1.65,12576,United Kingdom
537251,20727,LUNCH BAG BLACK SKULL,8,2011-02-24 09:02:00,1.65,12576,United Kingdom
537251,22382,LUNCH BAG SPACEBOY DESIGN,1,2011-02-24 09:02:00,1.65,12576,United Kingdom
537251,85099B,JUMBO BAG RED RETROSPOT,2,2011-02-24 09:02:00,2.08,12576,United Kingdom
537251,21034,REX CASH+CARRY JUMBO SHOPPER,3,2011-02-24 09:02:00,0.95,12576,United Kingdom
537251,22138,BAKING SET 9 PIECE RETROSPOT,6,2011-02-24 09:02:00,4.95,12576,United Kingdom
537252,21730,GLASS STAR FROSTED T-LIGHT HOLDER,6,2011-03-06 13:45:00,4.25,12565,United Kingdom
537252,85099B,JUMBO BAG RED RETROSPOT,2,2011-03-06 13:45:00,2.08,12565,United Kingdom
537252,85099C,JUMBO BAG BAROQUE BLACK WHITE,1,2011-03-06 13:45:00,2.08,12565,United Kingdom
537252,22386,JUMBO BAG PINK POLKADOT,6,2011-03-06 13:45:00,2.08,12565,United Kingdom
537252,22720,SET OF 3 CAKE TINS PANTRY DESIGN,1,2011-03-06 13:45:00,4.95,12565,United Kingdom
537253,22382,LUNCH BAG SPACEBOY DESIGN,2,2011-05-18 11:59:00,1.65,12713,Netherlands
537254,85123A,WHITE HANGING HEART T-LIGHT HOLDER,2,2011-04-25 17:43:00,2.95,12543,EIRE
537254,84406B,CREAM CUPID HEARTS COAT HANGER,8,2011-04-25 17:43:00,4.15,12543,EIRE
537254,22197,POPCORN HOLDER,8,2011-04-25 17:43:00,0.85,12543,EIRE
537254,22386,JUMBO BAG PINK POLKADOT,6,2011-04-25 17:43:00,2.08,12543,EIRE
537255,22752,SET 7 BABUSHKA NESTING BOXES,3,2011-03-12 11:33:00,7.65,12509,France
537255,47566,PARTY BUNTING,6,2011-03-12 11:33:00,4.95,12509,France
537255,20725,LUNCH BAG RED RETROSPOT,8,2011-03-12 11:33:00,1.65,12509,France
537255,20727,LUNCH BAG BLACK SKULL,4,2011-03-12 11:33:00,1.65,12509,France
537255,22382,LUNCH BAG SPACEBOY DESIGN,1,2011-03-12 11:33:00,1.65,12509,France
537256,22139,RETROSPOT TEA SET CERAMIC 11 PC,1,2010-12-10 17:30:00,4.95,12491,Germany
537256,22138,BAKING SET 9 PIECE RETROSPOT,6,2010-12-10 17:30:00,4.95,12491,Germany
537257,22961,JAM MAKING SET PRINTED,6,2010-12-09 10:00:00,1.45,12676,United Kingdom
537257,22960,JAM MAKING SET WITH JARS,6,2010-12-09 10:00:00,4.25,12676,United Kingdom
537257,23084,RABBIT NIGHT LIGHT,8,2010-12-09 10:00:00,2.08,12676,United Kingdom
537258,22423,REGENCY CAKESTAND 3 TIER,2,2011-09-11 14:01:00,12.75,12386,United Kingdom
537258,85099B,JUMBO BAG RED RETROSPOT,6,2011-09-11 14:01:00,2.08,12386,United Kingdom
537258,22720,SET OF 3 CAKE TINS PANTRY DESIGN,2,2011-09-11 14:01:00,4.95,12386,United Kingdom
537258,22139,RETROSPOT TEA SET CERAMIC 11 PC,1,2011-09-11 14:01:00,4.95,12386,United Kingdom
537258,21977,PACK OF 60 PINK PAISLEY CAKE CASES,4,2011-09-11 14:01:00,0.55,12386,United Kingdom
537259,84406B,CREAM CUPID HEARTS COAT HANGER,4,2010-12-06 10:36:00,4.15,12370,United Kingdom
537259,22633,HAND WARMER UNION JACK,6,2010-12-06 10:36:00,1.85,12370,United Kingdom
537259,84029G,KNITTED UNION FLAG HOT WATER BOTTLE,1,2010-12-06 10:36:00,3.75,12370,United Kingdom
537260,20727,LUNCH BAG BLACK SKULL,6,2010-12-27 13:26:00,1.65,12698,United Kingdom
537260,22382,LUNCH BAG SPACEBOY DESIGN,6,2010-12-27 13:26:00,1.65,12698,United Kingdom
537260,20725,LUNCH BAG RED RETROSPOT,8,2010-12-27 13:26:00,1.65,12698,United Kingdom
537261,22086,PAPER CHAIN KIT 50'S CHRISTMAS,3,2011-11-23 11:29:00,2.55,12484,United Kingdom
537261,22633,HAND WARMER UNION JACK,8,2011-11-23 11:29:00,1.85,12484,United Kingdom
537261,22632,HAND WARMER RED POLKA DOT,12,2011-11-23 11:29:00,1.85,12484,United Kingdom
537261,84029G,KNITTED UNION FLAG HOT WATER BOTTLE,2,2011-11-23 11:29:00,3.75,12484,United Kingdom
537262,20725,LUNCH BAG RED RETROSPOT,12,2011-08-28 12:06:00,1.65,12613,France
537262,20727,LUNCH BAG BLACK SKULL,4,2011-08-28 12:06:00,1.65,12613,France
537262,22382,LUNCH BAG SPACEBOY DESIGN,2,2011-08-28 12:06:00,1.65,12613,France
537262,23084,RABBIT NIGHT LIGHT,6,2011-08-28 12:06:00,2.08,12613,France
537262,22720,SET OF 3 CAKE TINS PANTRY DESIGN,6,2011-08-28 12:06:00,4.95,12613,France
537263,21977,PACK OF 60 PINK PAISLEY CAKE CASES,2,2011-01-12 14:05:00,0.55,12710,United Kingdom
537263,21212,PACK OF 72 RETROSPOT CAKE CASES,12,2011-01-12 14:05:00,0.55,12710,United Kingdom
537263,22423,REGENCY CAKESTAND 3 TIER,1,2011-01-12 14:05:00,12.75,12710,United Kingdom
537264,21034,REX CASH+CARRY JUMBO SHOPPER,6,2010-12-07 11:59:00,0.95,12454,United Kingdom
537264,22633,HAND WARMER UNION JACK,6,2010-12-07 11:59:00,1.85,12454,United Kingdom
537264,22632,HAND WARMER RED POLKA DOT,12,2010-12-07 11:59:00,1.85,12454,United Kingdom
537264,84029G,KNITTED UNION FLAG HOT WATER BOTTLE,3,2010-12-07 11:59:00,3.75,12454,United Kingdom
537265,22632,HAND WARMER RED POLKA DOT,4,2011-01-24 10:44:00,1.85,12604,United Kingdom
537265,84879,ASSORTED COLOUR BIRD ORNAMENT,2,2011-01-24 10:44:00,1.69,12604,United Kingdom
537265,22423,REGENCY CAKESTAND 3 TIER,6,2011-01-24 10:44:00,12.75,12604,United Kingdom
537265,20727,LUNCH BAG BLACK SKULL,8,2011-01-24 10:44:00,1.65,12604,United Kingdom
537265,22720,SET OF 3 CAKE TINS PANTRY DESIGN,3,2011-01-24 10:44:00,4.95,12604,United Kingdom
537266,22633,HAND WARMER UNION JACK,4,2011-05-07 18:11:00,1.85,12697,United Kingdom
537266,22632,HAND WARMER RED POLKA DOT,1,2011-05-07 18:11:00,1.85,12697,United Kingdom
537266,84029G,KNITTED UNION FLAG HOT WATER BOTTLE,12,2011-05-07 18:11:00,3.75,12697,United Kingdom
537267,20727,LUNCH BAG BLACK SKULL,2,2011-04-16 09:00:00,1.65,12441,EIRE
537267,22382,LUNCH BAG SPACEBOY DESIGN,6,2011-04-16 09:00:00,1.65,12441,EIRE
537267,20725,LUNCH BAG RED RETROSPOT,8,2011-04-16 09:00:00,1.65,12441,EIRE
537268,85123A,WHITE HANGING HEART T-LIGHT HOLDER,1,2011-02-16 15:02:00,2.95,12454,United Kingdom
537268,71053,WHITE METAL LANTERN,8,2011-02-16 15:02:00,3.75,12454,United Kingdom
537268,22752,SET 7 BABUSHKA NESTING BOXES,8,2011-02-16 15:02:00,7.65,12454,United Kingdom
537268,21730,GLASS STAR FROSTED T-LIGHT HOLDER,4,2011-02-16 15:02:00,4.25,12454,United Kingdom
537268,22961,JAM MAKING SET PRINTED,6,2011-02-16 15:02:00,1.45,12454,United Kingdom
537268,21212,PACK OF 72 RETROSPOT CAKE CASES,4,2011-02-16 15:02:00,0.55,12454,United Kingdom
537269,85123A,WHITE HANGING HEART T-LIGHT HOLDER,4,2011-03-01 17:47:00,2.95,12552,EIRE
537269,71053,WHITE METAL LANTERN,2,2011-03-01 17:47:00,3.75,12552,EIRE
537269,84406B,CREAM CUPID HEARTS COAT HANGER,4,2011-03-01 17:47:00,4.15,12552,EIRE
537269,22752,SET 7 BABUSHKA NESTING BOXES,2,2011-03-01 17:47:00,7.65,12552,EIRE
537269,85099C,JUMBO BAG BAROQUE BLACK WHITE,1,2011-03-01 17:47:00,2.08,12552,EIRE
537270,20727,LUNCH BAG BLACK SKULL,8,2011-09-21 12:45:00,1.65,12364,United Kingdom
537270,22382,LUNCH BAG SPACEBOY DESIGN,8,2011-09-21 12:45:00,1.65,12364,United Kingdom
537270,22138,BAKING SET 9 PIECE RETROSPOT,8,2011-09-21 12:45:00,4.95,12364,United Kingdom
537270,20725,LUNCH BAG RED RETROSPOT,2,2011-09-21 12:45:00,1.65,12364,United Kingdom
537271,22960,JAM MAKING SET WITH JARS,6,2011-11-20 13:01:00,4.25,12458,United Kingdom
537271,21212,PACK OF 72 RETROSPOT CAKE CASES,1,2011-11-20 13:01:00,0.55,12458,United Kingdom
537271,22423,REGENCY CAKESTAND 3 TIER,2,2011-11-20 13:01:00,12.75,12458,United Kingdom
537271,85099B,JUMBO BAG RED RETROSPOT,3,2011-11-20 13:01:00,2.08,12458,United Kingdom
537271,21977,PACK OF 60 PINK PAISLEY CAKE CASES,12,2011-11-20 13:01:00,0.55,12458,United Kingdom
537272,22961,JAM MAKING SET PRINTED,12,2011-05-06 11:40:00,1.45,12724,United Kingdom
537272,22960,JAM MAKING SET WITH JARS,3,2011-05-06 11:40:00,4.25,12724,United Kingdom
537272,22086,PAPER CHAIN KIT 50'S CHRISTMAS,1,2011-05-06 11:40:00,2.55,12724,United Kingdom
537273,20727,LUNCH BAG BLACK SKULL,3,2011-07-31 14:51:00,1.65,12687,United Kingdom
537273,22382,LUNCH BAG SPACEBOY DESIGN,1,2011-07-31 14:51:00,1.65,12687,United Kingdom
537273,20725,LUNCH BAG RED RETROSPOT,6,2011-07-31 14:51:00,1.65,12687,United Kingdom
537274,85123A,WHITE HANGING HEART T-LIGHT HOLDER,6,2011-09-25 09:01:00,2.95,12588,United Kingdom
537274,71053,WHITE METAL LANTERN,4,2011-09-25 09:01:00,3.75,12588,United Kingdom
537274,21730,GLASS STAR FROSTED T-LIGHT HOLDER,3,2011-09-25 09:01:00,4.25,12588,United Kingdom
537275,47566,PARTY BUNTING,6,2011-02-14 09:36:00,4.95,12732,United Kingdom
537275,20725,LUNCH BAG RED RETROSPOT,6,2011-02-14 09:36:00,1.65,12732,United Kingdom
537276,22086,PAPER CHAIN KIT 50'S CHRISTMAS,12,2011-08-07 12:53:00,2.55,12685,Germany
537276,85099B,JUMBO BAG RED RETROSPOT,2,2011-08-07 12:53:00,2.08,12685,Germany
537276,85099C,JUMBO BAG BAROQUE BLACK WHITE,6,2011-08-07 12:53:00,2.08,12685,Germany
537276,22386,JUMBO BAG PINK POLKADOT,1,2011-08-07 12:53:00,2.08,12685,Germany
537277,85123A,WHITE HANGING HEART T-LIGHT HOLDER,8,2011-06-29 12:12:00,2.95,12421,United Kingdom
537277,71053,WHITE METAL LANTERN,6,2011-06-29 12:12:00,3.75,12421,United Kingdom
537277,23166,MEDIUM CERAMIC TOP STORAGE JAR,4,2011-06-29 12:12:00,1.04,12421,United Kingdom
537277,21730,GLASS STAR FROSTED T-LIGHT HOLDER,2,2011-06-29 12:12:00,4.25,12421,United Kingdom
537278,20727,LUNCH BAG BLACK SKULL,6,2011-06-12 09:47:00,1.65,12445,Spain
537278,22138,BAKING SET 9 PIECE RETROSPOT,6,2011-06-12 09:47:00,4.95,12445,Spain
537278,22633,HAND WARMER UNION JACK,6,2011-06-12 09:47:00,1.85,12445,Spain
537279,22086,PAPER CHAIN KIT 50'S CHRISTMAS,2,2011-09-28 14:47:00,2.55,12546,United Kingdom
537279,47566,PARTY BUNTING,8,2011-09-28 14:47:00,4.95,12546,United Kingdom
537279,22197,POPCORN HOLDER,12,2011-09-28 14:47:00,0.85,12546,United Kingdom
537279,22386,JUMBO BAG PINK POLKADOT,6,2011-09-28 14:47:00,2.08,12546,United Kingdom
537279,21034,REX CASH+CARRY JUMBO SHOPPER,6,2011-09-28 14:47:00,0.95,12546,United Kingdom
537280,22961,JAM MAKING SET PRINTED,3,2010-12-05 16:29:00,1.45,12402,United Kingdom
537280,22960,JAM MAKING SET WITH JARS,6,2010-12-05 16:29:00,4.25,12402,United Kingdom
537280,22382,LUNCH BAG SPACEBOY DESIGN,12,2010-12-05 16:29:00,1.65,12402,United Kingdom
537280,22197,POPCORN HOLDER,6,2010-12-05 16:29:00,0.85,12402,United Kingdom
537280,85099C,JUMBO BAG BAROQUE BLACK WHITE,2,2010-12-05 16:29:00,2.08,12402,United Kingdom
537281,22086,PAPER CHAIN KIT 50'S CHRISTMAS,1,2010-12-08 15:32:00,2.55,12496,United Kingdom
537281,47566,PARTY BUNTING,12,2010-12-08 15:32:00,4.95,12496,United Kingdom
537282,22961,JAM MAKING SET PRINTED,3,2010-12-03 14:52:00,1.45,12502,United Kingdom
537282,22960,JAM MAKING SET WITH JARS,2,2010-12-03 14:52:00,4.25,12502,United Kingdom
537282,22138,BAKING SET 9 PIECE RETROSPOT,6,2010-12-03 14:52:00,4.95,12502,United Kingdom
537283,85123A,WHITE HANGING HEART T-LIGHT HOLDER,8,2011-03-11 15:07:00,2.95,12419,United Kingdom
537283,71053,WHITE METAL LANTERN,8,2011-03-11 15:07:00,3.75,12419,United Kingdom
537283,21730,GLASS STAR FROSTED T-LIGHT HOLDER,8,2011-03-11 15:07:00,4.25,12419,United Kingdom
537283,84029G,KNITTED UNION FLAG HOT WATER BOTTLE,2,2011-03-11 15:07:00,3.75,12419,United Kingdom
537283,21212,PACK OF 72 RETROSPOT CAKE CASES,6,2011-03-11 15:07:00,0.55,12419,United Kingdom
537283,21977,PACK OF 60 PINK PAISLEY CAKE CASES,6,2011-03-11 15:07:00,0.55,12419,United Kingdom
537284,21730,GLASS STAR FROSTED T-LIGHT HOLDER,6,2011-05-09 11:06:00,4.25,12651,United Kingdom
537284,22632,HAND WARMER RED POLKA DOT,3,2011-05-09 11:06:00,1.85,12651,United Kingdom
537284,85099B,JUMBO BAG RED RETROSPOT,8,2011-05-09 11:06:00,2.08,12651,United Kingdom
537284,85099C,JUMBO BAG BAROQUE BLACK WHITE,4,2011-05-09 11:06:00,2.08,12651,United Kingdom
537284,22386,JUMBO BAG PINK POLKADOT,6,2011-05-09 11:06:00,2.08,12651,United Kingdom
537284,22720,SET OF 3 CAKE TINS PANTRY DESIGN,6,2011-05-09 11:06:00,4.95,12651,United Kingdom
537285,22752,SET 7 BABUSHKA NESTING BOXES,12,2011-05-02 18:29:00,7.65,12389,Germany
537285,21730,GLASS STAR FROSTED T-LIGHT HOLDER,6,2011-05-02 18:29:00,4.25,12389,Germany
537285,20727,LUNCH BAG BLACK SKULL,6,2011-05-02 18:29:00,1.65,12389,Germany
537285,22139,RETROSPOT TEA SET CERAMIC 11 PC,12,2011-05-02 18:29:00,4.95,12389,Germany
537285,22138,BAKING SET 9 PIECE RETROSPOT,6,2011-05-02 18:29:00,4.95,12389,Germany
537286,85123A,WHITE HANGING HEART T-LIGHT HOLDER,8,2011-07-27 14:56:00,2.95,12564,Germany
537286,84406B,CREAM CUPID HEARTS COAT HANGER,2,2011-07-27 14:56:00,4.15,12564,Germany
537287,20727,LUNCH BAG BLACK SKULL,6,2011-02-10 18:28:00,1.65,12732,United Kingdom
537287,22197,POPCORN HOLDER,1,2011-02-10 18:28:00,0.85,12732,United Kingdom
537287,21212,PACK OF 72 RETROSPOT CAKE CASES,8,2011-02-10 18:28:00,0.55,12732,United Kingdom
537287,21730,GLASS STAR FROSTED T-LIGHT HOLDER,3,2011-02-10 18:28:00,4.25,12732,United Kingdom
537288,85123A,WHITE HANGING HEART T-LIGHT HOLDER,1,2011-11-09 08:59:00,2.95,12552,EIRE
537288,71053,WHITE METAL LANTERN,6,2011-11-09 08:59:00,3.75,12552,EIRE
537288,21730,GLASS STAR FROSTED T-LIGHT HOLDER,2,2011-11-09 08:59:00,4.25,12552,EIRE
537289,85099B,JUMBO BAG RED RETROSPOT,2,2011-10-01 10:22:00,2.08,12516,United Kingdom
537289,85099C,JUMBO BAG BAROQUE BLACK WHITE,1,2011-10-01 10:22:00,2.08,12516,United Kingdom
537289,22386,JUMBO BAG PINK POLKADOT,4,2011-10-01 10:22:00,2.08,12516,United Kingdom
537290,22961,JAM MAKING SET PRINTED,1,2011-02-12 17:17:00,1.45,12610,France
537290,22960,JAM MAKING SET WITH JARS,12,2011-02-12 17:17:00,4.25,12610,France
537290,85099B,JUMBO BAG RED RETROSPOT,4,2011-02-12 17:17:00,2.08,12610,France
537291,22752,SET 7 BABUSHKA NESTING BOXES,12,2011-01-04 08:39:00,7.65,12404,United Kingdom
537291,21977,PACK OF 60 PINK PAISLEY CAKE CASES,1,2011-01-04 08:39:00,0.55,12404,United Kingdom
537291,21212,PACK OF 72 RETROSPOT CAKE CASES,12,2011-01-04 08:39:00,0.55,12404,United Kingdom
537291,22423,REGENCY CAKESTAND 3 TIER,8,2011-01-04 08:39:00,12.75,12404,United Kingdom
537292,21034,REX CASH+CARRY JUMBO SHOPPER,6,2011-02-01 12:55:00,0.95,12374,France
537293,85123A,WHITE HANGING HEART T-LIGHT HOLDER,4,2011-11-14 16:24:00,2.95,12659,United Kingdom
537293,71053,WHITE METAL LANTERN,3,2011-11-14 16:24:00,3.75,12659,United Kingdom
537293,21730,GLASS STAR FROSTED T-LIGHT HOLDER,4,2011-11-14 16:24:00,4.25,12659,United Kingdom
537294,22961,JAM MAKING SET PRINTED,8,2011-08-03 12:48:00,1.45,12589,United Kingdom
537294,21212,PACK OF 72 RETROSPOT CAKE CASES,8,2011-08-03 12:48:00,0.55,12589,United Kingdom
537294,85099C,JUMBO BAG BAROQUE BLACK WHITE,2,2011-08-03 12:48:00,2.08,12589,United Kingdom
537295,85123A,WHITE HANGING HEART T-LIGHT HOLDER,1,2011-07-02 14:39:00,2.95,12583,United Kingdom
537295,22633,HAND WARMER UNION JACK,12,2011-07-02 14:39:00,1.85,12583,United Kingdom
537295,22632,HAND WARMER RED POLKA DOT,1,2011-07-02 14:39:00,1.85,12583,United Kingdom
537295,84029G,KNITTED UNION FLAG HOT WATER BOTTLE,6,2011-07-02 14:39:00,3.75,12583,United Kingdom
537295,22960,JAM MAKING SET WITH JARS,3,2011-07-02 14:39:00,4.25,12583,United Kingdom
537295,84879,ASSORTED COLOUR BIRD ORNAMENT,12,2011-07-02 14:39:00,1.69,12583,United Kingdom
537295,23166,MEDIUM CERAMIC TOP STORAGE JAR,12,2011-07-02 14:39:00,1.04,12583,United Kingdom
537296,21212,PACK OF 72 RETROSPOT CAKE CASES,8,2010-12-05 10:52:00,0.55,12487,EIRE
537296,22138,BAKING SET 9 PIECE RETROSPOT,2,2010-12-05 10:52:00,4.95,12487,EIRE
537296,22632,HAND WARMER RED POLKA DOT,3,2010-12-05 10:52:00,1.85,12487,EIRE
537296,22386,JUMBO BAG PINK POLKADOT,3,2010-12-05 10:52:00,2.08,12487,EIRE
537297,22961,JAM MAKING SET PRINTED,6,2011-11-01 17:51:00,1.45,12526,Germany
537298,22961,JAM MAKING SET PRINTED,6,2011-01-04 15:54:00,1.45,12547,France
537298,22960,JAM MAKING SET WITH JARS,3,2011-01-04 15:54:00,4.25,12547,France
537298,20727,LUNCH BAG BLACK SKULL,6,2011-01-04 15:54:00,1.65,12547,France
537298,22386,JUMBO BAG PINK POLKADOT,6,2011-01-04 15:54:00,2.08,12547,France
537298,22720,SET OF 3 CAKE TINS PANTRY DESIGN,8,2011-01-04 15:54:00,4.95,12547,France
537298,21977,PACK OF 60 PINK PAISLEY CAKE CASES,2,2011-01-04 15:54:00,0.55,12547,France
537299,22720,SET OF 3 CAKE TINS PANTRY DESIGN,4,2010-12-16 10:44:00,4.95,12369,United Kingdom
537299,22086,PAPER CHAIN KIT 50'S CHRISTMAS,2,2010-12-16 10:44:00,2.55,12369,United Kingdom
537299,22423,REGENCY CAKESTAND 3 TIER,3,2010-12-16 10:44:00,12.75,12369,United Kingdom
537299,84029G,KNITTED UNION FLAG HOT WATER BOTTLE,8,2010-12-16 10:44:00,3.75,12369,United Kingdom
537300,22633,HAND WARMER UNION JACK,1,2011-07-04 09:33:00,1.85,12732,United Kingdom
537300,22632,HAND WARMER RED POLKA DOT,3,2011-07-04 09:33:00,1.85,12732,United Kingdom
537300,84029G,KNITTED UNION FLAG HOT WATER BOTTLE,6,2011-07-04 09:33:00,3.75,12732,United Kingdom
537300,21212,PACK OF 72 RETROSPOT CAKE CASES,2,2011-07-04 09:33:00,0.55,12732,United Kingdom
537300,22197,POPCORN HOLDER,12,2011-07-04 09:33:00,0.85,12732,United Kingdom
537300,22720,SET OF 3 CAKE TINS PANTRY DESIGN,8,2011-07-04 09:33:00,4.95,12732,United Kingdom
537301,84029G,KNITTED UNION FLAG HOT WATER BOTTLE,4,2011-10-23 18:05:00,3.75,12414,United Kingdom
537301,22960,JAM MAKING SET WITH JARS,3,2011-10-23 18:05:00,4.25,12414,United Kingdom
537301,22423,REGENCY CAKESTAND 3 TIER,8,2011-10-23 18:05:00,12.75,12414,United Kingdom
537301,85099C,JUMBO BAG BAROQUE BLACK WHITE,4,2011-10-23 18:05:00,2.08,12414,United Kingdom
537301,22720,SET OF 3 CAKE TINS PANTRY DESIGN,2,2011-10-23 18:05:00,4.95,12414,United Kingdom
537302,21212,PACK OF 72 RETROSPOT CAKE CASES,8,2010-12-13 09:43:00,0.55,12644,United Kingdom
537303,85123A,WHITE HANGING HEART T-LIGHT HOLDER,12,2011-09-06 09:51:00,2.95,12636,United Kingdom
537303,84406B,CREAM CUPID HEARTS COAT HANGER,6,2011-09-06 09:51:00,4.15,12636,United Kingdom
537303,21034,REX CASH+CARRY JUMBO SHOPPER,6,2011-09-06 09:51:00,0.95,12636,United Kingdom
537303,22632,HAND WARMER RED POLKA DOT,3,2011-09-06 09:51:00,1.85,12636,United Kingdom
537304,20727,LUNCH BAG BLACK SKULL,6,2011-07-13 15:10:00,1.65,12380,United Kingdom
537304,22457,NATURAL SLATE HEART CHALKBOARD,2,2011-07-13 15:10:00,2.95,12380,United Kingdom
537304,84406B,CREAM CUPID HEARTS COAT HANGER,2,2011-07-13 15:10:00,4.15,12380,United Kingdom
537304,21730,GLASS STAR FROSTED T-LIGHT HOLDER,12,2011-07-13 15:10:00,4.25,12380,United Kingdom
537305,84879,ASSORTED COLOUR BIRD ORNAMENT,6,2010-12-27 18:04:00,1.69,12464,United Kingdom
537305,20725,LUNCH BAG RED RETROSPOT,2,2010-12-27 18:04:00,1.65,12464,United Kingdom
537305,20727,LUNCH BAG BLACK SKULL,3,2010-12-27 18:04:00,1.65,12464,United Kingdom
537305,22382,LUNCH BAG SPACEBOY DESIGN,6,2010-12-27 18:04:00,1.65,12464,United Kingdom
537305,22386,JUMBO BAG PINK POLKADOT,2,2010-12-27 18:04:00,2.08,12464,United Kingdom
537306,22960,JAM MAKING SET WITH JARS,2,2011-09-21 12:24:00,4.25,12619,EIRE
537306,22197,POPCORN HOLDER,12,2011-09-21 12:24:00,0.85,12619,EIRE
537306,84879,ASSORTED COLOUR BIRD ORNAMENT,6,2011-09-21 12:24:00,1.69,12619,EIRE
537306,71053,WHITE METAL LANTERN,1,2011-09-21 12:24:00,3.75,12619,EIRE
537307,85123A,WHITE HANGING HEART T-LIGHT HOLDER,6,2011-05-23 14:46:00,2.95,12362,United Kingdom
537307,71053,WHITE METAL LANTERN,1,2011-05-23 14:46:00,3.75,12362,United Kingdom
537307,21730,GLASS STAR FROSTED T-LIGHT HOLDER,4,2011-05-23 14:46:00,4.25,12362,United Kingdom
537307,22632,HAND WARMER RED POLKA DOT,12,2011-05-23 14:46:00,1.85,12362,United Kingdom
537308,22633,HAND WARMER UNION JACK,2,2011-09-15 18:14:00,1.85,12383,United Kingdom
537308,22632,HAND WARMER RED POLKA DOT,12,2011-09-15 18:14:00,1.85,12383,United Kingdom
537308,84029G,KNITTED UNION FLAG HOT WATER BOTTLE,3,2011-09-15 18:14:00,3.75,12383,United Kingdom
537308,22197,POPCORN HOLDER,6,2011-09-15 18:14:00,0.85,12383,United Kingdom
537308,23084,RABBIT NIGHT LIGHT,1,2011-09-15 18:14:00,2.08,12383,United Kingdom
537309,22960,JAM MAKING SET WITH JARS,4,2010-12-19 16:02:00,4.25,12399,United Kingdom
537309,22139,RETROSPOT TEA SET CERAMIC 11 PC,1,2010-12-19 16:02:00,4.95,12399,United Kingdom
537309,22138,BAKING SET 9 PIECE RETROSPOT,1,2010-12-19 16:02:00,4.95,12399,United Kingdom
537309,22457,NATURAL SLATE HEART CHALKBOARD,1,2010-12-19 16:02:00,2.95,12399,United Kingdom
537310,85123A,WHITE HANGING HEART T-LIGHT HOLDER,8,2011-03-11 17:08:00,2.95,12742,United Kingdom
537310,71053,WHITE METAL LANTERN,3,2011-03-11 17:08:00,3.75,12742,United Kingdom
537310,21730,GLASS STAR FROSTED T-LIGHT HOLDER,8,2011-03-11 17:08:00,4.25,12742,United Kingdom
537310,84879,ASSORTED COLOUR BIRD ORNAMENT,8,2011-03-11 17:08:00,1.69,12742,United Kingdom
537310,20725,LUNCH BAG RED RETROSPOT,3,2011-03-11 17:08:00,1.65,12742,United Kingdom
537310,22720,SET OF 3 CAKE TINS PANTRY DESIGN,2,2011-03-11 17:08:00,4.95,12742,United Kingdom
537311,71053,WHITE METAL LANTERN,4,2011-01-30 18:27:00,3.75,12570,United Kingdom
537311,84029G,KNITTED UNION FLAG HOT WATER BOTTLE,2,2011-01-30 18:27:00,3.75,12570,United Kingdom
537311,85099B,JUMBO BAG RED RETROSPOT,1,2011-01-30 18:27:00,2.08,12570,United Kingdom
537311,85099C,JUMBO BAG BAROQUE BLACK WHITE,4,2011-01-30 18:27:00,2.08,12570,United Kingdom
537311,22386,JUMBO BAG PINK POLKADOT,8,2011-01-30 18:27:00,2.08,12570,United Kingdom
537311,21977,PACK OF 60 PINK PAISLEY CAKE CASES,1,2011-01-30 18:27:00,0.55,12570,United Kingdom
537312,22961,JAM MAKING SET PRINTED,6,2011-04-07 08:34:00,1.45,12353,United Kingdom
537312,22960,JAM MAKING SET WITH JARS,4,2011-04-07 08:34:00,4.25,12353,United Kingdom
537312,22086,PAPER CHAIN KIT 50'S CHRISTMAS,6,2011-04-07 08:34:00,2.55,12353,United Kingdom
537312,71053,WHITE METAL LANTERN,3,2011-04-07 08:34:00,3.75,12353,United Kingdom
537313,22382,LUNCH BAG SPACEBOY DESIGN,12,2011-06-22 16:12:00,1.65,12656,United Kingdom
537313,22633,HAND WARMER UNION JACK,6,2011-06-22 16:12:00,1.85,12656,United Kingdom
537313,22632,HAND WARMER RED POLKA DOT,4,2011-06-22 16:12:00,1.85,12656,United Kingdom
537313,84029G,KNITTED UNION FLAG HOT WATER BOTTLE,12,2011-06-22 16:12:00,3.75,12656,United Kingdom
537314,22961,JAM MAKING SET PRINTED,2,2011-05-04 14:19:00,1.45,12711,Spain
537314,22086,PAPER CHAIN KIT 50'S CHRISTMAS,1,2011-05-04 14:19:00,2.55,12711,Spain
537314,21212,PACK OF 72 RETROSPOT CAKE CASES,6,2011-05-04 14:19:00,0.55,12711,Spain
537314,22423,REGENCY CAKESTAND 3 TIER,8,2011-05-04 14:19:00,12.75,12711,Spain
537314,22386,JUMBO BAG PINK POLKADOT,12,2011-05-04 14:19:00,2.08,12711,Spain
537314,22138,BAKING SET 9 PIECE RETROSPOT,6,2011-05-04 14:19:00,4.95,12711,Spain
537314,21977,PACK OF 60 PINK PAISLEY CAKE CASES,2,2011-05-04 14:19:00,0.55,12711,Spain
537315,22752,SET 7 BABUSHKA NESTING BOXES,6,2011-02-09 16:44:00,7.65,12450,United Kingdom
537316,22720,SET OF 3 CAKE TINS PANTRY DESIGN,1,2011-02-11 08:45:00,4.95,12717,Germany
537316,22423,REGENCY CAKESTAND 3 TIER,12,2011-02-11 08:45:00,12.75,12717,Germany
537317,22633,HAND WARMER UNION JACK,6,2011-04-18 13:07:00,1.85,12363,United Kingdom
537317,22632,HAND WARMER RED POLKA DOT,8,2011-04-18 13:07:00,1.85,12363,United Kingdom
537317,84029G,KNITTED UNION FLAG HOT WATER BOTTLE,12,2011-04-18 13:07:00,3.75,12363,United Kingdom
537318,22139,RETROSPOT TEA SET CERAMIC 11 PC,8,2011-06-14 14:58:00,4.95,12355,United Kingdom
537318,22138,BAKING SET 9 PIECE RETROSPOT,1,2011-06-14 14:58:00,4.95,12355,United Kingdom
537318,85099C,JUMBO BAG BAROQUE BLACK WHITE,6,2011-06-14 14:58:00,2.08,12355,United Kingdom
537319,21034,REX CASH+CARRY JUMBO SHOPPER,6,2011-09-04 14:29:00,0.95,12362,United Kingdom
537319,21977,PACK OF 60 PINK PAISLEY CAKE CASES,4,2011-09-04 14:29:00,0.55,12362,United Kingdom
537320,22457,NATURAL SLATE HEART CHALKBOARD,2,2010-12-15 14:16:00,2.95,12733,United Kingdom
537321,22633,HAND WARMER UNION JACK,8,2011-06-17 13:24:00,1.85,12629,Spain
537321,22961,JAM MAKING SET PRINTED,12,2011-06-17 13:24:00,1.45,12629,Spain
537321,22086,PAPER CHAIN KIT 50'S CHRISTMAS,4,2011-06-17 13:24:00,2.55,12629,Spain
537321,47566,PARTY BUNTING,3,2011-06-17 13:24:00,4.95,12629,Spain
537321,20727,LUNCH BAG BLACK SKULL,1,2011-06-17 13:24:00,1.65,12629,Spain
537321,22720,SET OF 3 CAKE TINS PANTRY DESIGN,6,2011-06-17 13:24:00,4.95,12629,Spain
537322,71053,WHITE METAL LANTERN,6,2011-04-20 09:45:00,3.75,12695,Spain
537322,22961,JAM MAKING SET PRINTED,6,2011-04-20 09:45:00,1.45,12695,Spain
537322,22086,PAPER CHAIN KIT 50'S CHRISTMAS,6,2011-04-20 09:45:00,2.55,12695,Spain
537322,47566,PARTY BUNTING,1,2011-04-20 09:45:00,4.95,12695,Spain
537322,22197,POPCORN HOLDER,2,2011-04-20 09:45:00,0.85,12695,Spain
537323,85123A,WHITE HANGING HEART T-LIGHT HOLDER,1,2011-09-18 14:23:00,2.95,12503,United Kingdom
537323,47566,PARTY BUNTING,12,2011-09-18 14:23:00,4.95,12503,United Kingdom
537324,85123A,WHITE HANGING HEART T-LIGHT HOLDER,6,2011-06-02 16:10:00,2.95,12364,Spain
537324,71053,WHITE METAL LANTERN,2,2011-06-02 16:10:00,3.75,12364,Spain
537324,84406B,CREAM CUPID HEARTS COAT HANGER,12,2011-06-02 16:10:00,4.15,12364,Spain
537324,21730,GLASS STAR FROSTED T-LIGHT HOLDER,3,2011-06-02 16:10:00,4.25,12364,Spain
537324,22961,JAM MAKING SET PRINTED,6,2011-06-02 16:10:00,1.45,12364,Spain
537324,22197,POPCORN HOLDER,6,2011-06-02 16:10:00,0.85,12364,Spain
537324,22138,BAKING SET 9 PIECE RETROSPOT,6,2011-06-02 16:10:00,4.95,12364,Spain
537325,22086,PAPER CHAIN KIT 50'S CHRISTMAS,4,2011-02-04 12:10:00,2.55,12599,United Kingdom
537325,47566,PARTY BUNTING,2,2011-02-04 12:10:00,4.95,12599,United Kingdom
537326,71053,WHITE METAL LANTERN,4,2010-12-20 11:13:00,3.75,12681,EIRE
537326,22086,PAPER CHAIN KIT 50'S CHRISTMAS,1,2010-12-20 11:13:00,2.55,12681,EIRE
537326,22382,LUNCH BAG SPACEBOY DESIGN,6,2010-12-20 11:13:00,1.65,12681,EIRE
537326,22386,JUMBO BAG PINK POLKADOT,6,2010-12-20 11:13:00,2.08,12681,EIRE
537327,85099B,JUMBO BAG RED RETROSPOT,2,2011-11-13 14:04:00,2.08,12354,United Kingdom
537327,85099C,JUMBO BAG BAROQUE BLACK WHITE,12,2011-11-13 14:04:00,2.08,12354,United Kingdom
537327,22386,JUMBO BAG PINK POLKADOT,2,2011-11-13 14:04:00,2.08,12354,United Kingdom
537328,22139,RETROSPOT TEA SET CERAMIC 11 PC,8,2011-01-09 11:43:00,4.95,12607,United Kingdom
537328,22138,BAKING SET 9 PIECE RETROSPOT,6,2011-01-09 11:43:00,4.95,12607,United Kingdom
537329,22960,JAM MAKING SET WITH JARS,1,2010-12-13 14:08:00,4.25,12419,United Kingdom
537329,22139,RETROSPOT TEA SET CERAMIC 11 PC,3,2010-12-13 14:08:00,4.95,12419,United Kingdom
537329,22138,BAKING SET 9 PIECE RETROSPOT,6,2010-12-13 14:08:00,4.95,12419,United Kingdom
537329,20725,LUNCH BAG RED RETROSPOT,1,2010-12-13 14:08:00,1.65,12419,United Kingdom
537330,20727,LUNCH BAG BLACK SKULL,6,2011-02-15 17:31:00,1.65,12494,United Kingdom
537330,85099B,JUMBO BAG RED RETROSPOT,4,2011-02-15 17:31:00,2.08,12494,United Kingdom
537330,85099C,JUMBO BAG BAROQUE BLACK WHITE,8,2011-02-15 17:31:00,2.08,12494,United Kingdom
537330,22386,JUMBO BAG PINK POLKADOT,1,2011-02-15 17:31:00,2.08,12494,United Kingdom
537330,23084,RABBIT NIGHT LIGHT,3,2011-02-15 17:31:00,2.08,12494,United Kingdom
537330,22720,SET OF 3 CAKE TINS PANTRY DESIGN,8,2011-02-15 17:31:00,4.95,12494,United Kingdom
537331,22086,PAPER CHAIN KIT 50'S CHRISTMAS,2,2011-10-29 09:34:00,2.55,12736,United Kingdom
537331,22423,REGENCY CAKESTAND 3 TIER,1,2011-10-29 09:34:00,12.75,12736,United Kingdom
537331,47566,PARTY BUNTING,12,2011-10-29 09:34:00,4.95,12736,United Kingdom
537331,22382,LUNCH BAG SPACEBOY DESIGN,12,2011-10-29 09:34:00,1.65,12736,United Kingdom
537331,23084,RABBIT NIGHT LIGHT,6,2011-10-29 09:34:00,2.08,12736,United Kingdom
537332,85099B,JUMBO BAG RED RETROSPOT,6,2011-03-10 17:48:00,2.08,12483,United Kingdom
537332,85099C,JUMBO BAG BAROQUE BLACK WHITE,2,2011-03-10 17:48:00,2.08,12483,United Kingdom
537332,22386,JUMBO BAG PINK POLKADOT,4,2011-03-10 17:48:00,2.08,12483,United Kingdom
537332,47566,PARTY BUNTING,12,2011-03-10 17:48:00,4.95,12483,United Kingdom
537333,22633,HAND WARMER UNION JACK,4,2011-06-28 13:35:00,1.85,12721,United Kingdom
537333,22632,HAND WARMER RED POLKA DOT,12,2011-06-28 13:35:00,1.85,12721,United Kingdom
537333,84029G,KNITTED UNION FLAG HOT WATER BOTTLE,8,2011-06-28 13:35:00,3.75,12721,United Kingdom
537333,20725,LUNCH BAG RED RETROSPOT,4,2011-06-28 13:35:00,1.65,12721,United Kingdom
537333,85099B,JUMBO BAG RED RETROSPOT,3,2011-06-28 13:35:00,2.08,12721,United Kingdom
537334,22457,NATURAL SLATE HEART CHALKBOARD,6,2011-04-05 15:13:00,2.95,12621,Netherlands
537334,22086,PAPER CHAIN KIT 50'S CHRISTMAS,6,2011-04-05 15:13:00,2.55,12621,Netherlands
537334,47566,PARTY BUNTING,2,2011-04-05 15:13:00,4.95,12621,Netherlands
537334,22960,JAM MAKING SET WITH JARS,2,2011-04-05 15:13:00,4.25,12621,Netherlands
537335,21977,PACK OF 60 PINK PAISLEY CAKE CASES,12,2011-07-04 16:39:00,0.55,12555,Netherlands
537335,21212,PACK OF 72 RETROSPOT CAKE CASES,1,2011-07-04 16:39:00,0.55,12555,Netherlands
537335,22138,BAKING SET 9 PIECE RETROSPOT,3,2011-07-04 16:39:00,4.95,12555,Netherlands
537335,22423,REGENCY CAKESTAND 3 TIER,2,2011-07-04 16:39:00,12.75,12555,Netherlands
537336,22139,RETROSPOT TEA SET CERAMIC 11 PC,1,2011-04-14 17:15:00,4.95,12560,France
537337,85123A,WHITE HANGING HEART T-LIGHT HOLDER,3,2010-12-13 10:34:00,2.95,12566,United Kingdom
537337,84406B,CREAM CUPID HEARTS COAT HANGER,8,2010-12-13 10:34:00,4.15,12566,United Kingdom
537337,21212,PACK OF 72 RETROSPOT CAKE CASES,4,2010-12-13 10:34:00,0.55,12566,United Kingdom
537337,22423,REGENCY CAKESTAND 3 TIER,6,2010-12-13 10:34:00,12.75,12566,United Kingdom
537337,22138,BAKING SET 9 PIECE RETROSPOT,2,2010-12-13 10:34:00,4.95,12566,United Kingdom
537338,84406B,CREAM CUPID HEARTS COAT HANGER,6,2011-05-22 18:08:00,4.15,12518,United Kingdom
537339,22720,SET OF 3 CAKE TINS PANTRY DESIGN,3,2011-06-28 16:17:00,4.95,12575,United Kingdom
537339,22423,REGENCY CAKESTAND 3 TIER,2,2011-06-28 16:17:00,12.75,12575,United Kingdom
537339,23084,RABBIT NIGHT LIGHT,3,2011-06-28 16:17:00,2.08,12575,United Kingdom
537340,22720,SET OF 3 CAKE TINS PANTRY DESIGN,6,2011-09-30 17:53:00,4.95,12349,Germany
537340,20727,LUNCH BAG BLACK SKULL,2,2011-09-30 17:53:00,1.65,12349,Germany
537340,22423,REGENCY CAKESTAND 3 TIER,4,2011-09-30 17:53:00,12.75,12349,Germany
537341,85123A,WHITE HANGING HEART T-LIGHT HOLDER,6,2011-08-10 13:33:00,2.95,12498,Netherlands
537341,84406B,CREAM CUPID HEARTS COAT HANGER,6,2011-08-10 13:33:00,4.15,12498,Netherlands
537341,22423,REGENCY CAKESTAND 3 TIER,8,2011-08-10 13:33:00,12.75,12498,Netherlands
537341,20727,LUNCH BAG BLACK SKULL,6,2011-08-10 13:33:00,1.65,12498,Netherlands
537341,22139,RETROSPOT TEA SET CERAMIC 11 PC,3,2011-08-10 13:33:00,4.95,12498,Netherlands
537341,21977,PACK OF 60 PINK PAISLEY CAKE CASES,3,2011-08-10 13:33:00,0.55,12498,Netherlands
537342,21212,PACK OF 72 RETROSPOT CAKE CASES,6,2011-03-18 15:03:00,0.55,12367,United Kingdom
537342,22086,PAPER CHAIN KIT 50'S CHRISTMAS,3,2011-03-18 15:03:00,2.55,12367,United Kingdom
537342,22752,SET 7 BABUSHKA NESTING BOXES,2,2011-03-18 15:03:00,7.65,12367,United Kingdom
537342,47566,PARTY BUNTING,6,2011-03-18 15:03:00,4.95,12367,United Kingdom
537343,22752,SET 7 BABUSHKA NESTING BOXES,6,2011-08-07 15:44:00,7.65,12486,United Kingdom
537343,84029G,KNITTED UNION FLAG HOT WATER BOTTLE,3,2011-08-07 15:44:00,3.75,12486,United Kingdom
537343,20725,LUNCH BAG RED RETROSPOT,2,2011-08-07 15:44:00,1.65,12486,United Kingdom
537343,20727,LUNCH BAG BLACK SKULL,4,2011-08-07 15:44:00,1.65,12486,United Kingdom
537343,22382,LUNCH BAG SPACEBOY DESIGN,3,2011-08-07 15:44:00,1.65,12486,United Kingdom
537343,22720,SET OF 3 CAKE TINS PANTRY DESIGN,1,2011-08-07 15:44:00,4.95,12486,United Kingdom
537343,21977,PACK OF 60 PINK PAISLEY CAKE CASES,1,2011-08-07 15:44:00,0.55,12486,United Kingdom
537344,21212,PACK OF 72 RETROSPOT CAKE CASES,4,2011-09-02 11:30:00,0.55,12622,France
537345,22720,SET OF 3 CAKE TINS PANTRY DESIGN,2,2011-09-19 15:16:00,4.95,12490,Germany
537345,21977,PACK OF 60 PINK PAISLEY CAKE CASES,12,2011-09-19 15:16:00,0.55,12490,Germany
537345,22752,SET 7 BABUSHKA NESTING BOXES,8,2011-09-19 15:16:00,7.65,12490,Germany
537345,22423,REGENCY CAKESTAND 3 TIER,12,2011-09-19 15:16:00,12.75,12490,Germany
537346,23084,RABBIT NIGHT LIGHT,4,2011-01-14 10:47:00,2.08,12480,United Kingdom
537347,84406B,CREAM CUPID HEARTS COAT HANGER,6,2011-01-08 13:40:00,4.15,12718,EIRE
537347,22423,REGENCY CAKESTAND 3 TIER,1,2011-01-08 13:40:00,12.75,12718,EIRE
537347,85099C,JUMBO BAG BAROQUE BLACK WHITE,8,2011-01-08 13:40:00,2.08,12718,EIRE
537347,22386,JUMBO BAG PINK POLKADOT,2,2011-01-08 13:40:00,2.08,12718,EIRE
537347,22720,SET OF 3 CAKE TINS PANTRY DESIGN,6,2011-01-08 13:40:00,4.95,12718,EIRE
537348,84029G,KNITTED UNION FLAG HOT WATER BOTTLE,4,2011-09-12 09:10:00,3.75,12443,United Kingdom
537348,22086,PAPER CHAIN KIT 50'S CHRISTMAS,6,2011-09-12 09:10:00,2.55,12443,United Kingdom
537348,47566,PARTY BUNTING,12,2011-09-12 09:10:00,4.95,12443,United Kingdom
537348,85099C,JUMBO BAG BAROQUE BLACK WHITE,3,2011-09-12 09:10:00,2.08,12443,United Kingdom
537348,22139,RETROSPOT TEA SET CERAMIC 11 PC,12,2011-09-12 09:10:00,4.95,12443,United Kingdom
537349,22633,HAND WARMER UNION JACK,1,2011-08-12 12:38:00,1.85,12441,United Kingdom
537349,22632,HAND WARMER RED POLKA DOT,8,2011-08-12 12:38:00,1.85,12441,United Kingdom
537349,84029G,KNITTED UNION FLAG HOT WATER BOTTLE,2,2011-08-12 12:38:00,3.75,12441,United Kingdom
537349,23084,RABBIT NIGHT LIGHT,12,2011-08-12 12:38:00,2.08,12441,United Kingdom
537349,22139,RETROSPOT TEA SET CERAMIC 11 PC,4,2011-08-12 12:38:00,4.95,12441,United Kingdom
537350,22086,PAPER CHAIN KIT 50'S CHRISTMAS,6,2011-03-02 08:56:00,2.55,12709,United Kingdom
537350,85099B,JUMBO BAG RED RETROSPOT,12,2011-03-02 08:56:00,2.08,12709,United Kingdom
537350,47566,PARTY BUNTING,3,2011-03-02 08:56:00,4.95,12709,United Kingdom
537351,22960,JAM MAKING SET WITH JARS,2,2011-03-29 13:12:00,4.25,12499,France
537351,21212,PACK OF 72 RETROSPOT CAKE CASES,4,2011-03-29 13:12:00,0.55,12499,France
537351,20725,LUNCH BAG RED RETROSPOT,2,2011-03-29 13:12:00,1.65,12499,France
537351,22382,LUNCH BAG SPACEBOY DESIGN,6,2011-03-29 13:12:00,1.65,12499,France
537351,22139,RETROSPOT TEA SET CERAMIC 11 PC,8,2011-03-29 13:12:00,4.95,12499,France
537351,22138,BAKING SET 9 PIECE RETROSPOT,12,2011-03-29 13:12:00,4.95,12499,France
537352,85099B,JUMBO BAG RED RETROSPOT,6,2011-04-06 14:37:00,2.08,12512,United Kingdom
537352,85099C,JUMBO BAG BAROQUE BLACK WHITE,8,2011-04-06 14:37:00,2.08,12512,United Kingdom
537352,22386,JUMBO BAG PINK POLKADOT,3,2011-04-06 14:37:00,2.08,12512,United Kingdom
537353,85123A,WHITE HANGING HEART T-LIGHT HOLDER,4,2011-08-05 16:08:00,2.95,12742,United Kingdom
537353,71053,WHITE METAL LANTERN,8,2011-08-05 16:08:00,3.75,12742,United Kingdom
537353,21730,GLASS STAR FROSTED T-LIGHT HOLDER,1,2011-08-05 16:08:00,4.25,12742,United Kingdom
537353,22961,JAM MAKING SET PRINTED,6,2011-08-05 16:08:00,1.45,12742,United Kingdom
537353,20727,LUNCH BAG BLACK SKULL,6,2011-08-05 16:08:00,1.65,12742,United Kingdom
537354,20727,LUNCH BAG BLACK SKULL,6,2011-05-12 14:55:00,1.65,12691,Germany
537354,22382,LUNCH BAG SPACEBOY DESIGN,12,2011-05-12 14:55:00,1.65,12691,Germany
537354,20725,LUNCH BAG RED RETROSPOT,4,2011-05-12 14:55:00,1.65,12691,Germany
537355,22382,LUNCH BAG SPACEBOY DESIGN,4,2011-10-22 08:49:00,1.65,12519,Germany
537355,22086,PAPER CHAIN KIT 50'S CHRISTMAS,2,2011-10-22 08:49:00,2.55,12519,Germany
537355,47566,PARTY BUNTING,6,2011-10-22 08:49:00,4.95,12519,Germany
537356,22720,SET OF 3 CAKE TINS PANTRY DESIGN,6,2011-10-06 16:31:00,4.95,12412,United Kingdom
537357,22633,HAND WARMER UNION JACK,8,2011-09-10 10:11:00,1.85,12526,United Kingdom
537357,22632,HAND WARMER RED POLKA DOT,4,2011-09-10 10:11:00,1.85,12526,United Kingdom
537357,22382,LUNCH BAG SPACEBOY DESIGN,6,2011-09-10 10:11:00,1.65,12526,United Kingdom
537357,85099B,JUMBO BAG RED RETROSPOT,3,2011-09-10 10:11:00,2.08,12526,United Kingdom
537357,85099C,JUMBO BAG BAROQUE BLACK WHITE,6,2011-09-10 10:11:00,2.08,12526,United Kingdom
537357,22386,JUMBO BAG PINK POLKADOT,6,2011-09-10 10:11:00,2.08,12526,United Kingdom
537357,21034,REX CASH+CARRY JUMBO SHOPPER,8,2011-09-10 10:11:00,0.95,12526,United Kingdom
537358,20727,LUNCH BAG BLACK SKULL,12,2011-09-10 11:30:00,1.65,12456,United Kingdom
537358,22457,NATURAL SLATE HEART CHALKBOARD,1,2011-09-10 11:30:00,2.95,12456,United Kingdom
537358,22752,SET 7 BABUSHKA NESTING BOXES,3,2011-09-10 11:30:00,7.65,12456,United Kingdom
537358,84879,ASSORTED COLOUR BIRD ORNAMENT,6,2011-09-10 11:30:00,1.69,12456,United Kingdom
537359,21730,GLASS STAR FROSTED T-LIGHT HOLDER,6,2010-12-13 12:10:00,4.25,12500,United Kingdom
537359,22633,HAND WARMER UNION JACK,2,2010-12-13 12:10:00,1.85,12500,United Kingdom
537359,22632,HAND WARMER RED POLKA DOT,2,2010-12-13 12:10:00,1.85,12500,United Kingdom
537359,84029G,KNITTED UNION FLAG HOT WATER BOTTLE,2,2010-12-13 12:10:00,3.75,12500,United Kingdom
537359,84879,ASSORTED COLOUR BIRD ORNAMENT,8,2010-12-13 12:10:00,1.69,12500,United Kingdom
537359,85099B,JUMBO BAG RED RETROSPOT,1,2010-12-13 12:10:00,2.08,12500,United Kingdom
537360,22632,HAND WARMER RED POLKA DOT,6,2011-09-04 18:28:00,1.85,12353,United Kingdom
537360,22086,PAPER CHAIN KIT 50'S CHRISTMAS,6,2011-09-04 18:28:00,2.55,12353,United Kingdom
537360,47566,PARTY BUNTING,8,2011-09-04 18:28:00,4.95,12353,United Kingdom
537360,22197,POPCORN HOLDER,1,2011-09-04 18:28:00,0.85,12353,United Kingdom
537360,21034,REX CASH+CARRY JUMBO SHOPPER,6,2011-09-04 18:28:00,0.95,12353,United Kingdom
537361,22960,JAM MAKING SET WITH JARS,2,2011-07-23 11:36:00,4.25,12486,United Kingdom
537361,84879,ASSORTED COLOUR BIRD ORNAMENT,4,2011-07-23 11:36:00,1.69,12486,United Kingdom
537361,22423,REGENCY CAKESTAND 3 TIER,8,2011-07-23 11:36:00,12.75,12486,United Kingdom
537361,20725,LUNCH BAG RED RETROSPOT,6,2011-07-23 11:36:00,1.65,12486,United Kingdom
537362,22720,SET OF 3 CAKE TINS PANTRY DESIGN,2,2011-04-25 17:02:00,4.95,12593,United Kingdom
537362,22382,LUNCH BAG SPACEBOY DESIGN,12,2011-04-25 17:02:00,1.65,12593,United Kingdom
537362,21212,PACK OF 72 RETROSPOT CAKE CASES,4,2011-04-25 17:02:00,0.55,12593,United Kingdom
537362,22423,REGENCY CAKESTAND 3 TIER,1,2011-04-25 17:02:00,12.75,12593,United Kingdom
537363,21730,GLASS STAR FROSTED T-LIGHT HOLDER,2,2011-03-29 15:53:00,4.25,12549,France
537363,20725,LUNCH BAG RED RETROSPOT,2,2011-03-29 15:53:00,1.65,12549,France
537363,20727,LUNCH BAG BLACK SKULL,3,2011-03-29 15:53:00,1.65,12549,France
537363,22382,LUNCH BAG SPACEBOY DESIGN,4,2011-03-29 15:53:00,1.65,12549,France
537363,22457,NATURAL SLATE HEART CHALKBOARD,12,2011-03-29 15:53:00,2.95,12549,France
537364,22423,REGENCY CAKESTAND 3 TIER,4,2011-04-07 09:39:00,12.75,12649,United Kingdom
537364,23166,MEDIUM CERAMIC TOP STORAGE JAR,1,2011-04-07 09:39:00,1.04,12649,United Kingdom
537364,23084,RABBIT NIGHT LIGHT,12,2011-04-07 09:39:00,2.08,12649,United Kingdom
537364,22720,SET OF 3 CAKE TINS PANTRY DESIGN,6,2011-04-07 09:39:00,4.95,12649,United Kingdom
537364,21034,REX CASH+CARRY JUMBO SHOPPER,8,2011-04-07 09:39:00,0.95,12649,United Kingdom
537365,85123A,WHITE HANGING HEART T-LIGHT HOLDER,4,2011-05-22 10:32:00,2.95,12505,United Kingdom
537365,22961,JAM MAKING SET PRINTED,12,2011-05-22 10:32:00,1.45,12505,United Kingdom
537365,22086,PAPER CHAIN KIT 50'S CHRISTMAS,12,2011-05-22 10:32:00,2.55,12505,United Kingdom
537365,47566,PARTY BUNTING,6,2011-05-22 10:32:00,4.95,12505,United Kingdom
537365,22139,RETROSPOT TEA SET CERAMIC 11 PC,4,2011-05-22 10:32:00,4.95,12505,United Kingdom
537366,21977,PACK OF 60 PINK PAISLEY CAKE CASES,2,2011-07-25 16:02:00,0.55,12510,Spain
537367,20727,LUNCH BAG BLACK SKULL,2,2011-11-24 09:54:00,1.65,12563,United Kingdom
537368,22633,HAND WARMER UNION JACK,12,2011-03-12 16:25:00,1.85,12431,United Kingdom
537368,85099B,JUMBO BAG RED RETROSPOT,3,2011-03-12 16:25:00,2.08,12431,United Kingdom
537368,22457,NATURAL SLATE HEART CHALKBOARD,8,2011-03-12 16:25:00,2.95,12431,United Kingdom
537368,22139,RETROSPOT TEA SET CERAMIC 11 PC,8,2011-03-12 16:25:00,4.95,12431,United Kingdom
537368,22138,BAKING SET 9 PIECE RETROSPOT,1,2011-03-12 16:25:00,4.95,12431,United Kingdom
537369,22086,PAPER CHAIN KIT 50'S CHRISTMAS,3,2011-01-30 14:48:00,2.55,12497,United Kingdom
537369,23166,MEDIUM CERAMIC TOP STORAGE JAR,3,2011-01-30 14:48:00,1.04,12497,United Kingdom
537369,85099B,JUMBO BAG RED RETROSPOT,6,2011-01-30 14:48:00,2.08,12497,United Kingdom
537369,47566,PARTY BUNTING,4,2011-01-30 14:48:00,4.95,12497,United Kingdom
537370,21977,PACK OF 60 PINK PAISLEY CAKE CASES,3,2011-06-09 17:08:00,0.55,12660,United Kingdom
537370,21212,PACK OF 72 RETROSPOT CAKE CASES,3,2011-06-09 17:08:00,0.55,12660,United Kingdom
537370,22423,REGENCY CAKESTAND 3 TIER,12,2011-06-09 17:08:00,12.75,12660,United Kingdom
537370,23084,RABBIT NIGHT LIGHT,1,2011-06-09 17:08:00,2.08,12660,United Kingdom
537371,85123A,WHITE HANGING HEART T-LIGHT HOLDER,4,2011-07-02 10:39:00,2.95,12508,France
537371,71053,WHITE METAL LANTERN,2,2011-07-02 10:39:00,3.75,12508,France
537371,21730,GLASS STAR FROSTED T-LIGHT HOLDER,12,2011-07-02 10:39:00,4.25,12508,France
537371,22632,HAND WARMER RED POLKA DOT,6,2011-07-02 10:39:00,1.85,12508,France
537371,22386,JUMBO BAG PINK POLKADOT,2,2011-07-02 10:39:00,2.08,12508,France
537372,85123A,WHITE HANGING HEART T-LIGHT HOLDER,1,2011-10-16 16:08:00,2.95,12377,United Kingdom
537372,84406B,CREAM CUPID HEARTS COAT HANGER,4,2011-10-16 16:08:00,4.15,12377,United Kingdom
537372,21212,PACK OF 72 RETROSPOT CAKE CASES,6,2011-10-16 16:08:00,0.55,12377,United Kingdom
537373,22382,LUNCH BAG SPACEBOY DESIGN,4,2011-07-07 18:16:00,1.65,12491,United Kingdom
537373,22139,RETROSPOT TEA SET CERAMIC 11 PC,2,2011-07-07 18:16:00,4.95,12491,United Kingdom
537373,22138,BAKING SET 9 PIECE RETROSPOT,3,2011-07-07 18:16:00,4.95,12491,United Kingdom
537374,22961,JAM MAKING SET PRINTED,6,2011-03-21 12:41:00,1.45,12398,United Kingdom
537374,22960,JAM MAKING SET WITH JARS,6,2011-03-21 12:41:00,4.25,12398,United Kingdom
537374,84879,ASSORTED COLOUR BIRD ORNAMENT,12,2011-03-21 12:41:00,1.69,12398,United Kingdom
537374,23166,MEDIUM CERAMIC TOP STORAGE JAR,4,2011-03-21 12:41:00,1.04,12398,United Kingdom
537374,85099B,JUMBO BAG RED RETROSPOT,3,2011-03-21 12:41:00,2.08,12398,United Kingdom
537374,22720,SET OF 3 CAKE TINS PANTRY DESIGN,1,2011-03-21 12:41:00,4.95,12398,United Kingdom
537375,22720,SET OF 3 CAKE TINS PANTRY DESIGN,6,2011-03-21 10:29:00,4.95,12464,United Kingdom
537375,22423,REGENCY CAKESTAND 3 TIER,2,2011-03-21 10:29:00,12.75,12464,United Kingdom
537376,22720,SET OF 3 CAKE TINS PANTRY DESIGN,2,2011-02-09 17:21:00,4.95,12372,Germany
537376,22960,JAM MAKING SET WITH JARS,4,2011-02-09 17:21:00,4.25,12372,Germany
537376,22423,REGENCY CAKESTAND 3 TIER,8,2011-02-09 17:21:00,12.75,12372,Germany
537376,20727,LUNCH BAG BLACK SKULL,8,2011-02-09 17:21:00,1.65,12372,Germany
537377,20727,LUNCH BAG BLACK SKULL,4,2011-06-16 15:52:00,1.65,12742,United Kingdom
537377,84406B,CREAM CUPID HEARTS COAT HANGER,3,2011-06-16 15:52:00,4.15,12742,United Kingdom
537378,22720,SET OF 3 CAKE TINS PANTRY DESIGN,8,2011-04-22 11:23:00,4.95,12670,United Kingdom
537378,85099C,JUMBO BAG BAROQUE BLACK WHITE,6,2011-04-22 11:23:00,2.08,12670,United Kingdom
537378,22752,SET 7 BABUSHKA NESTING BOXES,3,2011-04-22 11:23:00,7.65,12670,United Kingdom
537378,22423,REGENCY CAKESTAND 3 TIER,1,2011-04-22 11:23:00,12.75,12670,United Kingdom
537379,85123A,WHITE HANGING HEART T-LIGHT HOLDER,6,2011-07-27 14:16:00,2.95,12533,United Kingdom
537379,84406B,CREAM CUPID HEARTS COAT HANGER,3,2011-07-27 14:16:00,4.15,12533,United Kingdom
537379,84879,ASSORTED COLOUR BIRD ORNAMENT,1,2011-07-27 14:16:00,1.69,12533,United Kingdom
537380,22752,SET 7 BABUSHKA NESTING BOXES,6,2011-07-15 14:03:00,7.65,12446,United Kingdom
537380,20725,LUNCH BAG RED RETROSPOT,6,2011-07-15 14:03:00,1.65,12446,United Kingdom
537380,20727,LUNCH BAG BLACK SKULL,1,2011-07-15 14:03:00,1.65,12446,United Kingdom
537380,22382,LUNCH BAG SPACEBOY DESIGN,6,2011-07-15 14:03:00,1.65,12446,United Kingdom
537380,21977,PACK OF 60 PINK PAISLEY CAKE CASES,1,2011-07-15 14:03:00,0.55,12446,United Kingdom
537381,22961,JAM MAKING SET PRINTED,1,2011-04-20 15:55:00,1.45,12677,United Kingdom
537381,85099B,JUMBO BAG RED RETROSPOT,1,2011-04-20 15:55:00,2.08,12677,United Kingdom
537382,71053,WHITE METAL LANTERN,1,2011-07-30 18:10:00,3.75,12713,Germany
537382,22752,SET 7 BABUSHKA NESTING BOXES,3,2011-07-30 18:10:00,7.65,12713,Germany
537382,21212,PACK OF 72 RETROSPOT CAKE CASES,3,2011-07-30 18:10:00,0.55,12713,Germany
537382,22423,REGENCY CAKESTAND 3 TIER,3,2011-07-30 18:10:00,12.75,12713,Germany
537382,22720,SET OF 3 CAKE TINS PANTRY DESIGN,2,2011-07-30 18:10:00,4.95,12713,Germany
537382,22457,NATURAL SLATE HEART CHALKBOARD,8,2011-07-30 18:10:00,2.95,12713,Germany
537383,85123A,WHITE HANGING HEART T-LIGHT HOLDER,1,2010-12-29 16:10:00,2.95,12407,United Kingdom
537383,84406B,CREAM CUPID HEARTS COAT HANGER,6,2010-12-29 16:10:00,4.15,12407,United Kingdom
537383,22139,RETROSPOT TEA SET CERAMIC 11 PC,6,2010-12-29 16:10:00,4.95,12407,United Kingdom
537383,22632,HAND WARMER RED POLKA DOT,3,2010-12-29 16:10:00,1.85,12407,United Kingdom
537384,85123A,WHITE HANGING HEART T-LIGHT HOLDER,4,2011-06-06 16:30:00,2.95,12646,United Kingdom
537384,71053,WHITE METAL LANTERN,3,2011-06-06 16:30:00,3.75,12646,United Kingdom
537384,21730,GLASS STAR FROSTED T-LIGHT HOLDER,6,2011-06-06 16:30:00,4.25,12646,United Kingdom
537385,85123A,WHITE HANGING HEART T-LIGHT HOLDER,1,2011-02-27 15:32:00,2.95,12388,United Kingdom
537385,84406B,CREAM CUPID HEARTS COAT HANGER,6,2011-02-27 15:32:00,4.15,12388,United Kingdom
537385,22633,HAND WARMER UNION JACK,6,2011-02-27 15:32:00,1.85,12388,United Kingdom
537385,85099B,JUMBO BAG RED RETROSPOT,6,2011-02-27 15:32:00,2.08,12388,United Kingdom
537385,23084,RABBIT NIGHT LIGHT,2,2011-02-27 15:32:00,2.08,12388,United Kingdom
537386,22720,SET OF 3 CAKE TINS PANTRY DESIGN,2,2011-07-27 18:23:00,4.95,12520,United Kingdom
537386,22423,REGENCY CAKESTAND 3 TIER,2,2011-07-27 18:23:00,12.75,12520,United Kingdom
537387,85123A,WHITE HANGING HEART T-LIGHT HOLDER,1,2011-01-14 10:50:00,2.95,12439,Netherlands
537387,71053,WHITE METAL LANTERN,4,2011-01-14 10:50:00,3.75,12439,Netherlands
537387,21730,GLASS STAR FROSTED T-LIGHT HOLDER,6,2011-01-14 10:50:00,4.25,12439,Netherlands
537387,22457,NATURAL SLATE HEART CHALKBOARD,12,2011-01-14 10:50:00,2.95,12439,Netherlands
537388,22960,JAM MAKING SET WITH JARS,1,2011-04-06 13:23:00,4.25,12387,United Kingdom
537389,22632,HAND WARMER RED POLKA DOT,6,2011-11-27 12:41:00,1.85,12540,United Kingdom
537389,84029G,KNITTED UNION FLAG HOT WATER BOTTLE,4,2011-11-27 12:41:00,3.75,12540,United Kingdom
537389,85099B,JUMBO BAG RED RETROSPOT,3,2011-11-27 12:41:00,2.08,12540,United Kingdom
537389,85099C,JUMBO BAG BAROQUE BLACK WHITE,6,2011-11-27 12:41:00,2.08,12540,United Kingdom
537389,22386,JUMBO BAG PINK POLKADOT,6,2011-11-27 12:41:00,2.08,12540,United Kingdom
537389,21034,REX CASH+CARRY JUMBO SHOPPER,12,2011-11-27 12:41:00,0.95,12540,United Kingdom
537390,85123A,WHITE HANGING HEART T-LIGHT HOLDER,3,2011-01-17 15:52:00,2.95,12481,Netherlands
537390,84406B,CREAM CUPID HEARTS COAT HANGER,1,2011-01-17 15:52:00,4.15,12481,Netherlands
537390,85099B,JUMBO BAG RED RETROSPOT,8,2011-01-17 15:52:00,2.08,12481,Netherlands
537390,85099C,JUMBO BAG BAROQUE BLACK WHITE,3,2011-01-17 15:52:00,2.08,12481,Netherlands
537390,21034,REX CASH+CARRY JUMBO SHOPPER,4,2011-01-17 15:52:00,0.95,12481,Netherlands
537391,85123A,WHITE HANGING HEART T-LIGHT HOLDER,2,2011-07-11 14:11:00,2.95,12705,United Kingdom
537391,84406B,CREAM CUPID HEARTS COAT HANGER,4,2011-07-11 14:11:00,4.15,12705,United Kingdom
537391,22961,JAM MAKING SET PRINTED,6,2011-07-11 14:11:00,1.45,12705,United Kingdom
537391,23084,RABBIT NIGHT LIGHT,4,2011-07-11 14:11:00,2.08,12705,United Kingdom
537391,22457,NATURAL SLATE HEART CHALKBOARD,12,2011-07-11 14:11:00,2.95,12705,United Kingdom
537391,21034,REX CASH+CARRY JUMBO SHOPPER,6,2011-07-11 14:11:00,0.95,12705,United Kingdom
537392,22086,PAPER CHAIN KIT 50'S CHRISTMAS,1,2011-01-29 17:12:00,2.55,12362,United Kingdom
537392,21212,PACK OF 72 RETROSPOT CAKE CASES,6,2011-01-29 17:12:00,0.55,12362,United Kingdom
537392,84879,ASSORTED COLOUR BIRD ORNAMENT,2,2011-01-29 17:12:00,1.69,12362,United Kingdom
537392,22423,REGENCY CAKESTAND 3 TIER,6,2011-01-29 17:12:00,12.75,12362,United Kingdom
537392,23166,MEDIUM CERAMIC TOP STORAGE JAR,1,2011-01-29 17:12:00,1.04,12362,United Kingdom
537392,22720,SET OF 3 CAKE TINS PANTRY DESIGN,3,2011-01-29 17:12:00,4.95,12362,United Kingdom
537393,22633,HAND WARMER UNION JACK,3,2011-08-01 13:51:00,1.85,12561,United Kingdom
537393,47566,PARTY BUNTING,1,2011-08-01 13:51:00,4.95,12561,United Kingdom
537393,85099B,JUMBO BAG RED RETROSPOT,12,2011-08-01 13:51:00,2.08,12561,United Kingdom
537393,85099C,JUMBO BAG BAROQUE BLACK WHITE,12,2011-08-01 13:51:00,2.08,12561,United Kingdom
537393,22386,JUMBO BAG PINK POLKADOT,8,2011-08-01 13:51:00,2.08,12561,United Kingdom
537394,22086,PAPER CHAIN KIT 50'S CHRISTMAS,6,2011-06-23 16:23:00,2.55,12720,United Kingdom
537394,84879,ASSORTED COLOUR BIRD ORNAMENT,1,2011-06-23 16:23:00,1.69,12720,United Kingdom
537394,20725,LUNCH BAG RED RETROSPOT,4,2011-06-23 16:23:00,1.65,12720,United Kingdom
537394,85099B,JUMBO BAG RED RETROSPOT,2,2011-06-23 16:23:00,2.08,12720,United Kingdom
537394,85099C,JUMBO BAG BAROQUE BLACK WHITE,8,2011-06-23 16:23:00,2.08,12720,United Kingdom
537394,22386,JUMBO BAG PINK POLKADOT,8,2011-06-23 16:23:00,2.08,12720,United Kingdom
537395,85123A,WHITE HANGING HEART T-LIGHT HOLDER,6,2011-04-17 17:55:00,2.95,12742,Netherlands
537395,84406B,CREAM CUPID HEARTS COAT HANGER,4,2011-04-17 17:55:00,4.15,12742,Netherlands
537395,21977,PACK OF 60 PINK PAISLEY CAKE CASES,3,2011-04-17 17:55:00,0.55,12742,Netherlands
537396,22720,SET OF 3 CAKE TINS PANTRY DESIGN,3,2011-11-05 14:20:00,4.95,12412,United Kingdom
537396,22457,NATURAL SLATE HEART CHALKBOARD,6,2011-11-05 14:20:00,2.95,12412,United Kingdom
537397,22960,JAM MAKING SET WITH JARS,6,2011-06-21 10:59:00,4.25,12580,United Kingdom
537397,21977,PACK OF 60 PINK PAISLEY CAKE CASES,2,2011-06-21 10:59:00,0.55,12580,United Kingdom
537397,21212,PACK OF 72 RETROSPOT CAKE CASES,3,2011-06-21 10:59:00,0.55,12580,United Kingdom
537397,22423,REGENCY CAKESTAND 3 TIER,4,2011-06-21 10:59:00,12.75,12580,United Kingdom
537398,85123A,WHITE HANGING HEART T-LIGHT HOLDER,3,2011-07-12 10:16:00,2.95,12450,United Kingdom
537398,84406B,CREAM CUPID HEARTS COAT HANGER,6,2011-07-12 10:16:00,4.15,12450,United Kingdom
537398,20725,LUNCH BAG RED RETROSPOT,2,2011-07-12 10:16:00,1.65,12450,United Kingdom
537399,21034,REX CASH+CARRY JUMBO SHOPPER,4,2011-09-08 15:14:00,0.95,12587,United Kingdom
537399,47566,PARTY BUNTING,2,2011-09-08 15:14:00,4.95,12587,United Kingdom
537399,22386,JUMBO BAG PINK POLKADOT,8,2011-09-08 15:14:00,2.08,12587,United Kingdom
537400,22382,LUNCH BAG SPACEBOY DESIGN,2,2011-05-12 10:55:00,1.65,12411,United Kingdom
537400,22197,POPCORN HOLDER,6,2011-05-12 10:55:00,0.85,12411,United Kingdom
537400,84879,ASSORTED COLOUR BIRD ORNAMENT,12,2011-05-12 10:55:00,1.69,12411,United Kingdom
537401,22086,PAPER CHAIN KIT 50'S CHRISTMAS,1,2011-09-27 08:44:00,2.55,12688,United Kingdom
537401,21212,PACK OF 72 RETROSPOT CAKE CASES,8,2011-09-27 08:44:00,0.55,12688,United Kingdom
537402,84406B,CREAM CUPID HEARTS COAT HANGER,6,2011-10-27 11:38:00,4.15,12385,France
537402,21977,PACK OF 60 PINK PAISLEY CAKE CASES,8,2011-10-27 11:38:00,0.55,12385,France
537402,21212,PACK OF 72 RETROSPOT CAKE CASES,3,2011-10-27 11:38:00,0.55,12385,France
537402,22423,REGENCY CAKESTAND 3 TIER,8,2011-10-27 11:38:00,12.75,12385,France
537403,22139,RETROSPOT TEA SET CERAMIC 11 PC,8,2011-04-25 12:54:00,4.95,12423,France
537403,22138,BAKING SET 9 PIECE RETROSPOT,2,2011-04-25 12:54:00,4.95,12423,France
537403,22633,HAND WARMER UNION JACK,12,2011-04-25 12:54:00,1.85,12423,France
537404,22633,HAND WARMER UNION JACK,6,2011-05-27 10:11:00,1.85,12388,United Kingdom
537405,71053,WHITE METAL LANTERN,8,2011-09-21 16:54:00,3.75,12411,Germany
537405,22960,JAM MAKING SET WITH JARS,6,2011-09-21 16:54:00,4.25,12411,Germany
537405,22720,SET OF 3 CAKE TINS PANTRY DESIGN,2,2011-09-21 16:54:00,4.95,12411,Germany
537405,22139,RETROSPOT TEA SET CERAMIC 11 PC,12,2011-09-21 16:54:00,4.95,12411,Germany
537405,22138,BAKING SET 9 PIECE RETROSPOT,6,2011-09-21 16:54:00,4.95,12411,Germany
537406,22457,NATURAL SLATE HEART CHALKBOARD,3,2011-07-31 14:24:00,2.95,12745,Spain
537407,22632,HAND WARMER RED POLKA DOT,12,2011-08-30 15:25:00,1.85,12563,United Kingdom
537407,22961,JAM MAKING SET PRINTED,8,2011-08-30 15:25:00,1.45,12563,United Kingdom
537407,20727,LUNCH BAG BLACK SKULL,1,2011-08-30 15:25:00,1.65,12563,United Kingdom
537407,85099B,JUMBO BAG RED RETROSPOT,12,2011-08-30 15:25:00,2.08,12563,United Kingdom
537407,85099C,JUMBO BAG BAROQUE BLACK WHITE,6,2011-08-30 15:25:00,2.08,12563,United Kingdom
537407,22386,JUMBO BAG PINK POLKADOT,1,2011-08-30 15:25:00,2.08,12563,United Kingdom
537407,21034,REX CASH+CARRY JUMBO SHOPPER,2,2011-08-30 15:25:00,0.95,12563,United Kingdom
537408,85099B,JUMBO BAG RED RETROSPOT,1,2011-07-24 13:33:00,2.08,12596,United Kingdom
537408,85099C,JUMBO BAG BAROQUE BLACK WHITE,6,2011-07-24 13:33:00,2.08,12596,United Kingdom
537408,22386,JUMBO BAG PINK POLKADOT,3,2011-07-24 13:33:00,2.08,12596,United Kingdom
537408,22720,SET OF 3 CAKE TINS PANTRY DESIGN,6,2011-07-24 13:33:00,4.95,12596,United Kingdom
537408,21034,REX CASH+CARRY JUMBO SHOPPER,6,2011-07-24 13:33:00,0.95,12596,United Kingdom
537409,22086,PAPER CHAIN KIT 50'S CHRISTMAS,6,2010-12-09 15:50:00,2.55,12559,United Kingdom
537409,47566,PARTY BUNTING,1,2010-12-09 15:50:00,4.95,12559,United Kingdom
537410,22961,JAM MAKING SET PRINTED,12,2011-06-21 11:41:00,1.45,12618,United Kingdom
537410,22960,JAM MAKING SET WITH JARS,8,2011-06-21 11:41:00,4.25,12618,United Kingdom
537410,85099B,JUMBO BAG RED RETROSPOT,6,2011-06-21 11:41:00,2.08,12618,United Kingdom
537411,85123A,WHITE HANGING HEART T-LIGHT HOLDER,6,2011-07-23 17:45:00,2.95,12522,EIRE
537411,71053,WHITE METAL LANTERN,6,2011-07-23 17:45:00,3.75,12522,EIRE
537411,21730,GLASS STAR FROSTED T-LIGHT HOLDER,1,2011-07-23 17:45:00,4.25,12522,EIRE
537412,22086,PAPER CHAIN KIT 50'S CHRISTMAS,6,2011-10-08 09:54:00,2.55,12421,EIRE
537413,21034,REX CASH+CARRY JUMBO SHOPPER,8,2011-06-24 08:41:00,0.95,12562,United Kingdom
537414,85123A,WHITE HANGING HEART T-LIGHT HOLDER,1,2011-03-09 17:46:00,2.95,12405,United Kingdom
537414,84406B,CREAM CUPID HEARTS COAT HANGER,6,2011-03-09 17:46:00,4.15,12405,United Kingdom
537414,22386,JUMBO BAG PINK POLKADOT,12,2011-03-09 17:46:00,2.08,12405,United Kingdom
537415,85123A,WHITE HANGING HEART T-LIGHT HOLDER,6,2011-07-12 13:17:00,2.95,12456,United Kingdom
537415,71053,WHITE METAL LANTERN,6,2011-07-12 13:17:00,3.75,12456,United Kingdom
537415,21730,GLASS STAR FROSTED T-LIGHT HOLDER,1,2011-07-12 13:17:00,4.25,12456,United Kingdom
537415,22633,HAND WARMER UNION JACK,8,2011-07-12 13:17:00,1.85,12456,United Kingdom
537415,84879,ASSORTED COLOUR BIRD ORNAMENT,4,2011-07-12 13:17:00,1.69,12456,United Kingdom
537415,85099C,JUMBO BAG BAROQUE BLACK WHITE,1,2011-07-12 13:17:00,2.08,12456,United Kingdom
537415,21977,PACK OF 60 PINK PAISLEY CAKE CASES,8,2011-07-12 13:17:00,0.55,12456,United Kingdom
537416,85099B,JUMBO BAG RED RETROSPOT,4,2011-02-05 12:47:00,2.08,12682,Germany
537416,85099C,JUMBO BAG BAROQUE BLACK WHITE,4,2011-02-05 12:47:00,2.08,12682,Germany
537416,22386,JUMBO BAG PINK POLKADOT,1,2011-02-05 12:47:00,2.08,12682,Germany
537417,21034,REX CASH+CARRY JUMBO SHOPPER,6,2011-05-16 11:34:00,0.95,12709,United Kingdom
537417,23166,MEDIUM CERAMIC TOP STORAGE JAR,8,2011-05-16 11:34:00,1.04,12709,United Kingdom
537417,22423,REGENCY CAKESTAND 3 TIER,12,2011-05-16 11:34:00,12.75,12709,United Kingdom
537417,47566,PARTY BUNTING,1,2011-05-16 11:34:00,4.95,12709,United Kingdom
537418,22720,SET OF 3 CAKE TINS PANTRY DESIGN,3,2011-05-24 13:52:00,4.95,12521,Germany
537418,22382,LUNCH BAG SPACEBOY DESIGN,8,2011-05-24 13:52:00,1.65,12521,Germany
537418,22423,REGENCY CAKESTAND 3 TIER,6,2011-05-24 13:52:00,12.75,12521,Germany
537419,85099B,JUMBO BAG RED RETROSPOT,4,2010-12-17 17:35:00,2.08,12552,France
537419,85099C,JUMBO BAG BAROQUE BLACK WHITE,6,2010-12-17 17:35:00,2.08,12552,France
537419,22386,JUMBO BAG PINK POLKADOT,6,2010-12-17 17:35:00,2.08,12552,France
537420,22633,HAND WARMER UNION JACK,8,2011-05-11 16:13:00,1.85,12495,Germany
537420,22086,PAPER CHAIN KIT 50'S CHRISTMAS,8,2011-05-11 16:13:00,2.55,12495,Germany
537420,21212,PACK OF 72 RETROSPOT CAKE CASES,1,2011-05-11 16:13:00,0.55,12495,Germany
537420,47566,PARTY BUNTING,6,2011-05-11 16:13:00,4.95,12495,Germany
537420,23166,MEDIUM CERAMIC TOP STORAGE JAR,12,2011-05-11 16:13:00,1.04,12495,Germany
537420,22197,POPCORN HOLDER,4,2011-05-11 16:13:00,0.85,12495,Germany
537421,22752,SET 7 BABUSHKA NESTING BOXES,6,2011-09-02 10:54:00,7.65,12538,United Kingdom
537421,21977,PACK OF 60 PINK PAISLEY CAKE CASES,3,2011-09-02 10:54:00,0.55,12538,United Kingdom
537421,21212,PACK OF 72 RETROSPOT CAKE CASES,3,2011-09-02 10:54:00,0.55,12538,United Kingdom
537421,22423,REGENCY CAKESTAND 3 TIER,8,2011-09-02 10:54:00,12.75,12538,United Kingdom
537422,22720,SET OF 3 CAKE TINS PANTRY DESIGN,6,2011-06-28 14:18:00,4.95,12627,United Kingdom
537422,22086,PAPER CHAIN KIT 50'S CHRISTMAS,2,2011-06-28 14:18:00,2.55,12627,United Kingdom
537422,47566,PARTY BUNTING,6,2011-06-28 14:18:00,4.95,12627,United Kingdom
537423,22720,SET OF 3 CAKE TINS PANTRY DESIGN,12,2011-09-01 16:55:00,4.95,12603,United Kingdom
537423,22960,JAM MAKING SET WITH JARS,3,2011-09-01 16:55:00,4.25,12603,United Kingdom
537423,47566,PARTY BUNTING,3,2011-09-01 16:55:00,4.95,12603,United Kingdom
537424,85099C,JUMBO BAG BAROQUE BLACK WHITE,2,2011-04-27 09:04:00,2.08,12550,United Kingdom
537425,85123A,WHITE HANGING HEART T-LIGHT HOLDER,2,2011-09-24 14:56:00,2.95,12542,United Kingdom
537425,71053,WHITE METAL LANTERN,8,2011-09-24 14:56:00,3.75,12542,United Kingdom
537425,21730,GLASS STAR FROSTED T-LIGHT HOLDER,1,2011-09-24 14:56:00,4.25,12542,United Kingdom
537425,84029G,KNITTED UNION FLAG HOT WATER BOTTLE,6,2011-09-24 14:56:00,3.75,12542,United Kingdom
537425,22197,POPCORN HOLDER,4,2011-09-24 14:56:00,0.85,12542,United Kingdom
537426,23084,RABBIT NIGHT LIGHT,8,2011-09-18 16:13:00,2.08,12431,United Kingdom
537427,21977,PACK OF 60 PINK PAISLEY CAKE CASES,4,2011-08-19 12:24:00,0.55,12628,United Kingdom
537427,21212,PACK OF 72 RETROSPOT CAKE CASES,6,2011-08-19 12:24:00,0.55,12628,United Kingdom
537427,22423,REGENCY CAKESTAND 3 TIER,3,2011-08-19 12:24:00,12.75,12628,United Kingdom
537427,20725,LUNCH BAG RED RETROSPOT,6,2011-08-19 12:24:00,1.65,12628,United Kingdom
537428,22633,HAND WARMER UNION JACK,12,2010-12-16 12:06:00,1.85,12379,Germany
537428,84029G,KNITTED UNION FLAG HOT WATER BOTTLE,2,2010-12-16 12:06:00,3.75,12379,Germany
537428,22086,PAPER CHAIN KIT 50'S CHRISTMAS,6,2010-12-16 12:06:00,2.55,12379,Germany
537428,47566,PARTY BUNTING,3,2010-12-16 12:06:00,4.95,12379,Germany
537428,22457,NATURAL SLATE HEART CHALKBOARD,4,2010-12-16 12:06:00,2.95,12379,Germany
537429,84406B,CREAM CUPID HEARTS COAT HANGER,8,2011-01-05 09:17:00,4.15,12582,United Kingdom
537429,84879,ASSORTED COLOUR BIRD ORNAMENT,6,2011-01-05 09:17:00,1.69,12582,United Kingdom
537429,20725,LUNCH BAG RED RETROSPOT,2,2011-01-05 09:17:00,1.65,12582,United Kingdom
537429,22139,RETROSPOT TEA SET CERAMIC 11 PC,1,2011-01-05 09:17:00,4.95,12582,United Kingdom
537429,22138,BAKING SET 9 PIECE RETROSPOT,12,2011-01-05 09:17:00,4.95,12582,United Kingdom
537430,21212,PACK OF 72 RETROSPOT CAKE CASES,8,2010-12-31 13:21:00,0.55,12592,United Kingdom
537431,22752,SET 7 BABUSHKA NESTING BOXES,3,2011-08-19 15:57:00,7.65,12712,United Kingdom
537431,20725,LUNCH BAG RED RETROSPOT,6,2011-08-19 15:57:00,1.65,12712,United Kingdom
537431,20727,LUNCH BAG BLACK SKULL,8,2011-08-19 15:57:00,1.65,12712,United Kingdom
537431,22382,LUNCH BAG SPACEBOY DESIGN,6,2011-08-19 15:57:00,1.65,12712,United Kingdom
537431,23084,RABBIT NIGHT LIGHT,3,2011-08-19 15:57:00,2.08,12712,United Kingdom
537431,22720,SET OF 3 CAKE TINS PANTRY DESIGN,4,2011-08-19 15:57:00,4.95,12712,United Kingdom
537431,22457,NATURAL SLATE HEART CHALKBOARD,12,2011-08-19 15:57:00,2.95,12712,United Kingdom
537432,22720,SET OF 3 CAKE TINS PANTRY DESIGN,6,2011-04-15 09:51:00,4.95,12453,United Kingdom
537432,22423,REGENCY CAKESTAND 3 TIER,6,2011-04-15 09:51:00,12.75,12453,United Kingdom
537433,71053,WHITE METAL LANTERN,3,2011-11-18 15:51:00,3.75,12497,Germany
537433,22086,PAPER CHAIN KIT 50'S CHRISTMAS,3,2011-11-18 15:51:00,2.55,12497,Germany
537433,22197,POPCORN HOLDER,6,2011-11-18 15:51:00,0.85,12497,Germany
537433,47566,PARTY BUNTING,1,2011-11-18 15:51:00,4.95,12497,Germany
537434,22961,JAM MAKING SET PRINTED,12,2011-06-08 17:53:00,1.45,12459,United Kingdom
537434,22960,JAM MAKING SET WITH JARS,6,2011-06-08 17:53:00,4.25,12459,United Kingdom
537434,20725,LUNCH BAG RED RETROSPOT,3,2011-06-08 17:53:00,1.65,12459,United Kingdom
537434,85099B,JUMBO BAG RED RETROSPOT,3,2011-06-08 17:53:00,2.08,12459,United Kingdom
537434,22386,JUMBO BAG PINK POLKADOT,3,2011-06-08 17:53:00,2.08,12459,United Kingdom
537435,85123A,WHITE HANGING HEART T-LIGHT HOLDER,6,2011-04-29 14:46:00,2.95,12657,United Kingdom
537435,21730,GLASS STAR FROSTED T-LIGHT HOLDER,6,2011-04-29 14:46:00,4.25,12657,United Kingdom
537435,22960,JAM MAKING SET WITH JARS,8,2011-04-29 14:46:00,4.25,12657,United Kingdom
537435,21212,PACK OF 72 RETROSPOT CAKE CASES,12,2011-04-29 14:46:00,0.55,12657,United Kingdom
537435,22423,REGENCY CAKESTAND 3 TIER,3,2011-04-29 14:46:00,12.75,12657,United Kingdom
537435,23166,MEDIUM CERAMIC TOP STORAGE JAR,6,2011-04-29 14:46:00,1.04,12657,United Kingdom
537435,21977,PACK OF 60 PINK PAISLEY CAKE CASES,3,2011-04-29 14:46:00,0.55,12657,United Kingdom
537436,22720,SET OF 3 CAKE TINS PANTRY DESIGN,12,2011-08-14 14:03:00,4.95,12646,United Kingdom
537436,22139,RETROSPOT TEA SET CERAMIC 11 PC,3,2011-08-14 14:03:00,4.95,12646,United Kingdom
537436,22423,REGENCY CAKESTAND 3 TIER,12,2011-08-14 14:03:00,12.75,12646,United Kingdom
537437,22961,JAM MAKING SET PRINTED,2,2010-12-08 09:51:00,1.45,12540,United Kingdom
537437,21977,PACK OF 60 PINK PAISLEY CAKE CASES,4,2010-12-08 09:51:00,0.55,12540,United Kingdom
537437,21212,PACK OF 72 RETROSPOT CAKE CASES,6,2010-12-08 09:51:00,0.55,12540,United Kingdom
537437,22423,REGENCY CAKESTAND 3 TIER,12,2010-12-08 09:51:00,12.75,12540,United Kingdom
537438,21212,PACK OF 72 RETROSPOT CAKE CASES,1,2011-09-18 09:23:00,0.55,12581,EIRE
537439,85123A,WHITE HANGING HEART T-LIGHT HOLDER,2,2011-10-17 09:51:00,2.95,12550,EIRE
537439,84406B,CREAM CUPID HEARTS COAT HANGER,1,2011-10-17 09:51:00,4.15,12550,EIRE
537439,22382,LUNCH BAG SPACEBOY DESIGN,12,2011-10-17 09:51:00,1.65,12550,EIRE
537439,23084,RABBIT NIGHT LIGHT,4,2011-10-17 09:51:00,2.08,12550,EIRE
537439,22139,RETROSPOT TEA SET CERAMIC 11 PC,4,2011-10-17 09:51:00,4.95,12550,EIRE
537440,22961,JAM MAKING SET PRINTED,2,2011-03-04 11:44:00,1.45,12477,Germany
537440,22382,LUNCH BAG SPACEBOY DESIGN,4,2011-03-04 11:44:00,1.65,12477,Germany
537440,22086,PAPER CHAIN KIT 50'S CHRISTMAS,2,2011-03-04 11:44:00,2.55,12477,Germany
537440,47566,PARTY BUNTING,3,2011-03-04 11:44:00,4.95,12477,Germany
537441,22382,LUNCH BAG SPACEBOY DESIGN,1,2011-05-05 08:43:00,1.65,12613,United Kingdom
537441,22086,PAPER CHAIN KIT 50'S CHRISTMAS,6,2011-05-05 08:43:00,2.55,12613,United Kingdom
537441,22752,SET 7 BABUSHKA NESTING BOXES,2,2011-05-05 08:43:00,7.65,12613,United Kingdom
537441,47566,PARTY BUNTING,4,2011-05-05 08:43:00,4.95,12613,United Kingdom
537442,85123A,WHITE HANGING HEART T-LIGHT HOLDER,1,2011-01-29 15:35:00,2.95,12590,France
537442,84406B,CREAM CUPID HEARTS COAT HANGER,8,2011-01-29 15:35:00,4.15,12590,France
537442,22632,HAND WARMER RED POLKA DOT,2,2011-01-29 15:35:00,1.85,12590,France
537442,22960,JAM MAKING SET WITH JARS,12,2011-01-29 15:35:00,4.25,12590,France
537442,20725,LUNCH BAG RED RETROSPOT,4,2011-01-29 15:35:00,1.65,12590,France
537442,22197,POPCORN HOLDER,12,2011-01-29 15:35:00,0.85,12590,France
537443,22961,JAM MAKING SET PRINTED,6,2011-04-08 15:08:00,1.45,12346,United Kingdom
537443,22960,JAM MAKING SET WITH JARS,6,2011-04-08 15:08:00,4.25,12346,United Kingdom
537443,20727,LUNCH BAG BLACK SKULL,6,2011-04-08 15:08:00,1.65,12346,United Kingdom
537443,20725,LUNCH BAG RED RETROSPOT,4,2011-04-08 15:08:00,1.65,12346,United Kingdom
537444,20725,LUNCH BAG RED RETROSPOT,1,2011-04-20 17:02:00,1.65,12520,United Kingdom
537444,22633,HAND WARMER UNION JACK,6,2011-04-20 17:02:00,1.85,12520,United Kingdom
537444,22632,HAND WARMER RED POLKA DOT,12,2011-04-20 17:02:00,1.85,12520,United Kingdom
537444,84029G,KNITTED UNION FLAG HOT WATER BOTTLE,12,2011-04-20 17:02:00,3.75,12520,United Kingdom
537445,22633,HAND WARMER UNION JACK,3,2011-03-02 10:18:00,1.85,12429,United Kingdom
537445,22632,HAND WARMER RED POLKA DOT,4,2011-03-02 10:18:00,1.85,12429,United Kingdom
537445,84029G,KNITTED UNION FLAG HOT WATER BOTTLE,2,2011-03-02 10:18:00,3.75,12429,United Kingdom
537445,22086,PAPER CHAIN KIT 50'S CHRISTMAS,4,2011-03-02 10:18:00,2.55,12429,United Kingdom
537445,85099B,JUMBO BAG RED RETROSPOT,4,2011-03-02 10:18:00,2.08,12429,United Kingdom
537445,85099C,JUMBO BAG BAROQUE BLACK WHITE,6,2011-03-02 10:18:00,2.08,12429,United Kingdom
537446,21730,GLASS STAR FROSTED T-LIGHT HOLDER,6,2011-05-06 14:19:00,4.25,12602,EIRE
537446,22632,HAND WARMER RED POLKA DOT,3,2011-05-06 14:19:00,1.85,12602,EIRE
537446,20725,LUNCH BAG RED RETROSPOT,4,2011-05-06 14:19:00,1.65,12602,EIRE
537446,20727,LUNCH BAG BLACK SKULL,8,2011-05-06 14:19:00,1.65,12602,EIRE
537446,22382,LUNCH BAG SPACEBOY DESIGN,3,2011-05-06 14:19:00,1.65,12602,EIRE
537446,23166,MEDIUM CERAMIC TOP STORAGE JAR,3,2011-05-06 14:19:00,1.04,12602,EIRE
537446,85099C,JUMBO BAG BAROQUE BLACK WHITE,3,2011-05-06 14:19:00,2.08,12602,EIRE
537447,21977,PACK OF 60 PINK PAISLEY CAKE CASES,6,2011-08-22 16:11:00,0.55,12512,United Kingdom
537447,84029G,KNITTED UNION FLAG HOT WATER BOTTLE,12,2011-08-22 16:11:00,3.75,12512,United Kingdom
537448,22960,JAM MAKING SET WITH JARS,8,2011-06-08 10:49:00,4.25,12501,United Kingdom
537448,47566,PARTY BUNTING,8,2011-06-08 10:49:00,4.95,12501,United Kingdom
537449,22457,NATURAL SLATE HEART CHALKBOARD,3,2011-07-02 09:18:00,2.95,12736,United Kingdom
537449,22139,RETROSPOT TEA SET CERAMIC 11 PC,12,2011-07-02 09:18:00,4.95,12736,United Kingdom
537449,22138,BAKING SET 9 PIECE RETROSPOT,6,2011-07-02 09:18:00,4.95,12736,United Kingdom
537449,85099B,JUMBO BAG RED RETROSPOT,1,2011-07-02 09:18:00,2.08,12736,United Kingdom
537450,85099B,JUMBO BAG RED RETROSPOT,6,2011-03-14 12:12:00,2.08,12706,United Kingdom
537450,85099C,JUMBO BAG BAROQUE BLACK WHITE,8,2011-03-14 12:12:00,2.08,12706,United Kingdom
537450,22386,JUMBO BAG PINK POLKADOT,8,2011-03-14 12:12:00,2.08,12706,United Kingdom
537451,20727,LUNCH BAG BLACK SKULL,2,2011-09-12 17:17:00,1.65,12512,United Kingdom
537451,22961,JAM MAKING SET PRINTED,2,2011-09-12 17:17:00,1.45,12512,United Kingdom
537451,22139,RETROSPOT TEA SET CERAMIC 11 PC,4,2011-09-12 17:17:00,4.95,12512,United Kingdom
537451,47566,PARTY BUNTING,3,2011-09-12 17:17:00,4.95,12512,United Kingdom
537452,21977,PACK OF 60 PINK PAISLEY CAKE CASES,12,2011-08-03 18:00:00,0.55,12512,United Kingdom
537452,22386,JUMBO BAG PINK POLKADOT,4,2011-08-03 18:00:00,2.08,12512,United Kingdom
537453,21212,PACK OF 72 RETROSPOT CAKE CASES,12,2011-10-07 17:54:00,0.55,12489,United Kingdom
537453,22382,LUNCH BAG SPACEBOY DESIGN,6,2011-10-07 17:54:00,1.65,12489,United Kingdom
537453,85099B,JUMBO BAG RED RETROSPOT,2,2011-10-07 17:54:00,2.08,12489,United Kingdom
537453,85099C,JUMBO BAG BAROQUE BLACK WHITE,12,2011-10-07 17:54:00,2.08,12489,United Kingdom
537453,22386,JUMBO BAG PINK POLKADOT,3,2011-10-07 17:54:00,2.08,12489,United Kingdom
537454,23166,MEDIUM CERAMIC TOP STORAGE JAR,6,2011-01-07 14:19:00,1.04,12729,United Kingdom
537455,22961,JAM MAKING SET PRINTED,6,2011-03-13 16:35:00,1.45,12639,Germany
537455,22086,PAPER CHAIN KIT 50'S CHRISTMAS,1,2011-03-13 16:35:00,2.55,12639,Germany
537455,47566,PARTY BUNTING,3,2011-03-13 16:35:00,4.95,12639,Germany
537455,22382,LUNCH BAG SPACEBOY DESIGN,2,2011-03-13 16:35:00,1.65,12639,Germany
537455,85099C,JUMBO BAG BAROQUE BLACK WHITE,6,2011-03-13 16:35:00,2.08,12639,Germany
537455,22720,SET OF 3 CAKE TINS PANTRY DESIGN,6,2011-03-13 16:35:00,4.95,12639,Germany
537456,22720,SET OF 3 CAKE TINS PANTRY DESIGN,6,2011-07-17 11:41:00,4.95,12741,United Kingdom
537456,22086,PAPER CHAIN KIT 50'S CHRISTMAS,6,2011-07-17 11:41:00,2.55,12741,United Kingdom
537456,22423,REGENCY CAKESTAND 3 TIER,1,2011-07-17 11:41:00,12.75,12741,United Kingdom
537456,22632,HAND WARMER RED POLKA DOT,3,2011-07-17 11:41:00,1.85,12741,United Kingdom
537457,21034,REX CASH+CARRY JUMBO SHOPPER,1,2011-10-25 14:57:00,0.95,12407,United Kingdom
537458,22457,NATURAL SLATE HEART CHALKBOARD,12,2011-06-10 09:06:00,2.95,12608,United Kingdom
537458,22086,PAPER CHAIN KIT 50'S CHRISTMAS,6,2011-06-10 09:06:00,2.55,12608,United Kingdom
537458,22139,RETROSPOT TEA SET CERAMIC 11 PC,6,2011-06-10 09:06:00,4.95,12608,United Kingdom
537459,22382,LUNCH BAG SPACEBOY DESIGN,3,2011-01-04 10:06:00,1.65,12670,United Kingdom
537460,21977,PACK OF 60 PINK PAISLEY CAKE CASES,8,2011-01-14 18:29:00,0.55,12608,Germany
537460,21212,PACK OF 72 RETROSPOT CAKE CASES,6,2011-01-14 18:29:00,0.55,12608,Germany
537460,22423,REGENCY CAKESTAND 3 TIER,12,2011-01-14 18:29:00,12.75,12608,Germany
537461,20727,LUNCH BAG BLACK SKULL,8,2011-02-16 13:34:00,1.65,12577,United Kingdom
537461,85099B,JUMBO BAG RED RETROSPOT,1,2011-02-16 13:34:00,2.08,12577,United Kingdom
537461,85099C,JUMBO BAG BAROQUE BLACK WHITE,8,2011-02-16 13:34:00,2.08,12577,United Kingdom
537461,22386,JUMBO BAG PINK POLKADOT,6,2011-02-16 13:34:00,2.08,12577,United Kingdom
537461,22720,SET OF 3 CAKE TINS PANTRY DESIGN,1,2011-02-16 13:34:00,4.95,12577,United Kingdom
537462,22961,JAM MAKING SET PRINTED,6,2011-06-18 08:30:00,1.45,12665,United Kingdom
537462,22960,JAM MAKING SET WITH JARS,12,2011-06-18 08:30:00,4.25,12665,United Kingdom
537462,22139,RETROSPOT TEA SET CERAMIC 11 PC,4,2011-06-18 08:30:00,4.95,12665,United Kingdom
537462,84029G,KNITTED UNION FLAG HOT WATER BOTTLE,6,2011-06-18 08:30:00,3.75,12665,United Kingdom
537463,22961,JAM MAKING SET PRINTED,1,2011-09-22 10:42:00,1.45,12712,United Kingdom
537463,22960,JAM MAKING SET WITH JARS,1,2011-09-22 10:42:00,4.25,12712,United Kingdom
537464,85099B,JUMBO BAG RED RETROSPOT,4,2011-02-04 16:52:00,2.08,12745,United Kingdom
537464,85099C,JUMBO BAG BAROQUE BLACK WHITE,4,2011-02-04 16:52:00,2.08,12745,United Kingdom
537464,22386,JUMBO BAG PINK POLKADOT,6,2011-02-04 16:52:00,2.08,12745,United Kingdom
537465,21730,GLASS STAR FROSTED T-LIGHT HOLDER,12,2011-07-06 12:44:00,4.25,12429,United Kingdom
537466,22720,SET OF 3 CAKE TINS PANTRY DESIGN,8,2011-06-11 08:58:00,4.95,12409,United Kingdom
537466,84879,ASSORTED COLOUR BIRD ORNAMENT,2,2011-06-11 08:58:00,1.69,12409,United Kingdom
537466,22423,REGENCY CAKESTAND 3 TIER,2,2011-06-11 08:58:00,12.75,12409,United Kingdom
537466,22632,HAND WARMER RED POLKA DOT,3,2011-06-11 08:58:00,1.85,12409,United Kingdom
537467,20725,LUNCH BAG RED RETROSPOT,6,2011-09-23 16:37:00,1.65,12605,United Kingdom
537468,22961,JAM MAKING SET PRINTED,2,2011-05-12 14:42:00,1.45,12729,United Kingdom
537468,20727,LUNCH BAG BLACK SKULL,12,2011-05-12 14:42:00,1.65,12729,United Kingdom
537468,21212,PACK OF 72 RETROSPOT CAKE CASES,1,2011-05-12 14:42:00,0.55,12729,United Kingdom
537468,20725,LUNCH BAG RED RETROSPOT,1,2011-05-12 14:42:00,1.65,12729,United Kingdom
537469,20727,LUNCH BAG BLACK SKULL,8,2011-07-04 15:24:00,1.65,12540,United Kingdom
537469,22382,LUNCH BAG SPACEBOY DESIGN,6,2011-07-04 15:24:00,1.65,12540,United Kingdom
537469,20725,LUNCH BAG RED RETROSPOT,4,2011-07-04 15:24:00,1.65,12540,United Kingdom
537470,71053,WHITE METAL LANTERN,4,2011-01-13 15:26:00,3.75,12705,France
537470,21730,GLASS STAR FROSTED T-LIGHT HOLDER,3,2011-01-13 15:26:00,4.25,12705,France
537470,20725,LUNCH BAG RED RETROSPOT,1,2011-01-13 15:26:00,1.65,12705,France
537470,20727,LUNCH BAG BLACK SKULL,3,2011-01-13 15:26:00,1.65,12705,France
537470,22382,LUNCH BAG SPACEBOY DESIGN,3,2011-01-13 15:26:00,1.65,12705,France
537471,22197,POPCORN HOLDER,8,2011-11-21 16:18:00,0.85,12417,United Kingdom
537471,21977,PACK OF 60 PINK PAISLEY CAKE CASES,3,2011-11-21 16:18:00,0.55,12417,United Kingdom
537471,21212,PACK OF 72 RETROSPOT CAKE CASES,8,2011-11-21 16:18:00,0.55,12417,United Kingdom
537471,22423,REGENCY CAKESTAND 3 TIER,3,2011-11-21 16:18:00,12.75,12417,United Kingdom
537472,85123A,WHITE HANGING HEART T-LIGHT HOLDER,12,2011-08-23 11:17:00,2.95,12435,United Kingdom
537472,22633,HAND WARMER UNION JACK,4,2011-08-23 11:17:00,1.85,12435,United Kingdom
537472,22632,HAND WARMER RED POLKA DOT,6,2011-08-23 11:17:00,1.85,12435,United Kingdom
537472,84029G,KNITTED UNION FLAG HOT WATER BOTTLE,8,2011-08-23 11:17:00,3.75,12435,United Kingdom
537473,85123A,WHITE HANGING HEART T-LIGHT HOLDER,12,2011-06-10 13:09:00,2.95,12666,United Kingdom
537473,71053,WHITE METAL LANTERN,1,2011-06-10 13:09:00,3.75,12666,United Kingdom
537473,21730,GLASS STAR FROSTED T-LIGHT HOLDER,3,2011-06-10 13:09:00,4.25,12666,United Kingdom
537473,22138,BAKING SET 9 PIECE RETROSPOT,8,2011-06-10 13:09:00,4.95,12666,United Kingdom
537474,22633,HAND WARMER UNION JACK,6,2011-09-03 15:18:00,1.85,12369,EIRE
537474,22632,HAND WARMER RED POLKA DOT,4,2011-09-03 15:18:00,1.85,12369,EIRE
537474,84029G,KNITTED UNION FLAG HOT WATER BOTTLE,2,2011-09-03 15:18:00,3.75,12369,EIRE
537475,22197,POPCORN HOLDER,1,2011-01-03 10:00:00,0.85,12560,Germany
537475,22139,RETROSPOT TEA SET CERAMIC 11 PC,6,2011-01-03 10:00:00,4.95,12560,Germany
537475,21730,GLASS STAR FROSTED T-LIGHT HOLDER,12,2011-01-03 10:00:00,4.25,12560,Germany
537475,47566,PARTY BUNTING,12,2011-01-03 10:00:00,4.95,12560,Germany
537476,22086,PAPER CHAIN KIT 50'S CHRISTMAS,12,2011-02-04 14:12:00,2.55,12477,Spain
537476,47566,PARTY BUNTING,12,2011-02-04 14:12:00,4.95,12477,Spain
537477,22961,JAM MAKING SET PRINTED,2,2011-09-19 11:38:00,1.45,12729,United Kingdom
537477,22960,JAM MAKING SET WITH JARS,2,2011-09-19 11:38:00,4.25,12729,United Kingdom
537477,85099C,JUMBO BAG BAROQUE BLACK WHITE,8,2011-09-19 11:38:00,2.08,12729,United Kingdom
537478,47566,PARTY BUNTING,6,2011-10-11 09:45:00,4.95,12490,United Kingdom
537478,20725,LUNCH BAG RED RETROSPOT,3,2011-10-11 09:45:00,1.65,12490,United Kingdom
537478,20727,LUNCH BAG BLACK SKULL,6,2011-10-11 09:45:00,1.65,12490,United Kingdom
537478,22382,LUNCH BAG SPACEBOY DESIGN,8,2011-10-11 09:45:00,1.65,12490,United Kingdom
537478,22386,JUMBO BAG PINK POLKADOT,6,2011-10-11 09:45:00,2.08,12490,United Kingdom
537479,71053,WHITE METAL LANTERN,4,2011-02-13 18:17:00,3.75,12684,United Kingdom
537479,85099B,JUMBO BAG RED RETROSPOT,3,2011-02-13 18:17:00,2.08,12684,United Kingdom
537479,22457,NATURAL SLATE HEART CHALKBOARD,1,2011-02-13 18:17:00,2.95,12684,United Kingdom
537480,85099B,JUMBO BAG RED RETROSPOT,12,2011-10-21 09:23:00,2.08,12419,United Kingdom
537480,85099C,JUMBO BAG BAROQUE BLACK WHITE,12,2011-10-21 09:23:00,2.08,12419,United Kingdom
537480,22386,JUMBO BAG PINK POLKADOT,6,2011-10-21 09:23:00,2.08,12419,United Kingdom
537481,22961,JAM MAKING SET PRINTED,12,2011-10-18 17:55:00,1.45,12442,Germany
537481,22382,LUNCH BAG SPACEBOY DESIGN,2,2011-10-18 17:55:00,1.65,12442,Germany
537481,22197,POPCORN HOLDER,6,2011-10-18 17:55:00,0.85,12442,Germany
537482,22752,SET 7 BABUSHKA NESTING BOXES,6,2011-08-21 13:51:00,7.65,12681,United Kingdom
537482,22423,REGENCY CAKESTAND 3 TIER,6,2011-08-21 13:51:00,12.75,12681,United Kingdom
537482,47566,PARTY BUNTING,2,2011-08-21 13:51:00,4.95,12681,United Kingdom
537482,85099C,JUMBO BAG BAROQUE BLACK WHITE,6,2011-08-21 13:51:00,2.08,12681,United Kingdom
537482,22720,SET OF 3 CAKE TINS PANTRY DESIGN,8,2011-08-21 13:51:00,4.95,12681,United Kingdom
537483,22720,SET OF 3 CAKE TINS PANTRY DESIGN,2,2010-12-14 16:38:00,4.95,12674,United Kingdom
537483,22423,REGENCY CAKESTAND 3 TIER,6,2010-12-14 16:38:00,12.75,12674,United Kingdom
537484,22633,HAND WARMER UNION JACK,4,2011-05-27 12:58:00,1.85,12410,United Kingdom
537484,22632,HAND WARMER RED POLKA DOT,3,2011-05-27 12:58:00,1.85,12410,United Kingdom
537484,84029G,KNITTED UNION FLAG HOT WATER BOTTLE,4,2011-05-27 12:58:00,3.75,12410,United Kingdom
537484,84879,ASSORTED COLOUR BIRD ORNAMENT,1,2011-05-27 12:58:00,1.69,12410,United Kingdom
537484,21034,REX CASH+CARRY JUMBO SHOPPER,4,2011-05-27 12:58:00,0.95,12410,United Kingdom
537484,22138,BAKING SET 9 PIECE RETROSPOT,6,2011-05-27 12:58:00,4.95,12410,United Kingdom
537485,85123A,WHITE HANGING HEART T-LIGHT HOLDER,3,2011-10-04 11:06:00,2.95,12615,EIRE
537485,22382,LUNCH BAG SPACEBOY DESIGN,6,2011-10-04 11:06:00,1.65,12615,EIRE
537485,84406B,CREAM CUPID HEARTS COAT HANGER,3,2011-10-04 11:06:00,4.15,12615,EIRE
537485,84029G,KNITTED UNION FLAG HOT WATER BOTTLE,2,2011-10-04 11:06:00,3.75,12615,EIRE
537486,22632,HAND WARMER RED POLKA DOT,1,2011-02-23 17:44:00,1.85,12694,United Kingdom
537486,22961,JAM MAKING SET PRINTED,8,2011-02-23 17:44:00,1.45,12694,United Kingdom
537486,22086,PAPER CHAIN KIT 50'S CHRISTMAS,6,2011-02-23 17:44:00,2.55,12694,United Kingdom
537486,47566,PARTY BUNTING,8,2011-02-23 17:44:00,4.95,12694,United Kingdom
537486,22139,RETROSPOT TEA SET CERAMIC 11 PC,8,2011-02-23 17:44:00,4.95,12694,United Kingdom
537487,22632,HAND WARMER RED POLKA DOT,2,2011-07-28 13:38:00,1.85,12589,United Kingdom
537487,22960,JAM MAKING SET WITH JARS,1,2011-07-28 13:38:00,4.25,12589,United Kingdom
537487,20725,LUNCH BAG RED RETROSPOT,8,2011-07-28 13:38:00,1.65,12589,United Kingdom
537487,20727,LUNCH BAG BLACK SKULL,3,2011-07-28 13:38:00,1.65,12589,United Kingdom
537487,22382,LUNCH BAG SPACEBOY DESIGN,3,2011-07-28 13:38:00,1.65,12589,United Kingdom
537487,85099C,JUMBO BAG BAROQUE BLACK WHITE,12,2011-07-28 13:38:00,2.08,12589,United Kingdom
537487,21977,PACK OF 60 PINK PAISLEY CAKE CASES,3,2011-07-28 13:38:00,0.55,12589,United Kingdom
537488,22632,HAND WARMER RED POLKA DOT,2,2011-04-04 15:20:00,1.85,12737,United Kingdom
537488,84029G,KNITTED UNION FLAG HOT WATER BOTTLE,4,2011-04-04 15:20:00,3.75,12737,United Kingdom
537488,21212,PACK OF 72 RETROSPOT CAKE CASES,6,2011-04-04 15:20:00,0.55,12737,United Kingdom
537488,21034,REX CASH+CARRY JUMBO SHOPPER,3,2011-04-04 15:20:00,0.95,12737,United Kingdom
537488,22139,RETROSPOT TEA SET CERAMIC 11 PC,8,2011-04-04 15:20:00,4.95,12737,United Kingdom
537488,22138,BAKING SET 9 PIECE RETROSPOT,2,2011-04-04 15:20:00,4.95,12737,United Kingdom
537489,85123A,WHITE HANGING HEART T-LIGHT HOLDER,2,2011-09-26 10:43:00,2.95,12717,Germany
537489,20725,LUNCH BAG RED RETROSPOT,6,2011-09-26 10:43:00,1.65,12717,Germany
537489,20727,LUNCH BAG BLACK SKULL,2,2011-09-26 10:43:00,1.65,12717,Germany
537489,22382,LUNCH BAG SPACEBOY DESIGN,12,2011-09-26 10:43:00,1.65,12717,Germany
537489,85099B,JUMBO BAG RED RETROSPOT,4,2011-09-26 10:43:00,2.08,12717,Germany
537490,84406B,CREAM CUPID HEARTS COAT HANGER,6,2011-07-13 13:22:00,4.15,12684,United Kingdom
537490,21730,GLASS STAR FROSTED T-LIGHT HOLDER,6,2011-07-13 13:22:00,4.25,12684,United Kingdom
537490,22086,PAPER CHAIN KIT 50'S CHRISTMAS,1,2011-07-13 13:22:00,2.55,12684,United Kingdom
537490,47566,PARTY BUNTING,8,2011-07-13 13:22:00,4.95,12684,United Kingdom
537490,22138,BAKING SET 9 PIECE RETROSPOT,6,2011-07-13 13:22:00,4.95,12684,United Kingdom
537491,22720,SET OF 3 CAKE TINS PANTRY DESIGN,2,2011-10-17 15:57:00,4.95,12403,Netherlands
537491,20727,LUNCH BAG BLACK SKULL,2,2011-10-17 15:57:00,1.65,12403,Netherlands
537491,22423,REGENCY CAKESTAND 3 TIER,6,2011-10-17 15:57:00,12.75,12403,Netherlands
537491,84029G,KNITTED UNION FLAG HOT WATER BOTTLE,4,2011-10-17 15:57:00,3.75,12403,Netherlands
537492,22961,JAM MAKING SET PRINTED,6,2011-08-11 14:56:00,1.45,12686,United Kingdom
537492,20725,LUNCH BAG RED RETROSPOT,8,2011-08-11 14:56:00,1.65,12686,United Kingdom
537492,20727,LUNCH BAG BLACK SKULL,6,2011-08-11 14:56:00,1.65,12686,United Kingdom
537492,22382,LUNCH BAG SPACEBOY DESIGN,6,2011-08-11 14:56:00,1.65,12686,United Kingdom
537492,22138,BAKING SET 9 PIECE RETROSPOT,2,2011-08-11 14:56:00,4.95,12686,United Kingdom
537493,22752,SET 7 BABUSHKA NESTING BOXES,12,2011-01-21 15:45:00,7.65,12352,Netherlands
537493,22961,JAM MAKING SET PRINTED,8,2011-01-21 15:45:00,1.45,12352,Netherlands
537493,22086,PAPER CHAIN KIT 50'S CHRISTMAS,8,2011-01-21 15:45:00,2.55,12352,Netherlands
537493,47566,PARTY BUNTING,1,2011-01-21 15:45:00,4.95,12352,Netherlands
537493,85099C,JUMBO BAG BAROQUE BLACK WHITE,2,2011-01-21 15:45:00,2.08,12352,Netherlands
537494,21212,PACK OF 72 RETROSPOT CAKE CASES,8,2011-10-26 10:06:00,0.55,12648,United Kingdom
537494,22423,REGENCY CAKESTAND 3 TIER,8,2011-10-26 10:06:00,12.75,12648,United Kingdom
537494,23166,MEDIUM CERAMIC TOP STORAGE JAR,1,2011-10-26 10:06:00,1.04,12648,United Kingdom
537494,85099C,JUMBO BAG BAROQUE BLACK WHITE,6,2011-10-26 10:06:00,2.08,12648,United Kingdom
537494,21977,PACK OF 60 PINK PAISLEY CAKE CASES,12,2011-10-26 10:06:00,0.55,12648,United Kingdom
537495,85123A,WHITE HANGING HEART T-LIGHT HOLDER,4,2011-09-20 16:32:00,2.95,12581,United Kingdom
537495,21977,PACK OF 60 PINK PAISLEY CAKE CASES,3,2011-09-20 16:32:00,0.55,12581,United Kingdom
537495,85099C,JUMBO BAG BAROQUE BLACK WHITE,1,2011-09-20 16:32:00,2.08,12581,United Kingdom
537496,22961,JAM MAKING SET PRINTED,6,2011-05-18 09:48:00,1.45,12668,United Kingdom
537496,22139,RETROSPOT TEA SET CERAMIC 11 PC,6,2011-05-18 09:48:00,4.95,12668,United Kingdom
537496,22138,BAKING SET 9 PIECE RETROSPOT,6,2011-05-18 09:48:00,4.95,12668,United Kingdom
537497,20727,LUNCH BAG BLACK SKULL,6,2011-04-21 16:20:00,1.65,12473,United Kingdom
537497,22382,LUNCH BAG SPACEBOY DESIGN,8,2011-04-21 16:20:00,1.65,12473,United Kingdom
537497,22632,HAND WARMER RED POLKA DOT,6,2011-04-21 16:20:00,1.85,12473,United Kingdom
537497,20725,LUNCH BAG RED RETROSPOT,3,2011-04-21 16:20:00,1.65,12473,United Kingdom
537498,22086,PAPER CHAIN KIT 50'S CHRISTMAS,6,2011-01-15 13:52:00,2.55,12601,Spain
537499,22961,JAM MAKING SET PRINTED,12,2011-01-16 14:50:00,1.45,12397,France
537499,22139,RETROSPOT TEA SET CERAMIC 11 PC,6,2011-01-16 14:50:00,4.95,12397,France
537499,22138,BAKING SET 9 PIECE RETROSPOT,6,2011-01-16 14:50:00,4.95,12397,France
537500,22960,JAM MAKING SET WITH JARS,6,2011-06-04 10:40:00,4.25,12570,United Kingdom
537500,21212,PACK OF 72 RETROSPOT CAKE CASES,3,2011-06-04 10:40:00,0.55,12570,United Kingdom
537500,22423,REGENCY CAKESTAND 3 TIER,8,2011-06-04 10:40:00,12.75,12570,United Kingdom
537500,20727,LUNCH BAG BLACK SKULL,2,2011-06-04 10:40:00,1.65,12570,United Kingdom
537500,22386,JUMBO BAG PINK POLKADOT,4,2011-06-04 10:40:00,2.08,12570,United Kingdom
537500,21977,PACK OF 60 PINK PAISLEY CAKE CASES,2,2011-06-04 10:40:00,0.55,12570,United Kingdom
537501,22386,JUMBO BAG PINK POLKADOT,6,2011-11-30 18:28:00,2.08,12392,United Kingdom
537502,84406B,CREAM CUPID HEARTS COAT HANGER,12,2011-05-31 14:38:00,4.15,12618,United Kingdom
537502,84029G,KNITTED UNION FLAG HOT WATER BOTTLE,1,2011-05-31 14:38:00,3.75,12618,United Kingdom
537502,22086,PAPER CHAIN KIT 50'S CHRISTMAS,4,2011-05-31 14:38:00,2.55,12618,United Kingdom
537502,20725,LUNCH BAG RED RETROSPOT,3,2011-05-31 14:38:00,1.65,12618,United Kingdom
537502,20727,LUNCH BAG BLACK SKULL,6,2011-05-31 14:38:00,1.65,12618,United Kingdom
537502,22382,LUNCH BAG SPACEBOY DESIGN,1,2011-05-31 14:38:00,1.65,12618,United Kingdom
537502,23166,MEDIUM CERAMIC TOP STORAGE JAR,12,2011-05-31 14:38:00,1.04,12618,United Kingdom
537503,85123A,WHITE HANGING HEART T-LIGHT HOLDER,6,2011-11-21 11:45:00,2.95,12460,United Kingdom
537503,21977,PACK OF 60 PINK PAISLEY CAKE CASES,4,2011-11-21 11:45:00,0.55,12460,United Kingdom
537503,21212,PACK OF 72 RETROSPOT CAKE CASES,1,2011-11-21 11:45:00,0.55,12460,United Kingdom
537503,22423,REGENCY CAKESTAND 3 TIER,12,2011-11-21 11:45:00,12.75,12460,United Kingdom
537504,22961,JAM MAKING SET PRINTED,8,2011-07-01 17:05:00,1.45,12570,Netherlands
537504,22960,JAM MAKING SET WITH JARS,6,2011-07-01 17:05:00,4.25,12570,Netherlands
537504,84879,ASSORTED COLOUR BIRD ORNAMENT,6,2011-07-01 17:05:00,1.69,12570,Netherlands
537504,23166,MEDIUM CERAMIC TOP STORAGE JAR,6,2011-07-01 17:05:00,1.04,12570,Netherlands
537504,85099B,JUMBO BAG RED RETROSPOT,8,2011-07-01 17:05:00,2.08,12570,Netherlands
537505,22961,JAM MAKING SET PRINTED,4,2011-06-05 11:50:00,1.45,12535,Spain
537505,22960,JAM MAKING SET WITH JARS,3,2011-06-05 11:50:00,4.25,12535,Spain
537505,21034,REX CASH+CARRY JUMBO SHOPPER,2,2011-06-05 11:50:00,0.95,12535,Spain
537505,22139,RETROSPOT TEA SET CERAMIC 11 PC,12,2011-06-05 11:50:00,4.95,12535,Spain
537506,22961,JAM MAKING SET PRINTED,1,2011-05-10 10:21:00,1.45,12620,United Kingdom
537506,21034,REX CASH+CARRY JUMBO SHOPPER,12,2011-05-10 10:21:00,0.95,12620,United Kingdom
537506,47566,PARTY BUNTING,12,2011-05-10 10:21:00,4.95,12620,United Kingdom
537506,84029G,KNITTED UNION FLAG HOT WATER BOTTLE,12,2011-05-10 10:21:00,3.75,12620,United Kingdom
537507,85123A,WHITE HANGING HEART T-LIGHT HOLDER,6,2011-07-12 09:40:00,2.95,12648,United Kingdom
537507,84406B,CREAM CUPID HEARTS COAT HANGER,12,2011-07-12 09:40:00,4.15,12648,United Kingdom
537508,85123A,WHITE HANGING HEART T-LIGHT HOLDER,12,2011-02-14 10:13:00,2.95,12707,United Kingdom
537508,22961,JAM MAKING SET PRINTED,8,2011-02-14 10:13:00,1.45,12707,United Kingdom
537508,20725,LUNCH BAG RED RETROSPOT,3,2011-02-14 10:13:00,1.65,12707,United Kingdom
537508,20727,LUNCH BAG BLACK SKULL,8,2011-02-14 10:13:00,1.65,12707,United Kingdom
537508,22382,LUNCH BAG SPACEBOY DESIGN,4,2011-02-14 10:13:00,1.65,12707,United Kingdom
537508,23084,RABBIT NIGHT LIGHT,12,2011-02-14 10:13:00,2.08,12707,United Kingdom
537508,22138,BAKING SET 9 PIECE RETROSPOT,6,2011-02-14 10:13:00,4.95,12707,United Kingdom
537509,85123A,WHITE HANGING HEART T-LIGHT HOLDER,6,2011-11-22 12:51:00,2.95,12621,United Kingdom
537509,84406B,CREAM CUPID HEARTS COAT HANGER,1,2011-11-22 12:51:00,4.15,12621,United Kingdom
537509,21730,GLASS STAR FROSTED T-LIGHT HOLDER,1,2011-11-22 12:51:00,4.25,12621,United Kingdom
537509,22382,LUNCH BAG SPACEBOY DESIGN,6,2011-11-22 12:51:00,1.65,12621,United Kingdom
537509,22720,SET OF 3 CAKE TINS PANTRY DESIGN,2,2011-11-22 12:51:00,4.95,12621,United Kingdom
537510,22961,JAM MAKING SET PRINTED,3,2011-01-06 17:34:00,1.45,12742,EIRE
537510,22960,JAM MAKING SET WITH JARS,3,2011-01-06 17:34:00,4.25,12742,EIRE
537510,84029G,KNITTED UNION FLAG HOT WATER BOTTLE,1,2011-01-06 17:34:00,3.75,12742,EIRE
537511,84879,ASSORTED COLOUR BIRD ORNAMENT,8,2011-08-11 09:51:00,1.69,12678,United Kingdom
537511,85099C,JUMBO BAG BAROQUE BLACK WHITE,8,2011-08-11 09:51:00,2.08,12678,United Kingdom
537511,22386,JUMBO BAG PINK POLKADOT,12,2011-08-11 09:51:00,2.08,12678,United Kingdom
537511,22457,NATURAL SLATE HEART CHALKBOARD,3,2011-08-11 09:51:00,2.95,12678,United Kingdom
537511,22139,RETROSPOT TEA SET CERAMIC 11 PC,6,2011-08-11 09:51:00,4.95,12678,United Kingdom
537511,22138,BAKING SET 9 PIECE RETROSPOT,3,2011-08-11 09:51:00,4.95,12678,United Kingdom
537512,22961,JAM MAKING SET PRINTED,8,2011-05-09 13:41:00,1.45,12395,United Kingdom
537512,84406B,CREAM CUPID HEARTS COAT HANGER,4,2011-05-09 13:41:00,4.15,12395,United Kingdom
537512,22633,HAND WARMER UNION JACK,4,2011-05-09 13:41:00,1.85,12395,United Kingdom
537513,22961,JAM MAKING SET PRINTED,1,2011-10-28 09:51:00,1.45,12525,Germany
537513,85123A,WHITE HANGING HEART T-LIGHT HOLDER,1,2011-10-28 09:51:00,2.95,12525,Germany
537513,22197,POPCORN HOLDER,6,2011-10-28 09:51:00,0.85,12525,Germany
537513,22138,BAKING SET 9 PIECE RETROSPOT,2,2011-10-28 09:51:00,4.95,12525,Germany
537514,20727,LUNCH BAG BLACK SKULL,6,2010-12-01 16:30:00,1.65,12432,United Kingdom
537514,22382,LUNCH BAG SPACEBOY DESIGN,2,2010-12-01 16:30:00,1.65,12432,United Kingdom
537514,20725,LUNCH BAG RED RETROSPOT,3,2010-12-01 16:30:00,1.65,12432,United Kingdom
537515,85099B,JUMBO BAG RED RETROSPOT,3,2011-10-22 18:01:00,2.08,12442,United Kingdom
537515,85099C,JUMBO BAG BAROQUE BLACK WHITE,6,2011-10-22 18:01:00,2.08,12442,United Kingdom
537515,22386,JUMBO BAG PINK POLKADOT,3,2011-10-22 18:01:00,2.08,12442,United Kingdom
537516,85123A,WHITE HANGING HEART T-LIGHT HOLDER,2,2011-11-27 11:02:00,2.95,12571,United Kingdom
537516,71053,WHITE METAL LANTERN,6,2011-11-27 11:02:00,3.75,12571,United Kingdom
537516,22197,POPCORN HOLDER,6,2011-11-27 11:02:00,0.85,12571,United Kingdom
537517,21730,GLASS STAR FROSTED T-LIGHT HOLDER,6,2011-05-28 11:07:00,4.25,12401,EIRE
537517,22633,HAND WARMER UNION JACK,12,2011-05-28 11:07:00,1.85,12401,EIRE
537517,22632,HAND WARMER RED POLKA DOT,8,2011-05-28 11:07:00,1.85,12401,EIRE
537517,84029G,KNITTED UNION FLAG HOT WATER BOTTLE,12,2011-05-28 11:07:00,3.75,12401,EIRE
537517,22197,POPCORN HOLDER,2,2011-05-28 11:07:00,0.85,12401,EIRE
537518,22632,HAND WARMER RED POLKA DOT,1,2011-09-10 09:51:00,1.85,12688,United Kingdom
537518,21212,PACK OF 72 RETROSPOT CAKE CASES,6,2011-09-10 09:51:00,0.55,12688,United Kingdom
537518,84879,ASSORTED COLOUR BIRD ORNAMENT,1,2011-09-10 09:51:00,1.69,12688,United Kingdom
537518,22423,REGENCY CAKESTAND 3 TIER,12,2011-09-10 09:51:00,12.75,12688,United Kingdom
537518,22457,NATURAL SLATE HEART CHALKBOARD,2,2011-09-10 09:51:00,2.95,12688,United Kingdom
537518,21977,PACK OF 60 PINK PAISLEY CAKE CASES,2,2011-09-10 09:51:00,0.55,12688,United Kingdom
537519,85123A,WHITE HANGING HEART T-LIGHT HOLDER,4,2011-11-01 14:28:00,2.95,12685,EIRE
537519,84406B,CREAM CUPID HEARTS COAT HANGER,6,2011-11-01 14:28:00,4.15,12685,EIRE
537519,84879,ASSORTED COLOUR BIRD ORNAMENT,6,2011-11-01 14:28:00,1.69,12685,EIRE
537519,22382,LUNCH BAG SPACEBOY DESIGN,3,2011-11-01 14:28:00,1.65,12685,EIRE
537519,85099B,JUMBO BAG RED RETROSPOT,12,2011-11-01 14:28:00,2.08,12685,EIRE
537519,22720,SET OF 3 CAKE TINS PANTRY DESIGN,4,2011-11-01 14:28:00,4.95,12685,EIRE
537520,22720,SET OF 3 CAKE TINS PANTRY DESIGN,12,2011-10-17 14:55:00,4.95,12495,United Kingdom
537520,22423,REGENCY CAKESTAND 3 TIER,2,2011-10-17 14:55:00,12.75,12495,United Kingdom
537521,20727,LUNCH BAG BLACK SKULL,1,2011-09-14 16:09:00,1.65,12510,United Kingdom
537521,22382,LUNCH BAG SPACEBOY DESIGN,4,2011-09-14 16:09:00,1.65,12510,United Kingdom
537521,20725,LUNCH BAG RED RETROSPOT,2,2011-09-14 16:09:00,1.65,12510,United Kingdom
537522,85123A,WHITE HANGING HEART T-LIGHT HOLDER,4,2011-09-27 18:04:00,2.95,12503,United Kingdom
537522,71053,WHITE METAL LANTERN,6,2011-09-27 18:04:00,3.75,12503,United Kingdom
537522,21730,GLASS STAR FROSTED T-LIGHT HOLDER,1,2011-09-27 18:04:00,4.25,12503,United Kingdom
537522,22960,JAM MAKING SET WITH JARS,8,2011-09-27 18:04:00,4.25,12503,United Kingdom
537522,84879,ASSORTED COLOUR BIRD ORNAMENT,3,2011-09-27 18:04:00,1.69,12503,United Kingdom
537523,22961,JAM MAKING SET PRINTED,6,2011-06-08 09:28:00,1.45,12606,United Kingdom
537523,22960,JAM MAKING SET WITH JARS,2,2011-06-08 09:28:00,4.25,12606,United Kingdom
537523,22386,JUMBO BAG PINK POLKADOT,4,2011-06-08 09:28:00,2.08,12606,United Kingdom
537524,22139,RETROSPOT TEA SET CERAMIC 11 PC,2,2011-03-16 18:10:00,4.95,12599,United Kingdom
537524,22138,BAKING SET 9 PIECE RETROSPOT,6,2011-03-16 18:10:00,4.95,12599,United Kingdom
537525,21034,REX CASH+CARRY JUMBO SHOPPER,8,2011-04-03 13:41:00,0.95,12348,United Kingdom
537525,21977,PACK OF 60 PINK PAISLEY CAKE CASES,1,2011-04-03 13:41:00,0.55,12348,United Kingdom
537526,23166,MEDIUM CERAMIC TOP STORAGE JAR,6,2011-02-11 17:45:00,1.04,12425,United Kingdom
537526,85099C,JUMBO BAG BAROQUE BLACK WHITE,4,2011-02-11 17:45:00,2.08,12425,United Kingdom
537526,22386,JUMBO BAG PINK POLKADOT,6,2011-02-11 17:45:00,2.08,12425,United Kingdom
537527,85123A,WHITE HANGING HEART T-LIGHT HOLDER,8,2011-11-19 08:56:00,2.95,12555,United Kingdom
537527,22961,JAM MAKING SET PRINTED,1,2011-11-19 08:56:00,1.45,12555,United Kingdom
537527,21212,PACK OF 72 RETROSPOT CAKE CASES,12,2011-11-19 08:56:00,0.55,12555,United Kingdom
537527,22423,REGENCY CAKESTAND 3 TIER,3,2011-11-19 08:56:00,12.75,12555,United Kingdom
537527,22197,POPCORN HOLDER,4,2011-11-19 08:56:00,0.85,12555,United Kingdom
537527,21977,PACK OF 60 PINK PAISLEY CAKE CASES,2,2011-11-19 08:56:00,0.55,12555,United Kingdom
537528,85123A,WHITE HANGING HEART T-LIGHT HOLDER,6,2011-01-28 09:40:00,2.95,12672,France
537528,84406B,CREAM CUPID HEARTS COAT HANGER,8,2011-01-28 09:40:00,4.15,12672,France
537528,22633,HAND WARMER UNION JACK,6,2011-01-28 09:40:00,1.85,12672,France
537528,23084,RABBIT NIGHT LIGHT,6,2011-01-28 09:40:00,2.08,12672,France
537529,21977,PACK OF 60 PINK PAISLEY CAKE CASES,12,2011-09-18 12:36:00,0.55,12491,United Kingdom
537529,21212,PACK OF 72 RETROSPOT CAKE CASES,4,2011-09-18 12:36:00,0.55,12491,United Kingdom
537529,22423,REGENCY CAKESTAND 3 TIER,3,2011-09-18 12:36:00,12.75,12491,United Kingdom
537530,85123A,WHITE HANGING HEART T-LIGHT HOLDER,2,2010-12-19 16:00:00,2.95,12611,United Kingdom
537530,71053,WHITE METAL LANTERN,4,2010-12-19 16:00:00,3.75,12611,United Kingdom
537530,84406B,CREAM CUPID HEARTS COAT HANGER,8,2010-12-19 16:00:00,4.15,12611,United Kingdom
537530,21730,GLASS STAR FROSTED T-LIGHT HOLDER,6,2010-12-19 16:00:00,4.25,12611,United Kingdom
537530,22633,HAND WARMER UNION JACK,12,2010-12-19 16:00:00,1.85,12611,United Kingdom
537530,22720,SET OF 3 CAKE TINS PANTRY DESIGN,3,2010-12-19 16:00:00,4.95,12611,United Kingdom
537531,22720,SET OF 3 CAKE TINS PANTRY DESIGN,4,2011-10-02 09:12:00,4.95,12572,EIRE
537532,22961,JAM MAKING SET PRINTED,3,2011-05-12 09:06:00,1.45,12717,United Kingdom
537532,22139,RETROSPOT TEA SET CERAMIC 11 PC,6,2011-05-12 09:06:00,4.95,12717,United Kingdom
537533,84406B,CREAM CUPID HEARTS COAT HANGER,4,2011-03-13 08:55:00,4.15,12582,United Kingdom
537533,22633,HAND WARMER UNION JACK,6,2011-03-13 08:55:00,1.85,12582,United Kingdom
537533,84029G,KNITTED UNION FLAG HOT WATER BOTTLE,12,2011-03-13 08:55:00,3.75,12582,United Kingdom
537533,20725,LUNCH BAG RED RETROSPOT,1,2011-03-13 08:55:00,1.65,12582,United Kingdom
537533,20727,LUNCH BAG BLACK SKULL,12,2011-03-13 08:55:00,1.65,12582,United Kingdom
537533,22382,LUNCH BAG SPACEBOY DESIGN,2,2011-03-13 08:55:00,1.65,12582,United Kingdom
537533,85099B,JUMBO BAG RED RETROSPOT,4,2011-03-13 08:55:00,2.08,12582,United Kingdom
537534,85099B,JUMBO BAG RED RETROSPOT,2,2011-08-28 13:05:00,2.08,12654,United Kingdom
537534,85099C,JUMBO BAG BAROQUE BLACK WHITE,2,2011-08-28 13:05:00,2.08,12654,United Kingdom
537534,22386,JUMBO BAG PINK POLKADOT,8,2011-08-28 13:05:00,2.08,12654,United Kingdom
537535,71053,WHITE METAL LANTERN,3,2011-08-31 09:09:00,3.75,12611,United Kingdom
537535,21212,PACK OF 72 RETROSPOT CAKE CASES,2,2011-08-31 09:09:00,0.55,12611,United Kingdom
537536,22752,SET 7 BABUSHKA NESTING BOXES,1,2011-03-30 08:54:00,7.65,12696,United Kingdom
537536,84029G,KNITTED UNION FLAG HOT WATER BOTTLE,2,2011-03-30 08:54:00,3.75,12696,United Kingdom
537536,22720,SET OF 3 CAKE TINS PANTRY DESIGN,1,2011-03-30 08:54:00,4.95,12696,United Kingdom
537536,22139,RETROSPOT TEA SET CERAMIC 11 PC,12,2011-03-30 08:54:00,4.95,12696,United Kingdom
537536,22138,BAKING SET 9 PIECE RETROSPOT,8,2011-03-30 08:54:00,4.95,12696,United Kingdom
537537,85099C,JUMBO BAG BAROQUE BLACK WHITE,12,2011-11-17 17:54:00,2.08,12490,Germany
537538,22961,JAM MAKING SET PRINTED,4,2011-04-08 14:10:00,1.45,12659,Germany
537538,22960,JAM MAKING SET WITH JARS,3,2011-04-08 14:10:00,4.25,12659,Germany
537538,21212,PACK OF 72 RETROSPOT CAKE CASES,6,2011-04-08 14:10:00,0.55,12659,Germany
537538,22382,LUNCH BAG SPACEBOY DESIGN,3,2011-04-08 14:10:00,1.65,12659,Germany
537538,22138,BAKING SET 9 PIECE RETROSPOT,8,2011-04-08 14:10:00,4.95,12659,Germany
537539,20727,LUNCH BAG BLACK SKULL,12,2011-02-21 14:17:00,1.65,12477,United Kingdom
537539,22382,LUNCH BAG SPACEBOY DESIGN,8,2011-02-21 14:17:00,1.65,12477,United Kingdom
537539,71053,WHITE METAL LANTERN,4,2011-02-21 14:17:00,3.75,12477,United Kingdom
537539,20725,LUNCH BAG RED RETROSPOT,8,2011-02-21 14:17:00,1.65,12477,United Kingdom
537540,22139,RETROSPOT TEA SET CERAMIC 11 PC,8,2011-10-17 13:43:00,4.95,12410,United Kingdom
537540,22138,BAKING SET 9 PIECE RETROSPOT,12,2011-10-17 13:43:00,4.95,12410,United Kingdom
537540,47566,PARTY BUNTING,6,2011-10-17 13:43:00,4.95,12410,United Kingdom
537540,23084,RABBIT NIGHT LIGHT,6,2011-10-17 13:43:00,2.08,12410,United Kingdom
537541,23166,MEDIUM CERAMIC TOP STORAGE JAR,4,2011-11-06 14:38:00,1.04,12512,EIRE
537541,21977,PACK OF 60 PINK PAISLEY CAKE CASES,6,2011-11-06 14:38:00,0.55,12512,EIRE
537541,21212,PACK OF 72 RETROSPOT CAKE CASES,12,2011-11-06 14:38:00,0.55,12512,EIRE
537541,22423,REGENCY CAKESTAND 3 TIER,8,2011-11-06 14:38:00,12.75,12512,EIRE
537542,22633,HAND WARMER UNION JACK,8,2011-10-26 12:43:00,1.85,12537,United Kingdom
537542,22632,HAND WARMER RED POLKA DOT,1,2011-10-26 12:43:00,1.85,12537,United Kingdom
537542,84029G,KNITTED UNION FLAG HOT WATER BOTTLE,4,2011-10-26 12:43:00,3.75,12537,United Kingdom
537542,22960,JAM MAKING SET WITH JARS,4,2011-10-26 12:43:00,4.25,12537,United Kingdom
537542,47566,PARTY BUNTING,6,2011-10-26 12:43:00,4.95,12537,United Kingdom
537542,85099B,JUMBO BAG RED RETROSPOT,3,2011-10-26 12:43:00,2.08,12537,United Kingdom
537542,22138,BAKING SET 9 PIECE RETROSPOT,8,2011-10-26 12:43:00,4.95,12537,United Kingdom
537543,22633,HAND WARMER UNION JACK,3,2011-07-10 10:58:00,1.85,12610,United Kingdom
537543,22961,JAM MAKING SET PRINTED,8,2011-07-10 10:58:00,1.45,12610,United Kingdom
537543,85099C,JUMBO BAG BAROQUE BLACK WHITE,4,2011-07-10 10:58:00,2.08,12610,United Kingdom
537543,23084,RABBIT NIGHT LIGHT,3,2011-07-10 10:58:00,2.08,12610,United Kingdom
537543,22139,RETROSPOT TEA SET CERAMIC 11 PC,8,2011-07-10 10:58:00,4.95,12610,United Kingdom
537543,22138,BAKING SET 9 PIECE RETROSPOT,6,2011-07-10 10:58:00,4.95,12610,United Kingdom
537544,71053,WHITE METAL LANTERN,2,2011-04-05 11:18:00,3.75,12585,France
537544,22086,PAPER CHAIN KIT 50'S CHRISTMAS,2,2011-04-05 11:18:00,2.55,12585,France
537544,47566,PARTY BUNTING,2,2011-04-05 11:18:00,4.95,12585,France
537544,85099B,JUMBO BAG RED RETROSPOT,1,2011-04-05 11:18:00,2.08,12585,France
537544,23084,RABBIT NIGHT LIGHT,1,2011-04-05 11:18:00,2.08,12585,France
537544,22138,BAKING SET 9 PIECE RETROSPOT,1,2011-04-05 11:18:00,4.95,12585,France
537545,22961,JAM MAKING SET PRINTED,2,2011-01-16 14:29:00,1.45,12515,United Kingdom
537545,22960,JAM MAKING SET WITH JARS,6,2011-01-16 14:29:00,4.25,12515,United Kingdom
537546,22961,JAM MAKING SET PRINTED,3,2011-05-11 18:27:00,1.45,12665,Germany
537546,22960,JAM MAKING SET WITH JARS,3,2011-05-11 18:27:00,4.25,12665,Germany
537546,22752,SET 7 BABUSHKA NESTING BOXES,3,2011-05-11 18:27:00,7.65,12665,Germany
537547,85123A,WHITE HANGING HEART T-LIGHT HOLDER,4,2011-01-30 17:28:00,2.95,12558,United Kingdom
537547,22961,JAM MAKING SET PRINTED,2,2011-01-30 17:28:00,1.45,12558,United Kingdom
537547,84406B,CREAM CUPID HEARTS COAT HANGER,3,2011-01-30 17:28:00,4.15,12558,United Kingdom
537547,22386,JUMBO BAG PINK POLKADOT,12,2011-01-30 17:28:00,2.08,12558,United Kingdom
537548,22720,SET OF 3 CAKE TINS PANTRY DESIGN,1,2010-12-21 11:26:00,4.95,12395,United Kingdom
537548,22423,REGENCY CAKESTAND 3 TIER,6,2010-12-21 11:26:00,12.75,12395,United Kingdom
537549,23166,MEDIUM CERAMIC TOP STORAGE JAR,6,2011-09-26 17:41:00,1.04,12571,Germany
537549,21212,PACK OF 72 RETROSPOT CAKE CASES,2,2011-09-26 17:41:00,0.55,12571,Germany
537549,85099C,JUMBO BAG BAROQUE BLACK WHITE,6,2011-09-26 17:41:00,2.08,12571,Germany
537550,22961,JAM MAKING SET PRINTED,4,2011-03-01 11:09:00,1.45,12381,United Kingdom
537550,22960,JAM MAKING SET WITH JARS,6,2011-03-01 11:09:00,4.25,12381,United Kingdom
537551,22633,HAND WARMER UNION JACK,6,2011-11-30 09:52:00,1.85,12495,France
537551,22086,PAPER CHAIN KIT 50'S CHRISTMAS,4,2011-11-30 09:52:00,2.55,12495,France
537551,21212,PACK OF 72 RETROSPOT CAKE CASES,6,2011-11-30 09:52:00,0.55,12495,France
537551,47566,PARTY BUNTING,1,2011-11-30 09:52:00,4.95,12495,France
537551,22139,RETROSPOT TEA SET CERAMIC 11 PC,12,2011-11-30 09:52:00,4.95,12495,France
537552,22423,REGENCY CAKESTAND 3 TIER,6,2011-02-24 09:11:00,12.75,12509,United Kingdom
537552,47566,PARTY BUNTING,1,2011-02-24 09:11:00,4.95,12509,United Kingdom
537553,85123A,WHITE HANGING HEART T-LIGHT HOLDER,1,2011-11-02 16:12:00,2.95,12485,United Kingdom
537553,71053,WHITE METAL LANTERN,1,2011-11-02 16:12:00,3.75,12485,United Kingdom
537553,22139,RETROSPOT TEA SET CERAMIC 11 PC,6,2011-11-02 16:12:00,4.95,12485,United Kingdom
537553,21730,GLASS STAR FROSTED T-LIGHT HOLDER,8,2011-11-02 16:12:00,4.25,12485,United Kingdom
537554,22086,PAPER CHAIN KIT 50'S CHRISTMAS,8,2011-07-29 14:54:00,2.55,12448,United Kingdom
537554,21212,PACK OF 72 RETROSPOT CAKE CASES,8,2011-07-29 14:54:00,0.55,12448,United Kingdom
537554,20725,LUNCH BAG RED RETROSPOT,6,2011-07-29 14:54:00,1.65,12448,United Kingdom
537554,20727,LUNCH BAG BLACK SKULL,3,2011-07-29 14:54:00,1.65,12448,United Kingdom
537554,22382,LUNCH BAG SPACEBOY DESIGN,6,2011-07-29 14:54:00,1.65,12448,United Kingdom
537554,22457,NATURAL SLATE HEART CHALKBOARD,6,2011-07-29 14:54:00,2.95,12448,United Kingdom
537555,22720,SET OF 3 CAKE TINS PANTRY DESIGN,6,2011-03-09 15:48:00,4.95,12628,United Kingdom
537555,22423,REGENCY CAKESTAND 3 TIER,2,2011-03-09 15:48:00,12.75,12628,United Kingdom
537556,23166,MEDIUM CERAMIC TOP STORAGE JAR,4,2011-02-04 09:45:00,1.04,12357,United Kingdom
537556,22633,HAND WARMER UNION JACK,2,2011-02-04 09:45:00,1.85,12357,United Kingdom
537556,22632,HAND WARMER RED POLKA DOT,2,2011-02-04 09:45:00,1.85,12357,United Kingdom
537556,84029G,KNITTED UNION FLAG HOT WATER BOTTLE,1,2011-02-04 09:45:00,3.75,12357,United Kingdom
537557,22720,SET OF 3 CAKE TINS PANTRY DESIGN,2,2010-12-07 14:25:00,4.95,12716,United Kingdom
537557,22457,NATURAL SLATE HEART CHALKBOARD,2,2010-12-07 14:25:00,2.95,12716,United Kingdom
537557,85099C,JUMBO BAG BAROQUE BLACK WHITE,1,2010-12-07 14:25:00,2.08,12716,United Kingdom
537557,22423,REGENCY CAKESTAND 3 TIER,3,2010-12-07 14:25:00,12.75,12716,United Kingdom
537558,71053,WHITE METAL LANTERN,2,2011-01-11 10:35:00,3.75,12448,United Kingdom
537558,21977,PACK OF 60 PINK PAISLEY CAKE CASES,8,2011-01-11 10:35:00,0.55,12448,United Kingdom
537558,21212,PACK OF 72 RETROSPOT CAKE CASES,6,2011-01-11 10:35:00,0.55,12448,United Kingdom
537558,22423,REGENCY CAKESTAND 3 TIER,4,2011-01-11 10:35:00,12.75,12448,United Kingdom
537559,22086,PAPER CHAIN KIT 50'S CHRISTMAS,12,2011-03-12 16:08:00,2.55,12589,United Kingdom
537559,47566,PARTY BUNTING,3,2011-03-12 16:08:00,4.95,12589,United Kingdom
537560,85123A,WHITE HANGING HEART T-LIGHT HOLDER,2,2010-12-04 09:41:00,2.95,12605,United Kingdom
537560,84406B,CREAM CUPID HEARTS COAT HANGER,4,2010-12-04 09:41:00,4.15,12605,United Kingdom
537560,22752,SET 7 BABUSHKA NESTING BOXES,3,2010-12-04 09:41:00,7.65,12605,United Kingdom
537560,22632,HAND WARMER RED POLKA DOT,6,2010-12-04 09:41:00,1.85,12605,United Kingdom
537560,22386,JUMBO BAG PINK POLKADOT,4,2010-12-04 09:41:00,2.08,12605,United Kingdom
537561,20727,LUNCH BAG BLACK SKULL,6,2011-06-21 17:48:00,1.65,12429,United Kingdom
537561,22382,LUNCH BAG SPACEBOY DESIGN,6,2011-06-21 17:48:00,1.65,12429,United Kingdom
537561,22423,REGENCY CAKESTAND 3 TIER,4,2011-06-21 17:48:00,12.75,12429,United Kingdom
537561,20725,LUNCH BAG RED RETROSPOT,1,2011-06-21 17:48:00,1.65,12429,United Kingdom
537562,22633,HAND WARMER UNION JACK,1,2011-11-15 12:48:00,1.85,12681,United Kingdom
537562,22632,HAND WARMER RED POLKA DOT,8,2011-11-15 12:48:00,1.85,12681,United Kingdom
537562,84029G,KNITTED UNION FLAG HOT WATER BOTTLE,2,2011-11-15 12:48:00,3.75,12681,United Kingdom
537562,21212,PACK OF 72 RETROSPOT CAKE CASES,12,2011-11-15 12:48:00,0.55,12681,United Kingdom
537562,23084,RABBIT NIGHT LIGHT,1,2011-11-15 12:48:00,2.08,12681,United Kingdom
537562,22138,BAKING SET 9 PIECE RETROSPOT,2,2011-11-15 12:48:00,4.95,12681,United Kingdom
537563,21212,PACK OF 72 RETROSPOT CAKE CASES,12,2011-09-28 14:14:00,0.55,12509,United Kingdom
537563,85099B,JUMBO BAG RED RETROSPOT,6,2011-09-28 14:14:00,2.08,12509,United Kingdom
537563,85099C,JUMBO BAG BAROQUE BLACK WHITE,12,2011-09-28 14:14:00,2.08,12509,United Kingdom
537563,22386,JUMBO BAG PINK POLKADOT,6,2011-09-28 14:14:00,2.08,12509,United Kingdom
537563,23084,RABBIT NIGHT LIGHT,12,2011-09-28 14:14:00,2.08,12509,United Kingdom
537563,22457,NATURAL SLATE HEART CHALKBOARD,6,2011-09-28 14:14:00,2.95,12509,United Kingdom
537564,47566,PARTY BUNTING,6,2011-03-08 12:07:00,4.95,12625,United Kingdom
537564,85099B,JUMBO BAG RED RETROSPOT,8,2011-03-08 12:07:00,2.08,12625,United Kingdom
537564,85099C,JUMBO BAG BAROQUE BLACK WHITE,12,2011-03-08 12:07:00,2.08,12625,United Kingdom
537564,22386,JUMBO BAG PINK POLKADOT,12,2011-03-08 12:07:00,2.08,12625,United Kingdom
537564,22138,BAKING SET 9 PIECE RETROSPOT,12,2011-03-08 12:07:00,4.95,12625,United Kingdom
537565,22139,RETROSPOT TEA SET CERAMIC 11 PC,3,2011-02-11 14:56:00,4.95,12424,United Kingdom
537565,84879,ASSORTED COLOUR BIRD ORNAMENT,8,2011-02-11 14:56:00,1.69,12424,United Kingdom
537566,22961,JAM MAKING SET PRINTED,1,2010-12-08 15:20:00,1.45,12533,United Kingdom
537566,22960,JAM MAKING SET WITH JARS,8,2010-12-08 15:20:00,4.25,12533,United Kingdom
537566,22752,SET 7 BABUSHKA NESTING BOXES,12,2010-12-08 15:20:00,7.65,12533,United Kingdom
537567,22961,JAM MAKING SET PRINTED,6,2011-04-18 13:42:00,1.45,12422,United Kingdom
537567,22960,JAM MAKING SET WITH JARS,4,2011-04-18 13:42:00,4.25,12422,United Kingdom
537567,21034,REX CASH+CARRY JUMBO SHOPPER,4,2011-04-18 13:42:00,0.95,12422,United Kingdom
537567,22139,RETROSPOT TEA SET CERAMIC 11 PC,12,2011-04-18 13:42:00,4.95,12422,United Kingdom
537568,85123A,WHITE HANGING HEART T-LIGHT HOLDER,6,2011-08-13 14:57:00,2.95,12656,United Kingdom
537568,71053,WHITE METAL LANTERN,12,2011-08-13 14:57:00,3.75,12656,United Kingdom
537568,84406B,CREAM CUPID HEARTS COAT HANGER,6,2011-08-13 14:57:00,4.15,12656,United Kingdom
537568,22752,SET 7 BABUSHKA NESTING BOXES,3,2011-08-13 14:57:00,7.65,12656,United Kingdom
537568,21730,GLASS STAR FROSTED T-LIGHT HOLDER,4,2011-08-13 14:57:00,4.25,12656,United Kingdom
537569,20727,LUNCH BAG BLACK SKULL,6,2011-08-11 11:56:00,1.65,12611,France
537569,22382,LUNCH BAG SPACEBOY DESIGN,8,2011-08-11 11:56:00,1.65,12611,France
537569,22086,PAPER CHAIN KIT 50'S CHRISTMAS,2,2011-08-11 11:56:00,2.55,12611,France
537569,20725,LUNCH BAG RED RETROSPOT,3,2011-08-11 11:56:00,1.65,12611,France
537570,21212,PACK OF 72 RETROSPOT CAKE CASES,12,2011-04-24 14:16:00,0.55,12617,United Kingdom
537571,21977,PACK OF 60 PINK PAISLEY CAKE CASES,6,2010-12-10 15:53:00,0.55,12378,United Kingdom
537571,85099B,JUMBO BAG RED RETROSPOT,12,2010-12-10 15:53:00,2.08,12378,United Kingdom
537571,85099C,JUMBO BAG BAROQUE BLACK WHITE,6,2010-12-10 15:53:00,2.08,12378,United Kingdom
537571,22386,JUMBO BAG PINK POLKADOT,6,2010-12-10 15:53:00,2.08,12378,United Kingdom
537572,23166,MEDIUM CERAMIC TOP STORAGE JAR,4,2011-05-19 12:27:00,1.04,12641,United Kingdom
537572,21977,PACK OF 60 PINK PAISLEY CAKE CASES,4,2011-05-19 12:27:00,0.55,12641,United Kingdom
537572,22386,JUMBO BAG PINK POLKADOT,12,2011-05-19 12:27:00,2.08,12641,United Kingdom
537572,84029G,KNITTED UNION FLAG HOT WATER BOTTLE,12,2011-05-19 12:27:00,3.75,12641,United Kingdom
537573,84406B,CREAM CUPID HEARTS COAT HANGER,12,2011-05-10 17:26:00,4.15,12355,United Kingdom
537573,22961,JAM MAKING SET PRINTED,6,2011-05-10 17:26:00,1.45,12355,United Kingdom
537573,22960,JAM MAKING SET WITH JARS,2,2011-05-10 17:26:00,4.25,12355,United Kingdom
537573,22086,PAPER CHAIN KIT 50'S CHRISTMAS,12,2011-05-10 17:26:00,2.55,12355,United Kingdom
537573,20725,LUNCH BAG RED RETROSPOT,8,2011-05-10 17:26:00,1.65,12355,United Kingdom
537573,20727,LUNCH BAG BLACK SKULL,4,2011-05-10 17:26:00,1.65,12355,United Kingdom
537574,21977,PACK OF 60 PINK PAISLEY CAKE CASES,6,2011-04-21 10:53:00,0.55,12740,United Kingdom
537574,21212,PACK OF 72 RETROSPOT CAKE CASES,6,2011-04-21 10:53:00,0.55,12740,United Kingdom
537574,22423,REGENCY CAKESTAND 3 TIER,12,2011-04-21 10:53:00,12.75,12740,United Kingdom
537575,22382,LUNCH BAG SPACEBOY DESIGN,4,2011-02-13 12:50:00,1.65,12633,France
537575,21034,REX CASH+CARRY JUMBO SHOPPER,2,2011-02-13 12:50:00,0.95,12633,France
537575,22138,BAKING SET 9 PIECE RETROSPOT,6,2011-02-13 12:50:00,4.95,12633,France
537575,22632,HAND WARMER RED POLKA DOT,1,2011-02-13 12:50:00,1.85,12633,France
537576,21034,REX CASH+CARRY JUMBO SHOPPER,1,2011-03-10 17:21:00,0.95,12722,EIRE
537576,22139,RETROSPOT TEA SET CERAMIC 11 PC,6,2011-03-10 17:21:00,4.95,12722,EIRE
537576,22138,BAKING SET 9 PIECE RETROSPOT,6,2011-03-10 17:21:00,4.95,12722,EIRE
537576,22386,JUMBO BAG PINK POLKADOT,4,2011-03-10 17:21:00,2.08,12722,EIRE
537577,22720,SET OF 3 CAKE TINS PANTRY DESIGN,8,2011-05-01 08:31:00,4.95,12419,United Kingdom
537577,22423,REGENCY CAKESTAND 3 TIER,3,2011-05-01 08:31:00,12.75,12419,United Kingdom
537577,47566,PARTY BUNTING,12,2011-05-01 08:31:00,4.95,12419,United Kingdom
537578,22633,HAND WARMER UNION JACK,3,2011-05-10 10:29:00,1.85,12734,United Kingdom
537578,22960,JAM MAKING SET WITH JARS,6,2011-05-10 10:29:00,4.25,12734,United Kingdom
537578,21212,PACK OF 72 RETROSPOT CAKE CASES,1,2011-05-10 10:29:00,0.55,12734,United Kingdom
537578,22423,REGENCY CAKESTAND 3 TIER,2,2011-05-10 10:29:00,12.75,12734,United Kingdom
537578,47566,PARTY BUNTING,1,2011-05-10 10:29:00,4.95,12734,United Kingdom
537578,23166,MEDIUM CERAMIC TOP STORAGE JAR,6,2011-05-10 10:29:00,1.04,12734,United Kingdom
537578,21977,PACK OF 60 PINK PAISLEY CAKE CASES,12,2011-05-10 10:29:00,0.55,12734,United Kingdom
537579,22633,HAND WARMER UNION JACK,6,2011-02-11 14:23:00,1.85,12534,United Kingdom
537579,22139,RETROSPOT TEA SET CERAMIC 11 PC,1,2011-02-11 14:23:00,4.95,12534,United Kingdom
537579,22138,BAKING SET 9 PIECE RETROSPOT,6,2011-02-11 14:23:00,4.95,12534,United Kingdom
537579,84879,ASSORTED COLOUR BIRD ORNAMENT,6,2011-02-11 14:23:00,1.69,12534,United Kingdom
537580,22961,JAM MAKING SET PRINTED,3,2011-09-18 09:26:00,1.45,12635,EIRE
537580,22960,JAM MAKING SET WITH JARS,3,2011-09-18 09:26:00,4.25,12635,EIRE
537580,84406B,CREAM CUPID HEARTS COAT HANGER,2,2011-09-18 09:26:00,4.15,12635,EIRE
537580,21977,PACK OF 60 PINK PAISLEY CAKE CASES,3,2011-09-18 09:26:00,0.55,12635,EIRE
537581,84406B,CREAM CUPID HEARTS COAT HANGER,6,2011-03-31 10:18:00,4.15,12711,United Kingdom
537581,22423,REGENCY CAKESTAND 3 TIER,2,2011-03-31 10:18:00,12.75,12711,United Kingdom
537582,22382,LUNCH BAG SPACEBOY DESIGN,2,2011-06-24 16:33:00,1.65,12598,EIRE
537582,22139,RETROSPOT TEA SET CERAMIC 11 PC,4,2011-06-24 16:33:00,4.95,12598,EIRE
537582,22138,BAKING SET 9 PIECE RETROSPOT,12,2011-06-24 16:33:00,4.95,12598,EIRE
537583,85123A,WHITE HANGING HEART T-LIGHT HOLDER,1,2011-01-29 12:44:00,2.95,12427,United Kingdom
537583,84406B,CREAM CUPID HEARTS COAT HANGER,4,2011-01-29 12:44:00,4.15,12427,United Kingdom
537584,20727,LUNCH BAG BLACK SKULL,6,2010-12-22 08:44:00,1.65,12591,United Kingdom
537585,85123A,WHITE HANGING HEART T-LIGHT HOLDER,8,2011-06-17 14:31:00,2.95,12511,EIRE
537585,85099C,JUMBO BAG BAROQUE BLACK WHITE,2,2011-06-17 14:31:00,2.08,12511,EIRE
537585,22386,JUMBO BAG PINK POLKADOT,1,2011-06-17 14:31:00,2.08,12511,EIRE
537586,85123A,WHITE HANGING HEART T-LIGHT HOLDER,6,2011-09-28 08:43:00,2.95,12448,United Kingdom
537586,71053,WHITE METAL LANTERN,3,2011-09-28 08:43:00,3.75,12448,United Kingdom
537586,84406B,CREAM CUPID HEARTS COAT HANGER,8,2011-09-28 08:43:00,4.15,12448,United Kingdom
537586,21730,GLASS STAR FROSTED T-LIGHT HOLDER,4,2011-09-28 08:43:00,4.25,12448,United Kingdom
537586,22386,JUMBO BAG PINK POLKADOT,3,2011-09-28 08:43:00,2.08,12448,United Kingdom
537587,85123A,WHITE HANGING HEART T-LIGHT HOLDER,6,2010-12-04 17:48:00,2.95,12620,United Kingdom
537587,84406B,CREAM CUPID HEARTS COAT HANGER,6,2010-12-04 17:48:00,4.15,12620,United Kingdom
537587,22633,HAND WARMER UNION JACK,4,2010-12-04 17:48:00,1.85,12620,United Kingdom
537587,22632,HAND WARMER RED POLKA DOT,6,2010-12-04 17:48:00,1.85,12620,United Kingdom
537587,21034,REX CASH+CARRY JUMBO SHOPPER,6,2010-12-04 17:48:00,0.95,12620,United Kingdom
537588,85123A,WHITE HANGING HEART T-LIGHT HOLDER,1,2011-01-31 12:58:00,2.95,12547,United Kingdom
537588,84406B,CREAM CUPID HEARTS COAT HANGER,8,2011-01-31 12:58:00,4.15,12547,United Kingdom
537588,22752,SET 7 BABUSHKA NESTING BOXES,2,2011-01-31 12:58:00,7.65,12547,United Kingdom
537588,22633,HAND WARMER UNION JACK,4,2011-01-31 12:58:00,1.85,12547,United Kingdom
537588,22632,HAND WARMER RED POLKA DOT,4,2011-01-31 12:58:00,1.85,12547,United Kingdom
537589,21212,PACK OF 72 RETROSPOT CAKE CASES,1,2011-09-18 13:23:00,0.55,12734,United Kingdom
537589,47566,PARTY BUNTING,4,2011-09-18 13:23:00,4.95,12734,United Kingdom
537590,22139,RETROSPOT TEA SET CERAMIC 11 PC,6,2011-04-09 12:02:00,4.95,12636,United Kingdom
537590,21977,PACK OF 60 PINK PAISLEY CAKE CASES,4,2011-04-09 12:02:00,0.55,12636,United Kingdom
537590,21212,PACK OF 72 RETROSPOT CAKE CASES,12,2011-04-09 12:02:00,0.55,12636,United Kingdom
537590,22423,REGENCY CAKESTAND 3 TIER,8,2011-04-09 12:02:00,12.75,12636,United Kingdom
537591,22382,LUNCH BAG SPACEBOY DESIGN,4,2011-05-17 15:55:00,1.65,12714,United Kingdom
537591,22197,POPCORN HOLDER,2,2011-05-17 15:55:00,0.85,12714,United Kingdom
537591,22960,JAM MAKING SET WITH JARS,2,2011-05-17 15:55:00,4.25,12714,United Kingdom
537592,22960,JAM MAKING SET WITH JARS,12,2010-12-16 17:33:00,4.25,12346,United Kingdom
537593,21212,PACK OF 72 RETROSPOT CAKE CASES,2,2011-09-17 10:36:00,0.55,12541,United Kingdom
537593,22423,REGENCY CAKESTAND 3 TIER,6,2011-09-17 10:36:00,12.75,12541,United Kingdom
537593,23084,RABBIT NIGHT LIGHT,8,2011-09-17 10:36:00,2.08,12541,United Kingdom
537593,22138,BAKING SET 9 PIECE RETROSPOT,1,2011-09-17 10:36:00,4.95,12541,United Kingdom
537593,21977,PACK OF 60 PINK PAISLEY CAKE CASES,6,2011-09-17 10:36:00,0.55,12541,United Kingdom
537594,21977,PACK OF 60 PINK PAISLEY CAKE CASES,1,2010-12-18 09:49:00,0.55,12740,United Kingdom
537594,21212,PACK OF 72 RETROSPOT CAKE CASES,12,2010-12-18 09:49:00,0.55,12740,United Kingdom
537594,22423,REGENCY CAKESTAND 3 TIER,3,2010-12-18 09:49:00,12.75,12740,United Kingdom
537595,85123A,WHITE HANGING HEART T-LIGHT HOLDER,12,2011-01-27 10:16:00,2.95,12353,United Kingdom
537595,22961,JAM MAKING SET PRINTED,2,2011-01-27 10:16:00,1.45,12353,United Kingdom
537595,22086,PAPER CHAIN KIT 50'S CHRISTMAS,3,2011-01-27 10:16:00,2.55,12353,United Kingdom
537595,47566,PARTY BUNTING,4,2011-01-27 10:16:00,4.95,12353,United Kingdom
537595,22386,JUMBO BAG PINK POLKADOT,2,2011-01-27 10:16:00,2.08,12353,United Kingdom
537596,85123A,WHITE HANGING HEART T-LIGHT HOLDER,1,2011-11-13 14:31:00,2.95,12549,United Kingdom
537596,22633,HAND WARMER UNION JACK,2,2011-11-13 14:31:00,1.85,12549,United Kingdom
537596,22423,REGENCY CAKESTAND 3 TIER,6,2011-11-13 14:31:00,12.75,12549,United Kingdom
537596,23166,MEDIUM CERAMIC TOP STORAGE JAR,6,2011-11-13 14:31:00,1.04,12549,United Kingdom
537596,22720,SET OF 3 CAKE TINS PANTRY DESIGN,12,2011-11-13 14:31:00,4.95,12549,United Kingdom
537597,84029G,KNITTED UNION FLAG HOT WATER BOTTLE,12,2011-04-16 09:12:00,3.75,12449,United Kingdom
537598,22382,LUNCH BAG SPACEBOY DESIGN,4,2011-10-29 09:25:00,1.65,12346,Netherlands
537598,22386,JUMBO BAG PINK POLKADOT,1,2011-10-29 09:25:00,2.08,12346,Netherlands
537598,20725,LUNCH BAG RED RETROSPOT,6,2011-10-29 09:25:00,1.65,12346,Netherlands
537599,85099C,JUMBO BAG BAROQUE BLACK WHITE,6,2011-01-15 17:53:00,2.08,12532,Germany
537599,21212,PACK OF 72 RETROSPOT CAKE CASES,3,2011-01-15 17:53:00,0.55,12532,Germany
537599,22138,BAKING SET 9 PIECE RETROSPOT,6,2011-01-15 17:53:00,4.95,12532,Germany
537599,22633,HAND WARMER UNION JACK,6,2011-01-15 17:53:00,1.85,12532,Germany
537600,21730,GLASS STAR FROSTED T-LIGHT HOLDER,12,2011-02-28 17:55:00,4.25,12554,United Kingdom
537600,85099B,JUMBO BAG RED RETROSPOT,8,2011-02-28 17:55:00,2.08,12554,United Kingdom
537600,85099C,JUMBO BAG BAROQUE BLACK WHITE,6,2011-02-28 17:55:00,2.08,12554,United Kingdom
537600,22386,JUMBO BAG PINK POLKADOT,8,2011-02-28 17:55:00,2.08,12554,United Kingdom
537600,21034,REX CASH+CARRY JUMBO SHOPPER,2,2011-02-28 17:55:00,0.95,12554,United Kingdom
537601,22633,HAND WARMER UNION JACK,1,2011-04-09 10:51:00,1.85,12654,United Kingdom
537601,22423,REGENCY CAKESTAND 3 TIER,6,2011-04-09 10:51:00,12.75,12654,United Kingdom
537601,85099C,JUMBO BAG BAROQUE BLACK WHITE,3,2011-04-09 10:51:00,2.08,12654,United Kingdom
537601,22720,SET OF 3 CAKE TINS PANTRY DESIGN,6,2011-04-09 10:51:00,4.95,12654,United Kingdom
537601,22139,RETROSPOT TEA SET CERAMIC 11 PC,3,2011-04-09 10:51:00,4.95,12654,United Kingdom
537601,22138,BAKING SET 9 PIECE RETROSPOT,3,2011-04-09 10:51:00,4.95,12654,United Kingdom
537602,20727,LUNCH BAG BLACK SKULL,1,2011-11-20 14:35:00,1.65,12451,United Kingdom
537602,22382,LUNCH BAG SPACEBOY DESIGN,6,2011-11-20 14:35:00,1.65,12451,United Kingdom
537602,22752,SET 7 BABUSHKA NESTING BOXES,3,2011-11-20 14:35:00,7.65,12451,United Kingdom
537602,71053,WHITE METAL LANTERN,4,2011-11-20 14:35:00,3.75,12451,United Kingdom
537603,84879,ASSORTED COLOUR BIRD ORNAMENT,8,2011-11-29 14:01:00,1.69,12696,United Kingdom
537603,20727,LUNCH BAG BLACK SKULL,4,2011-11-29 14:01:00,1.65,12696,United Kingdom
537603,85099B,JUMBO BAG RED RETROSPOT,6,2011-11-29 14:01:00,2.08,12696,United Kingdom
537603,85099C,JUMBO BAG BAROQUE BLACK WHITE,8,2011-11-29 14:01:00,2.08,12696,United Kingdom
537603,22386,JUMBO BAG PINK POLKADOT,2,2011-11-29 14:01:00,2.08,12696,United Kingdom
537603,21977,PACK OF 60 PINK PAISLEY CAKE CASES,4,2011-11-29 14:01:00,0.55,12696,United Kingdom
537604,22457,NATURAL SLATE HEART CHALKBOARD,2,2011-10-26 15:39:00,2.95,12673,United Kingdom
537604,22752,SET 7 BABUSHKA NESTING BOXES,6,2011-10-26 15:39:00,7.65,12673,United Kingdom
537604,21730,GLASS STAR FROSTED T-LIGHT HOLDER,4,2011-10-26 15:39:00,4.25,12673,United Kingdom
537604,20725,LUNCH BAG RED RETROSPOT,8,2011-10-26 15:39:00,1.65,12673,United Kingdom
537605,85123A,WHITE HANGING HEART T-LIGHT HOLDER,1,2011-03-18 17:10:00,2.95,12501,United Kingdom
537606,84406B,CREAM CUPID HEARTS COAT HANGER,6,2011-05-01 09:43:00,4.15,12361,United Kingdom
537607,22086,PAPER CHAIN KIT 50'S CHRISTMAS,6,2011-01-30 14:52:00,2.55,12577,United Kingdom
537607,84879,ASSORTED COLOUR BIRD ORNAMENT,4,2011-01-30 14:52:00,1.69,12577,United Kingdom
537607,47566,PARTY BUNTING,6,2011-01-30 14:52:00,4.95,12577,United Kingdom
537608,22086,PAPER CHAIN KIT 50'S CHRISTMAS,12,2011-10-14 18:28:00,2.55,12565,France
537608,47566,PARTY BUNTING,1,2011-10-14 18:28:00,4.95,12565,France
537609,22720,SET OF 3 CAKE TINS PANTRY DESIGN,2,2011-05-13 13:31:00,4.95,12601,United Kingdom
537609,22382,LUNCH BAG SPACEBOY DESIGN,8,2011-05-13 13:31:00,1.65,12601,United Kingdom
537610,85123A,WHITE HANGING HEART T-LIGHT HOLDER,12,2011-09-27 18:26:00,2.95,12698,United Kingdom
537610,71053,WHITE METAL LANTERN,2,2011-09-27 18:26:00,3.75,12698,United Kingdom
537610,84879,ASSORTED COLOUR BIRD ORNAMENT,12,2011-09-27 18:26:00,1.69,12698,United Kingdom
537611,47566,PARTY BUNTING,8,2011-09-05 09:35:00,4.95,12475,United Kingdom
537612,47566,PARTY BUNTING,4,2011-05-22 12:08:00,4.95,12729,France
537612,20725,LUNCH BAG RED RETROSPOT,8,2011-05-22 12:08:00,1.65,12729,France
537612,20727,LUNCH BAG BLACK SKULL,2,2011-05-22 12:08:00,1.65,12729,France
537612,22382,LUNCH BAG SPACEBOY DESIGN,1,2011-05-22 12:08:00,1.65,12729,France
537612,22386,JUMBO BAG PINK POLKADOT,3,2011-05-22 12:08:00,2.08,12729,France
537612,22720,SET OF 3 CAKE TINS PANTRY DESIGN,1,2011-05-22 12:08:00,4.95,12729,France
537612,22139,RETROSPOT TEA SET CERAMIC 11 PC,12,2011-05-22 12:08:00,4.95,12729,France
537613,71053,WHITE METAL LANTERN,2,2011-08-15 10:59:00,3.75,12381,United Kingdom
537613,22961,JAM MAKING SET PRINTED,12,2011-08-15 10:59:00,1.45,12381,United Kingdom
537613,85099B,JUMBO BAG RED RETROSPOT,3,2011-08-15 10:59:00,2.08,12381,United Kingdom
537613,23084,RABBIT NIGHT LIGHT,12,2011-08-15 10:59:00,2.08,12381,United Kingdom
537613,22139,RETROSPOT TEA SET CERAMIC 11 PC,6,2011-08-15 10:59:00,4.95,12381,United Kingdom
537613,22138,BAKING SET 9 PIECE RETROSPOT,3,2011-08-15 10:59:00,4.95,12381,United Kingdom
537614,22961,JAM MAKING SET PRINTED,4,2011-04-28 17:51:00,1.45,12366,United Kingdom
537614,22960,JAM MAKING SET WITH JARS,12,2011-04-28 17:51:00,4.25,12366,United Kingdom
537615,22960,JAM MAKING SET WITH JARS,3,2011-04-07 08:54:00,4.25,12594,United Kingdom
537616,22720,SET OF 3 CAKE TINS PANTRY DESIGN,2,2011-05-24 18:24:00,4.95,12460,France
537616,22423,REGENCY CAKESTAND 3 TIER,3,2011-05-24 18:24:00,12.75,12460,France
537617,85123A,WHITE HANGING HEART T-LIGHT HOLDER,6,2011-02-06 18:06:00,2.95,12417,United Kingdom
537617,20727,LUNCH BAG BLACK SKULL,2,2011-02-06 18:06:00,1.65,12417,United Kingdom
537617,85099B,JUMBO BAG RED RETROSPOT,8,2011-02-06 18:06:00,2.08,12417,United Kingdom
537617,85099C,JUMBO BAG BAROQUE BLACK WHITE,12,2011-02-06 18:06:00,2.08,12417,United Kingdom
537617,22386,JUMBO BAG PINK POLKADOT,1,2011-02-06 18:06:00,2.08,12417,United Kingdom
537618,22633,HAND WARMER UNION JACK,6,2011-07-12 17:14:00,1.85,12488,United Kingdom
537618,22632,HAND WARMER RED POLKA DOT,12,2011-07-12 17:14:00,1.85,12488,United Kingdom
537618,84029G,KNITTED UNION FLAG HOT WATER BOTTLE,8,2011-07-12 17:14:00,3.75,12488,United Kingdom
537618,85099C,JUMBO BAG BAROQUE BLACK WHITE,4,2011-07-12 17:14:00,2.08,12488,United Kingdom
537618,22138,BAKING SET 9 PIECE RETROSPOT,3,2011-07-12 17:14:00,4.95,12488,United Kingdom
537619,21212,PACK OF 72 RETROSPOT CAKE CASES,6,2010-12-13 10:35:00,0.55,12407,Netherlands
537619,22423,REGENCY CAKESTAND 3 TIER,12,2010-12-13 10:35:00,12.75,12407,Netherlands
537619,22382,LUNCH BAG SPACEBOY DESIGN,2,2010-12-13 10:35:00,1.65,12407,Netherlands
537619,85099C,JUMBO BAG BAROQUE BLACK WHITE,3,2010-12-13 10:35:00,2.08,12407,Netherlands
537619,21977,PACK OF 60 PINK PAISLEY CAKE CASES,8,2010-12-13 10:35:00,0.55,12407,Netherlands
537620,85123A,WHITE HANGING HEART T-LIGHT HOLDER,1,2011-09-13 08:44:00,2.95,12405,United Kingdom
537620,71053,WHITE METAL LANTERN,2,2011-09-13 08:44:00,3.75,12405,United Kingdom
537620,22961,JAM MAKING SET PRINTED,6,2011-09-13 08:44:00,1.45,12405,United Kingdom
537620,22960,JAM MAKING SET WITH JARS,1,2011-09-13 08:44:00,4.25,12405,United Kingdom
537620,21212,PACK OF 72 RETROSPOT CAKE CASES,6,2011-09-13 08:44:00,0.55,12405,United Kingdom
537621,85099C,JUMBO BAG BAROQUE BLACK WHITE,12,2011-05-13 12:25:00,2.08,12416,France
537622,85123A,WHITE HANGING HEART T-LIGHT HOLDER,3,2011-08-03 11:36:00,2.95,12590,United Kingdom
537622,84406B,CREAM CUPID HEARTS COAT HANGER,3,2011-08-03 11:36:00,4.15,12590,United Kingdom
537623,23166,MEDIUM CERAMIC TOP STORAGE JAR,3,2011-02-13 10:00:00,1.04,12607,EIRE
537624,71053,WHITE METAL LANTERN,8,2011-10-17 15:23:00,3.75,12472,United Kingdom
537624,22423,REGENCY CAKESTAND 3 TIER,1,2011-10-17 15:23:00,12.75,12472,United Kingdom
537625,22086,PAPER CHAIN KIT 50'S CHRISTMAS,3,2011-06-21 08:42:00,2.55,12510,United Kingdom
537625,47566,PARTY BUNTING,12,2011-06-21 08:42:00,4.95,12510,United Kingdom
537625,23084,RABBIT NIGHT LIGHT,8,2011-06-21 08:42:00,2.08,12510,United Kingdom
537626,85123A,WHITE HANGING HEART T-LIGHT HOLDER,2,2011-10-22 10:45:00,2.95,12676,EIRE
537626,22633,HAND WARMER UNION JACK,2,2011-10-22 10:45:00,1.85,12676,EIRE
537626,22632,HAND WARMER RED POLKA DOT,3,2011-10-22 10:45:00,1.85,12676,EIRE
537626,84029G,KNITTED UNION FLAG HOT WATER BOTTLE,1,2011-10-22 10:45:00,3.75,12676,EIRE
537626,22423,REGENCY CAKESTAND 3 TIER,6,2011-10-22 10:45:00,12.75,12676,EIRE
537626,22197,POPCORN HOLDER,6,2011-10-22 10:45:00,0.85,12676,EIRE
537627,85123A,WHITE HANGING HEART T-LIGHT HOLDER,12,2011-04-23 16:11:00,2.95,12547,United Kingdom
537627,84406B,CREAM CUPID HEARTS COAT HANGER,12,2011-04-23 16:11:00,4.15,12547,United Kingdom
537627,22960,JAM MAKING SET WITH JARS,8,2011-04-23 16:11:00,4.25,12547,United Kingdom
537627,22086,PAPER CHAIN KIT 50'S CHRISTMAS,3,2011-04-23 16:11:00,2.55,12547,United Kingdom
537627,22139,RETROSPOT TEA SET CERAMIC 11 PC,12,2011-04-23 16:11:00,4.95,12547,United Kingdom
537627,21977,PACK OF 60 PINK PAISLEY CAKE CASES,6,2011-04-23 16:11:00,0.55,12547,United Kingdom
537628,22633,HAND WARMER UNION JACK,6,2011-11-20 15:51:00,1.85,12392,Spain
537628,22632,HAND WARMER RED POLKA DOT,6,2011-11-20 15:51:00,1.85,12392,Spain
537628,84029G,KNITTED UNION FLAG HOT WATER BOTTLE,4,2011-11-20 15:51:00,3.75,12392,Spain
537628,22961,JAM MAKING SET PRINTED,6,2011-11-20 15:51:00,1.45,12392,Spain
537628,85099B,JUMBO BAG RED RETROSPOT,6,2011-11-20 15:51:00,2.08,12392,Spain
537629,22961,JAM MAKING SET PRINTED,8,2011-09-16 11:52:00,1.45,12468,United Kingdom
537629,22423,REGENCY CAKESTAND 3 TIER,4,2011-09-16 11:52:00,12.75,12468,United Kingdom
537629,85099B,JUMBO BAG RED RETROSPOT,3,2011-09-16 11:52:00,2.08,12468,United Kingdom
537629,85099C,JUMBO BAG BAROQUE BLACK WHITE,6,2011-09-16 11:52:00,2.08,12468,United Kingdom
537629,22386,JUMBO BAG PINK POLKADOT,4,2011-09-16 11:52:00,2.08,12468,United Kingdom
537630,22633,HAND WARMER UNION JACK,2,2011-11-17 14:15:00,1.85,12697,Spain
537630,21212,PACK OF 72 RETROSPOT CAKE CASES,6,2011-11-17 14:15:00,0.55,12697,Spain
537630,22423,REGENCY CAKESTAND 3 TIER,4,2011-11-17 14:15:00,12.75,12697,Spain
537630,20727,LUNCH BAG BLACK SKULL,4,2011-11-17 14:15:00,1.65,12697,Spain
537630,23166,MEDIUM CERAMIC TOP STORAGE JAR,6,2011-11-17 14:15:00,1.04,12697,Spain
537630,21977,PACK OF 60 PINK PAISLEY CAKE CASES,3,2011-11-17 14:15:00,0.55,12697,Spain
537631,21730,GLASS STAR FROSTED T-LIGHT HOLDER,6,2011-08-12 13:45:00,4.25,12677,United Kingdom
537631,22086,PAPER CHAIN KIT 50'S CHRISTMAS,2,2011-08-12 13:45:00,2.55,12677,United Kingdom
537631,47566,PARTY BUNTING,6,2011-08-12 13:45:00,4.95,12677,United Kingdom
537631,20725,LUNCH BAG RED RETROSPOT,2,2011-08-12 13:45:00,1.65,12677,United Kingdom
537631,20727,LUNCH BAG BLACK SKULL,8,2011-08-12 13:45:00,1.65,12677,United Kingdom
537631,22382,LUNCH BAG SPACEBOY DESIGN,8,2011-08-12 13:45:00,1.65,12677,United Kingdom
537632,22382,LUNCH BAG SPACEBOY DESIGN,6,2011-01-04 12:21:00,1.65,12347,United Kingdom
537632,23166,MEDIUM CERAMIC TOP STORAGE JAR,8,2011-01-04 12:21:00,1.04,12347,United Kingdom
537632,21977,PACK OF 60 PINK PAISLEY CAKE CASES,4,2011-01-04 12:21:00,0.55,12347,United Kingdom
537633,22752,SET 7 BABUSHKA NESTING BOXES,3,2010-12-27 15:10:00,7.65,12482,France
537633,22086,PAPER CHAIN KIT 50'S CHRISTMAS,3,2010-12-27 15:10:00,2.55,12482,France
537633,84879,ASSORTED COLOUR BIRD ORNAMENT,2,2010-12-27 15:10:00,1.69,12482,France
537633,22423,REGENCY CAKESTAND 3 TIER,6,2010-12-27 15:10:00,12.75,12482,France
537633,22720,SET OF 3 CAKE TINS PANTRY DESIGN,1,2010-12-27 15:10:00,4.95,12482,France
537634,22961,JAM MAKING SET PRINTED,8,2011-01-05 12:36:00,1.45,12367,Spain
537634,22960,JAM MAKING SET WITH JARS,4,2011-01-05 12:36:00,4.25,12367,Spain
537635,22960,JAM MAKING SET WITH JARS,4,2011-11-04 17:33:00,4.25,12366,United Kingdom
537635,22086,PAPER CHAIN KIT 50'S CHRISTMAS,4,2011-11-04 17:33:00,2.55,12366,United Kingdom
537635,22423,REGENCY CAKESTAND 3 TIER,4,2011-11-04 17:33:00,12.75,12366,United Kingdom
537635,47566,PARTY BUNTING,6,2011-11-04 17:33:00,4.95,12366,United Kingdom
537636,22633,HAND WARMER UNION JACK,8,2011-05-31 11:39:00,1.85,12628,United Kingdom
537636,85099B,JUMBO BAG RED RETROSPOT,4,2011-05-31 11:39:00,2.08,12628,United Kingdom
537636,85099C,JUMBO BAG BAROQUE BLACK WHITE,1,2011-05-31 11:39:00,2.08,12628,United Kingdom
537636,22386,JUMBO BAG PINK POLKADOT,3,2011-05-31 11:39:00,2.08,12628,United Kingdom
537637,84029G,KNITTED UNION FLAG HOT WATER BOTTLE,3,2011-09-19 17:47:00,3.75,12392,France
537637,21212,PACK OF 72 RETROSPOT CAKE CASES,3,2011-09-19 17:47:00,0.55,12392,France
537637,22423,REGENCY CAKESTAND 3 TIER,4,2011-09-19 17:47:00,12.75,12392,France
537637,47566,PARTY BUNTING,6,2011-09-19 17:47:00,4.95,12392,France
537637,21977,PACK OF 60 PINK PAISLEY CAKE CASES,2,2011-09-19 17:47:00,0.55,12392,France
537638,84029G,KNITTED UNION FLAG HOT WATER BOTTLE,2,2011-04-02 12:57:00,3.75,12347,Netherlands
537638,47566,PARTY BUNTING,2,2011-04-02 12:57:00,4.95,12347,Netherlands
537638,22632,HAND WARMER RED POLKA DOT,8,2011-04-02 12:57:00,1.85,12347,Netherlands
537639,85123A,WHITE HANGING HEART T-LIGHT HOLDER,6,2011-07-16 15:39:00,2.95,12710,United Kingdom
537639,22382,LUNCH BAG SPACEBOY DESIGN,4,2011-07-16 15:39:00,1.65,12710,United Kingdom
537639,22720,SET OF 3 CAKE TINS PANTRY DESIGN,12,2011-07-16 15:39:00,4.95,12710,United Kingdom
537640,22197,POPCORN HOLDER,4,2011-08-26 13:50:00,0.85,12569,United Kingdom
537640,22086,PAPER CHAIN KIT 50'S CHRISTMAS,6,2011-08-26 13:50:00,2.55,12569,United Kingdom
537640,21034,REX CASH+CARRY JUMBO SHOPPER,3,2011-08-26 13:50:00,0.95,12569,United Kingdom
537640,47566,PARTY BUNTING,2,2011-08-26 13:50:00,4.95,12569,United Kingdom
537641,22961,JAM MAKING SET PRINTED,4,2011-11-23 14:40:00,1.45,12653,United Kingdom
537641,84879,ASSORTED COLOUR BIRD ORNAMENT,6,2011-11-23 14:40:00,1.69,12653,United Kingdom
537641,85099B,JUMBO BAG RED RETROSPOT,4,2011-11-23 14:40:00,2.08,12653,United Kingdom
537641,85099C,JUMBO BAG BAROQUE BLACK WHITE,8,2011-11-23 14:40:00,2.08,12653,United Kingdom
537641,22386,JUMBO BAG PINK POLKADOT,12,2011-11-23 14:40:00,2.08,12653,United Kingdom
537642,85123A,WHITE HANGING HEART T-LIGHT HOLDER,8,2011-11-17 17:45:00,2.95,12358,United Kingdom
537642,71053,WHITE METAL LANTERN,1,2011-11-17 17:45:00,3.75,12358,United Kingdom
537642,21730,GLASS STAR FROSTED T-LIGHT HOLDER,12,2011-11-17 17:45:00,4.25,12358,United Kingdom
537642,21212,PACK OF 72 RETROSPOT CAKE CASES,8,2011-11-17 17:45:00,0.55,12358,United Kingdom
537642,23166,MEDIUM CERAMIC TOP STORAGE JAR,12,2011-11-17 17:45:00,1.04,12358,United Kingdom
537643,22633,HAND WARMER UNION JACK,3,2011-01-15 14:46:00,1.85,12563,United Kingdom
537643,20725,LUNCH BAG RED RETROSPOT,4,2011-01-15 14:46:00,1.65,12563,United Kingdom
537643,85099B,JUMBO BAG RED RETROSPOT,4,2011-01-15 14:46:00,2.08,12563,United Kingdom
537643,85099C,JUMBO BAG BAROQUE BLACK WHITE,1,2011-01-15 14:46:00,2.08,12563,United Kingdom
537643,22386,JUMBO BAG PINK POLKADOT,8,2011-01-15 14:46:00,2.08,12563,United Kingdom
537644,85123A,WHITE HANGING HEART T-LIGHT HOLDER,6,2010-12-25 11:35:00,2.95,12532,United Kingdom
537644,84406B,CREAM CUPID HEARTS COAT HANGER,2,2010-12-25 11:35:00,4.15,12532,United Kingdom
537645,22139,RETROSPOT TEA SET CERAMIC 11 PC,3,2011-04-10 15:39:00,4.95,12614,United Kingdom
537645,22138,BAKING SET 9 PIECE RETROSPOT,4,2011-04-10 15:39:00,4.95,12614,United Kingdom
537645,21977,PACK OF 60 PINK PAISLEY CAKE CASES,8,2011-04-10 15:39:00,0.55,12614,United Kingdom
537646,71053,WHITE METAL LANTERN,3,2011-02-24 16:34:00,3.75,12505,United Kingdom
537646,23166,MEDIUM CERAMIC TOP STORAGE JAR,6,2011-02-24 16:34:00,1.04,12505,United Kingdom
537646,85099B,JUMBO BAG RED RETROSPOT,12,2011-02-24 16:34:00,2.08,12505,United Kingdom
537646,22457,NATURAL SLATE HEART CHALKBOARD,8,2011-02-24 16:34:00,2.95,12505,United Kingdom
537647,22633,HAND WARMER UNION JACK,2,2011-03-31 09:21:00,1.85,12431,United Kingdom
537647,22632,HAND WARMER RED POLKA DOT,6,2011-03-31 09:21:00,1.85,12431,United Kingdom
537647,84029G,KNITTED UNION FLAG HOT WATER BOTTLE,3,2011-03-31 09:21:00,3.75,12431,United Kingdom
537648,22382,LUNCH BAG SPACEBOY DESIGN,3,2011-02-02 16:05:00,1.65,12619,United Kingdom
537649,85123A,WHITE HANGING HEART T-LIGHT HOLDER,1,2010-12-05 14:24:00,2.95,12471,United Kingdom
537649,20727,LUNCH BAG BLACK SKULL,8,2010-12-05 14:24:00,1.65,12471,United Kingdom
537649,21034,REX CASH+CARRY JUMBO SHOPPER,3,2010-12-05 14:24:00,0.95,12471,United Kingdom
537650,22457,NATURAL SLATE HEART CHALKBOARD,6,2010-12-25 15:39:00,2.95,12431,United Kingdom
537650,22086,PAPER CHAIN KIT 50'S CHRISTMAS,12,2010-12-25 15:39:00,2.55,12431,United Kingdom
537650,23166,MEDIUM CERAMIC TOP STORAGE JAR,4,2010-12-25 15:39:00,1.04,12431,United Kingdom
537650,47566,PARTY BUNTING,12,2010-12-25 15:39:00,4.95,12431,United Kingdom
537651,22086,PAPER CHAIN KIT 50'S CHRISTMAS,2,2011-11-29 10:15:00,2.55,12435,United Kingdom
537651,47566,PARTY BUNTING,8,2011-11-29 10:15:00,4.95,12435,United Kingdom
537652,22382,LUNCH BAG SPACEBOY DESIGN,8,2010-12-01 12:59:00,1.65,12415,EIRE
537652,23084,RABBIT NIGHT LIGHT,12,2010-12-01 12:59:00,2.08,12415,EIRE
537653,22720,SET OF 3 CAKE TINS PANTRY DESIGN,8,2011-08-24 14:20:00,4.95,12677,Netherlands
537653,22961,JAM MAKING SET PRINTED,3,2011-08-24 14:20:00,1.45,12677,Netherlands
537653,20727,LUNCH BAG BLACK SKULL,12,2011-08-24 14:20:00,1.65,12677,Netherlands
537654,22197,POPCORN HOLDER,8,2010-12-19 11:34:00,0.85,12410,United Kingdom
537655,21977,PACK OF 60 PINK PAISLEY CAKE CASES,4,2011-06-11 12:53:00,0.55,12541,United Kingdom
537655,21212,PACK OF 72 RETROSPOT CAKE CASES,8,2011-06-11 12:53:00,0.55,12541,United Kingdom
537655,22423,REGENCY CAKESTAND 3 TIER,3,2011-06-11 12:53:00,12.75,12541,United Kingdom
537656,22961,JAM MAKING SET PRINTED,4,2011-09-29 11:11:00,1.45,12576,United Kingdom
537656,22960,JAM MAKING SET WITH JARS,12,2011-09-29 11:11:00,4.25,12576,United Kingdom
537657,71053,WHITE METAL LANTERN,4,2011-08-07 14:59:00,3.75,12475,Germany
537657,21730,GLASS STAR FROSTED T-LIGHT HOLDER,3,2011-08-07 14:59:00,4.25,12475,Germany
537657,21212,PACK OF 72 RETROSPOT CAKE CASES,2,2011-08-07 14:59:00,0.55,12475,Germany
537657,22423,REGENCY CAKESTAND 3 TIER,6,2011-08-07 14:59:00,12.75,12475,Germany
537657,21977,PACK OF 60 PINK PAISLEY CAKE CASES,6,2011-08-07 14:59:00,0.55,12475,Germany
537658,22960,JAM MAKING SET WITH JARS,6,2011-05-29 16:28:00,4.25,12373,United Kingdom
537658,84406B,CREAM CUPID HEARTS COAT HANGER,12,2011-05-29 16:28:00,4.15,12373,United Kingdom
537658,22197,POPCORN HOLDER,1,2011-05-29 16:28:00,0.85,12373,United Kingdom
537659,85123A,WHITE HANGING HEART T-LIGHT HOLDER,2,2011-01-04 13:51:00,2.95,12591,United Kingdom
537659,84406B,CREAM CUPID HEARTS COAT HANGER,3,2011-01-04 13:51:00,4.15,12591,United Kingdom
537660,85123A,WHITE HANGING HEART T-LIGHT HOLDER,6,2011-11-30 16:47:00,2.95,12727,United Kingdom
537660,21212,PACK OF 72 RETROSPOT CAKE CASES,12,2011-11-30 16:47:00,0.55,12727,United Kingdom
537660,84879,ASSORTED COLOUR BIRD ORNAMENT,6,2011-11-30 16:47:00,1.69,12727,United Kingdom
537660,22423,REGENCY CAKESTAND 3 TIER,6,2011-11-30 16:47:00,12.75,12727,United Kingdom
537660,47566,PARTY BUNTING,6,2011-11-30 16:47:00,4.95,12727,United Kingdom
537660,21977,PACK OF 60 PINK PAISLEY CAKE CASES,6,2011-11-30 16:47:00,0.55,12727,United Kingdom
537661,22720,SET OF 3 CAKE TINS PANTRY DESIGN,2,2011-08-22 17:37:00,4.95,12372,Germany
537661,20727,LUNCH BAG BLACK SKULL,3,2011-08-22 17:37:00,1.65,12372,Germany
537661,71053,WHITE METAL LANTERN,8,2011-08-22 17:37:00,3.75,12372,Germany
537662,21977,PACK OF 60 PINK PAISLEY CAKE CASES,8,2011-11-04 16:16:00,0.55,12515,United Kingdom
537662,21212,PACK OF 72 RETROSPOT CAKE CASES,6,2011-11-04 16:16:00,0.55,12515,United Kingdom
537662,22423,REGENCY CAKESTAND 3 TIER,8,2011-11-04 16:16:00,12.75,12515,United Kingdom
537663,22423,REGENCY CAKESTAND 3 TIER,4,2010-12-22 08:49:00,12.75,12458,United Kingdom
537664,21977,PACK OF 60 PINK PAISLEY CAKE CASES,2,2011-02-16 15:05:00,0.55,12559,Netherlands
537664,21212,PACK OF 72 RETROSPOT CAKE CASES,3,2011-02-16 15:05:00,0.55,12559,Netherlands
537664,22423,REGENCY CAKESTAND 3 TIER,1,2011-02-16 15:05:00,12.75,12559,Netherlands
537665,21977,PACK OF 60 PINK PAISLEY CAKE CASES,12,2011-08-05 09:44:00,0.55,12481,Germany
537666,22961,JAM MAKING SET PRINTED,6,2011-01-10 16:21:00,1.45,12404,United Kingdom
537666,22382,LUNCH BAG SPACEBOY DESIGN,6,2011-01-10 16:21:00,1.65,12404,United Kingdom
537666,23166,MEDIUM CERAMIC TOP STORAGE JAR,3,2011-01-10 16:21:00,1.04,12404,United Kingdom
537666,85099B,JUMBO BAG RED RETROSPOT,6,2011-01-10 16:21:00,2.08,12404,United Kingdom
537666,85099C,JUMBO BAG BAROQUE BLACK WHITE,4,2011-01-10 16:21:00,2.08,12404,United Kingdom
537666,22386,JUMBO BAG PINK POLKADOT,4,2011-01-10 16:21:00,2.08,12404,United Kingdom
537667,23084,RABBIT NIGHT LIGHT,8,2011-07-11 15:47:00,2.08,12357,United Kingdom
537667,20725,LUNCH BAG RED RETROSPOT,1,2011-07-11 15:47:00,1.65,12357,United Kingdom
537668,21977,PACK OF 60 PINK PAISLEY CAKE CASES,3,2011-05-03 12:36:00,0.55,12648,United Kingdom
537668,21212,PACK OF 72 RETROSPOT CAKE CASES,2,2011-05-03 12:36:00,0.55,12648,United Kingdom
537668,22423,REGENCY CAKESTAND 3 TIER,6,2011-05-03 12:36:00,12.75,12648,United Kingdom
537668,47566,PARTY BUNTING,8,2011-05-03 12:36:00,4.95,12648,United Kingdom
537669,22197,POPCORN HOLDER,12,2011-06-23 15:06:00,0.85,12726,United Kingdom
537669,21977,PACK OF 60 PINK PAISLEY CAKE CASES,2,2011-06-23 15:06:00,0.55,12726,United Kingdom
537669,21212,PACK OF 72 RETROSPOT CAKE CASES,6,2011-06-23 15:06:00,0.55,12726,United Kingdom
537669,22423,REGENCY CAKESTAND 3 TIER,1,2011-06-23 15:06:00,12.75,12726,United Kingdom
537670,85123A,WHITE HANGING HEART T-LIGHT HOLDER,6,2011-06-26 14:39:00,2.95,12569,United Kingdom
537670,71053,WHITE METAL LANTERN,4,2011-06-26 14:39:00,3.75,12569,United Kingdom
537670,22752,SET 7 BABUSHKA NESTING BOXES,12,2011-06-26 14:39:00,7.65,12569,United Kingdom
537670,21730,GLASS STAR FROSTED T-LIGHT HOLDER,12,2011-06-26 14:39:00,4.25,12569,United Kingdom
537670,21212,PACK OF 72 RETROSPOT CAKE CASES,8,2011-06-26 14:39:00,0.55,12569,United Kingdom
537671,22086,PAPER CHAIN KIT 50'S CHRISTMAS,3,2011-03-20 14:57:00,2.55,12647,United Kingdom
537671,47566,PARTY BUNTING,6,2011-03-20 14:57:00,4.95,12647,United Kingdom
537672,85123A,WHITE HANGING HEART T-LIGHT HOLDER,8,2011-06-11 09:36:00,2.95,12649,United Kingdom
537672,71053,WHITE METAL LANTERN,12,2011-06-11 09:36:00,3.75,12649,United Kingdom
537672,21730,GLASS STAR FROSTED T-LIGHT HOLDER,2,2011-06-11 09:36:00,4.25,12649,United Kingdom
537672,22382,LUNCH BAG SPACEBOY DESIGN,3,2011-06-11 09:36:00,1.65,12649,United Kingdom
537673,23166,MEDIUM CERAMIC TOP STORAGE JAR,2,2010-12-02 15:41:00,1.04,12372,United Kingdom
537673,85099B,JUMBO BAG RED RETROSPOT,1,2010-12-02 15:41:00,2.08,12372,United Kingdom
537673,85099C,JUMBO BAG BAROQUE BLACK WHITE,3,2010-12-02 15:41:00,2.08,12372,United Kingdom
537673,22386,JUMBO BAG PINK POLKADOT,6,2010-12-02 15:41:00,2.08,12372,United Kingdom
537674,85123A,WHITE HANGING HEART T-LIGHT HOLDER,3,2011-01-21 09:07:00,2.95,12515,United Kingdom
537674,21034,REX CASH+CARRY JUMBO SHOPPER,8,2011-01-21 09:07:00,0.95,12515,United Kingdom
537674,21977,PACK OF 60 PINK PAISLEY CAKE CASES,12,2011-01-21 09:07:00,0.55,12515,United Kingdom
537674,22632,HAND WARMER RED POLKA DOT,2,2011-01-21 09:07:00,1.85,12515,United Kingdom
537675,22086,PAPER CHAIN KIT 50'S CHRISTMAS,12,2011-09-30 13:09:00,2.55,12482,EIRE
537675,84406B,CREAM CUPID HEARTS COAT HANGER,6,2011-09-30 13:09:00,4.15,12482,EIRE
537675,21730,GLASS STAR FROSTED T-LIGHT HOLDER,3,2011-09-30 13:09:00,4.25,12482,EIRE
537675,47566,PARTY BUNTING,2,2011-09-30 13:09:00,4.95,12482,EIRE
537676,85099B,JUMBO BAG RED RETROSPOT,12,2011-10-07 12:14:00,2.08,12600,United Kingdom
537676,85099C,JUMBO BAG BAROQUE BLACK WHITE,12,2011-10-07 12:14:00,2.08,12600,United Kingdom
537676,22386,JUMBO BAG PINK POLKADOT,6,2011-10-07 12:14:00,2.08,12600,United Kingdom
537677,22086,PAPER CHAIN KIT 50'S CHRISTMAS,4,2011-05-06 13:11:00,2.55,12606,United Kingdom
537677,21212,PACK OF 72 RETROSPOT CAKE CASES,4,2011-05-06 13:11:00,0.55,12606,United Kingdom
537677,22423,REGENCY CAKESTAND 3 TIER,12,2011-05-06 13:11:00,12.75,12606,United Kingdom
537677,85099C,JUMBO BAG BAROQUE BLACK WHITE,3,2011-05-06 13:11:00,2.08,12606,United Kingdom
537677,21977,PACK OF 60 PINK PAISLEY CAKE CASES,3,2011-05-06 13:11:00,0.55,12606,United Kingdom
537678,22720,SET OF 3 CAKE TINS PANTRY DESIGN,2,2011-01-10 09:07:00,4.95,12364,United Kingdom
537678,21730,GLASS STAR FROSTED T-LIGHT HOLDER,6,2011-01-10 09:07:00,4.25,12364,United Kingdom
537678,22423,REGENCY CAKESTAND 3 TIER,6,2011-01-10 09:07:00,12.75,12364,United Kingdom
537679,22633,HAND WARMER UNION JACK,4,2011-05-13 17:45:00,1.85,12698,France
537679,22632,HAND WARMER RED POLKA DOT,12,2011-05-13 17:45:00,1.85,12698,France
537679,84029G,KNITTED UNION FLAG HOT WATER BOTTLE,1,2011-05-13 17:45:00,3.75,12698,France
537679,22960,JAM MAKING SET WITH JARS,6,2011-05-13 17:45:00,4.25,12698,France
537679,23166,MEDIUM CERAMIC TOP STORAGE JAR,3,2011-05-13 17:45:00,1.04,12698,France
537679,23084,RABBIT NIGHT LIGHT,8,2011-05-13 17:45:00,2.08,12698,France
537679,21977,PACK OF 60 PINK PAISLEY CAKE CASES,4,2011-05-13 17:45:00,0.55,12698,France
537680,84879,ASSORTED COLOUR BIRD ORNAMENT,6,2011-01-03 08:32:00,1.69,12522,United Kingdom
537680,22423,REGENCY CAKESTAND 3 TIER,12,2011-01-03 08:32:00,12.75,12522,United Kingdom
537680,85099C,JUMBO BAG BAROQUE BLACK WHITE,3,2011-01-03 08:32:00,2.08,12522,United Kingdom
537680,22720,SET OF 3 CAKE TINS PANTRY DESIGN,6,2011-01-03 08:32:00,4.95,12522,United Kingdom
537680,22457,NATURAL SLATE HEART CHALKBOARD,8,2011-01-03 08:32:00,2.95,12522,United Kingdom
537681,22961,JAM MAKING SET PRINTED,12,2011-05-11 18:25:00,1.45,12683,United Kingdom
537681,22960,JAM MAKING SET WITH JARS,6,2011-05-11 18:25:00,4.25,12683,United Kingdom
537681,84406B,CREAM CUPID HEARTS COAT HANGER,3,2011-05-11 18:25:00,4.15,12683,United Kingdom
537681,22423,REGENCY CAKESTAND 3 TIER,1,2011-05-11 18:25:00,12.75,12683,United Kingdom
537682,23084,RABBIT NIGHT LIGHT,3,2011-04-02 17:08:00,2.08,12417,France
537683,85123A,WHITE HANGING HEART T-LIGHT HOLDER,12,2010-12-20 09:10:00,2.95,12559,United Kingdom
537683,22752,SET 7 BABUSHKA NESTING BOXES,4,2010-12-20 09:10:00,7.65,12559,United Kingdom
537683,22086,PAPER CHAIN KIT 50'S CHRISTMAS,4,2010-12-20 09:10:00,2.55,12559,United Kingdom
537683,21212,PACK OF 72 RETROSPOT CAKE CASES,3,2010-12-20 09:10:00,0.55,12559,United Kingdom
537684,85123A,WHITE HANGING HEART T-LIGHT HOLDER,8,2011-11-14 16:47:00,2.95,12516,EIRE
537684,84406B,CREAM CUPID HEARTS COAT HANGER,1,2011-11-14 16:47:00,4.15,12516,EIRE
537684,22632,HAND WARMER RED POLKA DOT,12,2011-11-14 16:47:00,1.85,12516,EIRE
537684,22197,POPCORN HOLDER,6,2011-11-14 16:47:00,0.85,12516,EIRE
537684,21977,PACK OF 60 PINK PAISLEY CAKE CASES,12,2011-11-14 16:47:00,0.55,12516,EIRE
537685,22633,HAND WARMER UNION JACK,12,2011-04-25 13:31:00,1.85,12368,United Kingdom
537685,22632,HAND WARMER RED POLKA DOT,4,2011-04-25 13:31:00,1.85,12368,United Kingdom
537685,84029G,KNITTED UNION FLAG HOT WATER BOTTLE,6,2011-04-25 13:31:00,3.75,12368,United Kingdom
537685,22423,REGENCY CAKESTAND 3 TIER,4,2011-04-25 13:31:00,12.75,12368,United Kingdom
537685,21034,REX CASH+CARRY JUMBO SHOPPER,12,2011-04-25 13:31:00,0.95,12368,United Kingdom
537685,22138,BAKING SET 9 PIECE RETROSPOT,6,2011-04-25 13:31:00,4.95,12368,United Kingdom
537686,22961,JAM MAKING SET PRINTED,1,2011-10-30 09:22:00,1.45,12499,United Kingdom
537686,22086,PAPER CHAIN KIT 50'S CHRISTMAS,4,2011-10-30 09:22:00,2.55,12499,United Kingdom
537686,84879,ASSORTED COLOUR BIRD ORNAMENT,1,2011-10-30 09:22:00,1.69,12499,United Kingdom
537686,47566,PARTY BUNTING,4,2011-10-30 09:22:00,4.95,12499,United Kingdom
537687,22633,HAND WARMER UNION JACK,8,2011-04-02 14:30:00,1.85,12576,United Kingdom
537687,22632,HAND WARMER RED POLKA DOT,1,2011-04-02 14:30:00,1.85,12576,United Kingdom
537687,84029G,KNITTED UNION FLAG HOT WATER BOTTLE,6,2011-04-02 14:30:00,3.75,12576,United Kingdom
537687,22382,LUNCH BAG SPACEBOY DESIGN,1,2011-04-02 14:30:00,1.65,12576,United Kingdom
537687,21034,REX CASH+CARRY JUMBO SHOPPER,12,2011-04-02 14:30:00,0.95,12576,United Kingdom
537688,21977,PACK OF 60 PINK PAISLEY CAKE CASES,8,2011-03-20 17:12:00,0.55,12643,Spain
537688,22633,HAND WARMER UNION JACK,6,2011-03-20 17:12:00,1.85,12643,Spain
537688,22632,HAND WARMER RED POLKA DOT,3,2011-03-20 17:12:00,1.85,12643,Spain
537688,84029G,KNITTED UNION FLAG HOT WATER BOTTLE,4,2011-03-20 17:12:00,3.75,12643,Spain
537689,22720,SET OF 3 CAKE TINS PANTRY DESIGN,2,2011-11-16 14:35:00,4.95,12353,United Kingdom
537689,22423,REGENCY CAKESTAND 3 TIER,3,2011-11-16 14:35:00,12.75,12353,United Kingdom
537690,22139,RETROSPOT TEA SET CERAMIC 11 PC,8,2011-04-12 11:12:00,4.95,12729,United Kingdom
537690,22138,BAKING SET 9 PIECE RETROSPOT,4,2011-04-12 11:12:00,4.95,12729,United Kingdom
537691,85123A,WHITE HANGING HEART T-LIGHT HOLDER,2,2011-02-22 13:36:00,2.95,12719,United Kingdom
537691,84406B,CREAM CUPID HEARTS COAT HANGER,1,2011-02-22 13:36:00,4.15,12719,United Kingdom
537691,85099B,JUMBO BAG RED RETROSPOT,4,2011-02-22 13:36:00,2.08,12719,United Kingdom
537691,21730,GLASS STAR FROSTED T-LIGHT HOLDER,2,2011-02-22 13:36:00,4.25,12719,United Kingdom
537692,85123A,WHITE HANGING HEART T-LIGHT HOLDER,6,2011-04-18 10:37:00,2.95,12744,Germany
537692,84406B,CREAM CUPID HEARTS COAT HANGER,2,2011-04-18 10:37:00,4.15,12744,Germany
537692,22752,SET 7 BABUSHKA NESTING BOXES,6,2011-04-18 10:37:00,7.65,12744,Germany
537692,47566,PARTY BUNTING,2,2011-04-18 10:37:00,4.95,12744,Germany
537692,20725,LUNCH BAG RED RETROSPOT,6,2011-04-18 10:37:00,1.65,12744,Germany
537692,20727,LUNCH BAG BLACK SKULL,3,2011-04-18 10:37:00,1.65,12744,Germany
537693,22720,SET OF 3 CAKE TINS PANTRY DESIGN,2,2011-03-07 16:46:00,4.95,12544,United Kingdom
537693,22457,NATURAL SLATE HEART CHALKBOARD,3,2011-03-07 16:46:00,2.95,12544,United Kingdom
537693,84406B,CREAM CUPID HEARTS COAT HANGER,3,2011-03-07 16:46:00,4.15,12544,United Kingdom
537694,85099B,JUMBO BAG RED RETROSPOT,6,2011-02-21 17:22:00,2.08,12521,Spain
537694,85099C,JUMBO BAG BAROQUE BLACK WHITE,8,2011-02-21 17:22:00,2.08,12521,Spain
537694,22386,JUMBO BAG PINK POLKADOT,8,2011-02-21 17:22:00,2.08,12521,Spain
537695,84406B,CREAM CUPID HEARTS COAT HANGER,4,2011-08-20 14:43:00,4.15,12399,United Kingdom
537695,22423,REGENCY CAKESTAND 3 TIER,12,2011-08-20 14:43:00,12.75,12399,United Kingdom
537695,22386,JUMBO BAG PINK POLKADOT,12,2011-08-20 14:43:00,2.08,12399,United Kingdom
537695,23084,RABBIT NIGHT LIGHT,8,2011-08-20 14:43:00,2.08,12399,United Kingdom
537695,22720,SET OF 3 CAKE TINS PANTRY DESIGN,6,2011-08-20 14:43:00,4.95,12399,United Kingdom
537696,21977,PACK OF 60 PINK PAISLEY CAKE CASES,6,2011-06-07 12:27:00,0.55,12674,United Kingdom
537696,21212,PACK OF 72 RETROSPOT CAKE CASES,1,2011-06-07 12:27:00,0.55,12674,United Kingdom
537696,22423,REGENCY CAKESTAND 3 TIER,6,2011-06-07 12:27:00,12.75,12674,United Kingdom
537697,84406B,CREAM CUPID HEARTS COAT HANGER,2,2011-05-23 15:17:00,4.15,12678,United Kingdom
537697,21034,REX CASH+CARRY JUMBO SHOPPER,2,2011-05-23 15:17:00,0.95,12678,United Kingdom
537697,21730,GLASS STAR FROSTED T-LIGHT HOLDER,3,2011-05-23 15:17:00,4.25,12678,United Kingdom
537698,85123A,WHITE HANGING HEART T-LIGHT HOLDER,8,2011-08-11 17:05:00,2.95,12588,United Kingdom
537698,71053,WHITE METAL LANTERN,6,2011-08-11 17:05:00,3.75,12588,United Kingdom
537698,21730,GLASS STAR FROSTED T-LIGHT HOLDER,1,2011-08-11 17:05:00,4.25,12588,United Kingdom
537698,84029G,KNITTED UNION FLAG HOT WATER BOTTLE,2,2011-08-11 17:05:00,3.75,12588,United Kingdom
537698,22960,JAM MAKING SET WITH JARS,1,2011-08-11 17:05:00,4.25,12588,United Kingdom
537699,22961,JAM MAKING SET PRINTED,6,2011-11-06 11:14:00,1.45,12499,United Kingdom
537700,85123A,WHITE HANGING HEART T-LIGHT HOLDER,6,2011-01-08 16:53:00,2.95,12556,United Kingdom
537700,22960,JAM MAKING SET WITH JARS,3,2011-01-08 16:53:00,4.25,12556,United Kingdom
537700,20725,LUNCH BAG RED RETROSPOT,2,2011-01-08 16:53:00,1.65,12556,United Kingdom
537700,20727,LUNCH BAG BLACK SKULL,3,2011-01-08 16:53:00,1.65,12556,United Kingdom
537700,22382,LUNCH BAG SPACEBOY DESIGN,2,2011-01-08 16:53:00,1.65,12556,United Kingdom
537701,23166,MEDIUM CERAMIC TOP STORAGE JAR,4,2011-01-28 09:46:00,1.04,12531,United Kingdom
537701,22633,HAND WARMER UNION JACK,2,2011-01-28 09:46:00,1.85,12531,United Kingdom
537701,22632,HAND WARMER RED POLKA DOT,4,2011-01-28 09:46:00,1.85,12531,United Kingdom
537701,84029G,KNITTED UNION FLAG HOT WATER BOTTLE,1,2011-01-28 09:46:00,3.75,12531,United Kingdom
537702,22457,NATURAL SLATE HEART CHALKBOARD,6,2011-05-09 17:18:00,2.95,12487,Spain
537703,22960,JAM MAKING SET WITH JARS,8,2011-11-02 12:36:00,4.25,12628,United Kingdom
537704,85123A,WHITE HANGING HEART T-LIGHT HOLDER,1,2011-11-02 13:47:00,2.95,12393,United Kingdom
537704,22752,SET 7 BABUSHKA NESTING BOXES,12,2011-11-02 13:47:00,7.65,12393,United Kingdom
537704,22633,HAND WARMER UNION JACK,6,2011-11-02 13:47:00,1.85,12393,United Kingdom
537704,22632,HAND WARMER RED POLKA DOT,8,2011-11-02 13:47:00,1.85,12393,United Kingdom
537704,84029G,KNITTED UNION FLAG HOT WATER BOTTLE,2,2011-11-02 13:47:00,3.75,12393,United Kingdom
537704,20725,LUNCH BAG RED RETROSPOT,6,2011-11-02 13:47:00,1.65,12393,United Kingdom
537704,22138,BAKING SET 9 PIECE RETROSPOT,3,2011-11-02 13:47:00,4.95,12393,United Kingdom
537705,22086,PAPER CHAIN KIT 50'S CHRISTMAS,1,2011-09-14 11:35:00,2.55,12648,United Kingdom
537705,47566,PARTY BUNTING,12,2011-09-14 11:35:00,4.95,12648,United Kingdom
537706,22139,RETROSPOT TEA SET CERAMIC 11 PC,6,2011-11-28 10:40:00,4.95,12457,EIRE
537706,22138,BAKING SET 9 PIECE RETROSPOT,4,2011-11-28 10:40:00,4.95,12457,EIRE
537707,21034,REX CASH+CARRY JUMBO SHOPPER,6,2011-09-07 11:33:00,0.95,12598,United Kingdom
537707,22139,RETROSPOT TEA SET CERAMIC 11 PC,6,2011-09-07 11:33:00,4.95,12598,United Kingdom
537707,22138,BAKING SET 9 PIECE RETROSPOT,3,2011-09-07 11:33:00,4.95,12598,United Kingdom
537708,22752,SET 7 BABUSHKA NESTING BOXES,8,2011-09-29 15:28:00,7.65,12553,Netherlands
537708,21212,PACK OF 72 RETROSPOT CAKE CASES,6,2011-09-29 15:28:00,0.55,12553,Netherlands
537708,22423,REGENCY CAKESTAND 3 TIER,12,2011-09-29 15:28:00,12.75,12553,Netherlands
537708,22386,JUMBO BAG PINK POLKADOT,1,2011-09-29 15:28:00,2.08,12553,Netherlands
537708,22139,RETROSPOT TEA SET CERAMIC 11 PC,2,2011-09-29 15:28:00,4.95,12553,Netherlands
537708,22138,BAKING SET 9 PIECE RETROSPOT,8,2011-09-29 15:28:00,4.95,12553,Netherlands
537708,21977,PACK OF 60 PINK PAISLEY CAKE CASES,4,2011-09-29 15:28:00,0.55,12553,Netherlands
537709,22752,SET 7 BABUSHKA NESTING BOXES,1,2011-04-09 11:06:00,7.65,12728,United Kingdom
537709,21730,GLASS STAR FROSTED T-LIGHT HOLDER,4,2011-04-09 11:06:00,4.25,12728,United Kingdom
537709,85099C,JUMBO BAG BAROQUE BLACK WHITE,4,2011-04-09 11:06:00,2.08,12728,United Kingdom
537709,84029G,KNITTED UNION FLAG HOT WATER BOTTLE,1,2011-04-09 11:06:00,3.75,12728,United Kingdom
537710,85123A,WHITE HANGING HEART T-LIGHT HOLDER,2,2011-01-06 14:38:00,2.95,12720,United Kingdom
537710,22633,HAND WARMER UNION JACK,1,2011-01-06 14:38:00,1.85,12720,United Kingdom
537710,22632,HAND WARMER RED POLKA DOT,8,2011-01-06 14:38:00,1.85,12720,United Kingdom
537710,84029G,KNITTED UNION FLAG HOT WATER BOTTLE,2,2011-01-06 14:38:00,3.75,12720,United Kingdom
537710,85099B,JUMBO BAG RED RETROSPOT,6,2011-01-06 14:38:00,2.08,12720,United Kingdom
537710,22386,JUMBO BAG PINK POLKADOT,4,2011-01-06 14:38:00,2.08,12720,United Kingdom
537711,84879,ASSORTED COLOUR BIRD ORNAMENT,6,2011-02-12 11:16:00,1.69,12574,United Kingdom
537711,22423,REGENCY CAKESTAND 3 TIER,12,2011-02-12 11:16:00,12.75,12574,United Kingdom
537712,22961,JAM MAKING SET PRINTED,1,2011-03-14 10:43:00,1.45,12685,United Kingdom
537712,21212,PACK OF 72 RETROSPOT CAKE CASES,6,2011-03-14 10:43:00,0.55,12685,United Kingdom
537712,22423,REGENCY CAKESTAND 3 TIER,1,2011-03-14 10:43:00,12.75,12685,United Kingdom
537712,20725,LUNCH BAG RED RETROSPOT,8,2011-03-14 10:43:00,1.65,12685,United Kingdom
537712,21977,PACK OF 60 PINK PAISLEY CAKE CASES,12,2011-03-14 10:43:00,0.55,12685,United Kingdom
537713,22752,SET 7 BABUSHKA NESTING BOXES,3,2011-01-01 09:17:00,7.65,12427,Germany
537713,22960,JAM MAKING SET WITH JARS,6,2011-01-01 09:17:00,4.25,12427,Germany
537713,21212,PACK OF 72 RETROSPOT CAKE CASES,6,2011-01-01 09:17:00,0.55,12427,Germany
537713,22423,REGENCY CAKESTAND 3 TIER,3,2011-01-01 09:17:00,12.75,12427,Germany
537713,22138,BAKING SET 9 PIECE RETROSPOT,8,2011-01-01 09:17:00,4.95,12427,Germany
537713,21977,PACK OF 60 PINK PAISLEY CAKE CASES,1,2011-01-01 09:17:00,0.55,12427,Germany
537714,22632,HAND WARMER RED POLKA DOT,6,2011-08-29 10:07:00,1.85,12588,Germany
537714,21212,PACK OF 72 RETROSPOT CAKE CASES,12,2011-08-29 10:07:00,0.55,12588,Germany
537714,22423,REGENCY CAKESTAND 3 TIER,8,2011-08-29 10:07:00,12.75,12588,Germany
537714,22386,JUMBO BAG PINK POLKADOT,6,2011-08-29 10:07:00,2.08,12588,Germany
537714,22139,RETROSPOT TEA SET CERAMIC 11 PC,3,2011-08-29 10:07:00,4.95,12588,Germany
537714,21977,PACK OF 60 PINK PAISLEY CAKE CASES,12,2011-08-29 10:07:00,0.55,12588,Germany
537715,22382,LUNCH BAG SPACEBOY DESIGN,3,2011-07-13 10:31:00,1.65,12458,United Kingdom
537715,22139,RETROSPOT TEA SET CERAMIC 11 PC,2,2011-07-13 10:31:00,4.95,12458,United Kingdom
537715,22138,BAKING SET 9 PIECE RETROSPOT,6,2011-07-13 10:31:00,4.95,12458,United Kingdom
537716,85123A,WHITE HANGING HEART T-LIGHT HOLDER,1,2011-06-08 16:46:00,2.95,12715,United Kingdom
537716,84406B,CREAM CUPID HEARTS COAT HANGER,2,2011-06-08 16:46:00,4.15,12715,United Kingdom
537716,84879,ASSORTED COLOUR BIRD ORNAMENT,2,2011-06-08 16:46:00,1.69,12715,United Kingdom
537716,23084,RABBIT NIGHT LIGHT,4,2011-06-08 16:46:00,2.08,12715,United Kingdom
537717,20727,LUNCH BAG BLACK SKULL,3,2011-04-09 12:18:00,1.65,12490,Spain
537717,22457,NATURAL SLATE HEART CHALKBOARD,12,2011-04-09 12:18:00,2.95,12490,Spain
537717,21977,PACK OF 60 PINK PAISLEY CAKE CASES,1,2011-04-09 12:18:00,0.55,12490,Spain
537718,85099B,JUMBO BAG RED RETROSPOT,12,2010-12-11 14:19:00,2.08,12422,Spain
537718,85099C,JUMBO BAG BAROQUE BLACK WHITE,4,2010-12-11 14:19:00,2.08,12422,Spain
537718,22386,JUMBO BAG PINK POLKADOT,3,2010-12-11 14:19:00,2.08,12422,Spain
537719,22752,SET 7 BABUSHKA NESTING BOXES,8,2011-05-06 14:46:00,7.65,12401,United Kingdom
537719,21212,PACK OF 72 RETROSPOT CAKE CASES,12,2011-05-06 14:46:00,0.55,12401,United Kingdom
537719,23166,MEDIUM CERAMIC TOP STORAGE JAR,4,2011-05-06 14:46:00,1.04,12401,United Kingdom
537719,22139,RETROSPOT TEA SET CERAMIC 11 PC,4,2011-05-06 14:46:00,4.95,12401,United Kingdom
537719,22138,BAKING SET 9 PIECE RETROSPOT,6,2011-05-06 14:46:00,4.95,12401,United Kingdom
537720,22720,SET OF 3 CAKE TINS PANTRY DESIGN,1,2011-05-22 14:00:00,4.95,12369,United Kingdom
537720,22423,REGENCY CAKESTAND 3 TIER,2,2011-05-22 14:00:00,12.75,12369,United Kingdom
537721,47566,PARTY BUNTING,8,2011-09-16 10:44:00,4.95,12398,United Kingdom
537722,22961,JAM MAKING SET PRINTED,4,2011-01-07 10:13:00,1.45,12619,Spain
537722,22960,JAM MAKING SET WITH JARS,4,2011-01-07 10:13:00,4.25,12619,Spain
537722,23084,RABBIT NIGHT LIGHT,6,2011-01-07 10:13:00,2.08,12619,Spain
537723,22632,HAND WARMER RED POLKA DOT,2,2010-12-19 12:30:00,1.85,12395,Netherlands
537723,47566,PARTY BUNTING,6,2010-12-19 12:30:00,4.95,12395,Netherlands
537723,20725,LUNCH BAG RED RETROSPOT,4,2010-12-19 12:30:00,1.65,12395,Netherlands
537723,20727,LUNCH BAG BLACK SKULL,2,2010-12-19 12:30:00,1.65,12395,Netherlands
537723,22382,LUNCH BAG SPACEBOY DESIGN,2,2010-12-19 12:30:00,1.65,12395,Netherlands
537723,22138,BAKING SET 9 PIECE RETROSPOT,6,2010-12-19 12:30:00,4.95,12395,Netherlands
537724,85123A,WHITE HANGING HEART T-LIGHT HOLDER,1,2011-09-01 11:32:00,2.95,12652,France
537724,84406B,CREAM CUPID HEARTS COAT HANGER,12,2011-09-01 11:32:00,4.15,12652,France
537724,85099C,JUMBO BAG BAROQUE BLACK WHITE,4,2011-09-01 11:32:00,2.08,12652,France
537725,85123A,WHITE HANGING HEART T-LIGHT HOLDER,6,2011-05-19 09:35:00,2.95,12556,EIRE
537725,22086,PAPER CHAIN KIT 50'S CHRISTMAS,6,2011-05-19 09:35:00,2.55,12556,EIRE
537725,22423,REGENCY CAKESTAND 3 TIER,12,2011-05-19 09:35:00,12.75,12556,EIRE
537725,47566,PARTY BUNTING,3,2011-05-19 09:35:00,4.95,12556,EIRE
537726,22961,JAM MAKING SET PRINTED,1,2011-01-19 17:31:00,1.45,12359,United Kingdom
537726,22960,JAM MAKING SET WITH JARS,3,2011-01-19 17:31:00,4.25,12359,United Kingdom
537726,23084,RABBIT NIGHT LIGHT,4,2011-01-19 17:31:00,2.08,12359,United Kingdom
537727,22720,SET OF 3 CAKE TINS PANTRY DESIGN,3,2011-03-12 10:48:00,4.95,12453,Germany
537727,22197,POPCORN HOLDER,1,2011-03-12 10:48:00,0.85,12453,Germany
537727,22423,REGENCY CAKESTAND 3 TIER,2,2011-03-12 10:48:00,12.75,12453,Germany
537728,84406B,CREAM CUPID HEARTS COAT HANGER,3,2011-03-15 14:10:00,4.15,12717,United Kingdom
537728,21730,GLASS STAR FROSTED T-LIGHT HOLDER,12,2011-03-15 14:10:00,4.25,12717,United Kingdom
537728,22386,JUMBO BAG PINK POLKADOT,8,2011-03-15 14:10:00,2.08,12717,United Kingdom
537729,22139,RETROSPOT TEA SET CERAMIC 11 PC,2,2011-02-26 13:32:00,4.95,12349,Spain
537729,22138,BAKING SET 9 PIECE RETROSPOT,3,2011-02-26 13:32:00,4.95,12349,Spain
537730,22961,JAM MAKING SET PRINTED,6,2011-01-07 10:56:00,1.45,12454,United Kingdom
537730,22960,JAM MAKING SET WITH JARS,12,2011-01-07 10:56:00,4.25,12454,United Kingdom
537730,22386,JUMBO BAG PINK POLKADOT,3,2011-01-07 10:56:00,2.08,12454,United Kingdom
537730,20727,LUNCH BAG BLACK SKULL,4,2011-01-07 10:56:00,1.65,12454,United Kingdom
537731,22632,HAND WARMER RED POLKA DOT,1,2011-07-06 11:09:00,1.85,12575,Germany
537731,20725,LUNCH BAG RED RETROSPOT,4,2011-07-06 11:09:00,1.65,12575,Germany
537731,20727,LUNCH BAG BLACK SKULL,8,2011-07-06 11:09:00,1.65,12575,Germany
537731,22382,LUNCH BAG SPACEBOY DESIGN,6,2011-07-06 11:09:00,1.65,12575,Germany
537731,23084,RABBIT NIGHT LIGHT,8,2011-07-06 11:09:00,2.08,12575,Germany
537731,22457,NATURAL SLATE HEART CHALKBOARD,12,2011-07-06 11:09:00,2.95,12575,Germany
537731,21977,PACK OF 60 PINK PAISLEY CAKE CASES,2,2011-07-06 11:09:00,0.55,12575,Germany
537732,85123A,WHITE HANGING HEART T-LIGHT HOLDER,12,2011-01-29 11:27:00,2.95,12643,United Kingdom
537732,84406B,CREAM CUPID HEARTS COAT HANGER,8,2011-01-29 11:27:00,4.15,12643,United Kingdom
537733,21977,PACK OF 60 PINK PAISLEY CAKE CASES,1,2011-09-24 10:33:00,0.55,12678,EIRE
537733,21212,PACK OF 72 RETROSPOT CAKE CASES,2,2011-09-24 10:33:00,0.55,12678,EIRE
537733,22423,REGENCY CAKESTAND 3 TIER,4,2011-09-24 10:33:00,12.75,12678,EIRE
537733,84029G,KNITTED UNION FLAG HOT WATER BOTTLE,2,2011-09-24 10:33:00,3.75,12678,EIRE
537734,85123A,WHITE HANGING HEART T-LIGHT HOLDER,3,2011-08-26 16:35:00,2.95,12519,United Kingdom
537734,84406B,CREAM CUPID HEARTS COAT HANGER,1,2011-08-26 16:35:00,4.15,12519,United Kingdom
537734,21034,REX CASH+CARRY JUMBO SHOPPER,8,2011-08-26 16:35:00,0.95,12519,United Kingdom
537735,84406B,CREAM CUPID HEARTS COAT HANGER,8,2011-03-16 11:21:00,4.15,12597,United Kingdom
537735,21730,GLASS STAR FROSTED T-LIGHT HOLDER,2,2011-03-16 11:21:00,4.25,12597,United Kingdom
537735,22633,HAND WARMER UNION JACK,6,2011-03-16 11:21:00,1.85,12597,United Kingdom
537735,22632,HAND WARMER RED POLKA DOT,12,2011-03-16 11:21:00,1.85,12597,United Kingdom
537735,84029G,KNITTED UNION FLAG HOT WATER BOTTLE,3,2011-03-16 11:21:00,3.75,12597,United Kingdom
537735,47566,PARTY BUNTING,6,2011-03-16 11:21:00,4.95,12597,United Kingdom
537735,22197,POPCORN HOLDER,6,2011-03-16 11:21:00,0.85,12597,United Kingdom
537736,22139,RETROSPOT TEA SET CERAMIC 11 PC,1,2010-12-17 09:19:00,4.95,12361,United Kingdom
537737,22752,SET 7 BABUSHKA NESTING BOXES,6,2011-05-15 11:18:00,7.65,12388,Netherlands
537737,21212,PACK OF 72 RETROSPOT CAKE CASES,1,2011-05-15 11:18:00,0.55,12388,Netherlands
537737,22423,REGENCY CAKESTAND 3 TIER,1,2011-05-15 11:18:00,12.75,12388,Netherlands
537737,47566,PARTY BUNTING,3,2011-05-15 11:18:00,4.95,12388,Netherlands
537737,22457,NATURAL SLATE HEART CHALKBOARD,6,2011-05-15 11:18:00,2.95,12388,Netherlands
537737,21977,PACK OF 60 PINK PAISLEY CAKE CASES,6,2011-05-15 11:18:00,0.55,12388,Netherlands
537738,84406B,CREAM CUPID HEARTS COAT HANGER,3,2011-11-10 10:20:00,4.15,12540,EIRE
537738,22633,HAND WARMER UNION JACK,12,2011-11-10 10:20:00,1.85,12540,EIRE
537738,20725,LUNCH BAG RED RETROSPOT,6,2011-11-10 10:20:00,1.65,12540,EIRE
537738,20727,LUNCH BAG BLACK SKULL,12,2011-11-10 10:20:00,1.65,12540,EIRE
537738,22382,LUNCH BAG SPACEBOY DESIGN,2,2011-11-10 10:20:00,1.65,12540,EIRE
537739,22720,SET OF 3 CAKE TINS PANTRY DESIGN,8,2011-02-28 13:02:00,4.95,12423,United Kingdom
537739,22423,REGENCY CAKESTAND 3 TIER,12,2011-02-28 13:02:00,12.75,12423,United Kingdom
537740,22086,PAPER CHAIN KIT 50'S CHRISTMAS,2,2010-12-23 17:33:00,2.55,12359,United Kingdom
537740,21212,PACK OF 72 RETROSPOT CAKE CASES,6,2010-12-23 17:33:00,0.55,12359,United Kingdom
537740,22423,REGENCY CAKESTAND 3 TIER,6,2010-12-23 17:33:00,12.75,12359,United Kingdom
537740,85099B,JUMBO BAG RED RETROSPOT,3,2010-12-23 17:33:00,2.08,12359,United Kingdom
537740,21977,PACK OF 60 PINK PAISLEY CAKE CASES,8,2010-12-23 17:33:00,0.55,12359,United Kingdom
537741,84029G,KNITTED UNION FLAG HOT WATER BOTTLE,1,2011-09-15 09:45:00,3.75,12539,United Kingdom
537741,22086,PAPER CHAIN KIT 50'S CHRISTMAS,6,2011-09-15 09:45:00,2.55,12539,United Kingdom
537741,21212,PACK OF 72 RETROSPOT CAKE CASES,6,2011-09-15 09:45:00,0.55,12539,United Kingdom
537741,20725,LUNCH BAG RED RETROSPOT,3,2011-09-15 09:45:00,1.65,12539,United Kingdom
537741,20727,LUNCH BAG BLACK SKULL,8,2011-09-15 09:45:00,1.65,12539,United Kingdom
537741,22382,LUNCH BAG SPACEBOY DESIGN,1,2011-09-15 09:45:00,1.65,12539,United Kingdom
537741,85099C,JUMBO BAG BAROQUE BLACK WHITE,1,2011-09-15 09:45:00,2.08,12539,United Kingdom
537742,22086,PAPER CHAIN KIT 50'S CHRISTMAS,1,2011-07-29 08:56:00,2.55,12666,United Kingdom
537742,21212,PACK OF 72 RETROSPOT CAKE CASES,3,2011-07-29 08:56:00,0.55,12666,United Kingdom
537742,47566,PARTY BUNTING,3,2011-07-29 08:56:00,4.95,12666,United Kingdom
537742,22382,LUNCH BAG SPACEBOY DESIGN,2,2011-07-29 08:56:00,1.65,12666,United Kingdom
537742,22197,POPCORN HOLDER,1,2011-07-29 08:56:00,0.85,12666,United Kingdom
537743,85123A,WHITE HANGING HEART T-LIGHT HOLDER,1,2010-12-25 10:25:00,2.95,12483,United Kingdom
537743,84406B,CREAM CUPID HEARTS COAT HANGER,6,2010-12-25 10:25:00,4.15,12483,United Kingdom
537744,22632,HAND WARMER RED POLKA DOT,4,2011-04-12 11:05:00,1.85,12666,France
537744,21212,PACK OF 72 RETROSPOT CAKE CASES,2,2011-04-12 11:05:00,0.55,12666,France
537744,84879,ASSORTED COLOUR BIRD ORNAMENT,8,2011-04-12 11:05:00,1.69,12666,France
537744,22423,REGENCY CAKESTAND 3 TIER,6,2011-04-12 11:05:00,12.75,12666,France
537744,22386,JUMBO BAG PINK POLKADOT,4,2011-04-12 11:05:00,2.08,12666,France
537744,22720,SET OF 3 CAKE TINS PANTRY DESIGN,3,2011-04-12 11:05:00,4.95,12666,France
537744,21977,PACK OF 60 PINK PAISLEY CAKE CASES,2,2011-04-12 11:05:00,0.55,12666,France
537745,23166,MEDIUM CERAMIC TOP STORAGE JAR,6,2011-11-22 15:09:00,1.04,12418,United Kingdom
537745,85099B,JUMBO BAG RED RETROSPOT,8,2011-11-22 15:09:00,2.08,12418,United Kingdom
537745,85099C,JUMBO BAG BAROQUE BLACK WHITE,6,2011-11-22 15:09:00,2.08,12418,United Kingdom
537746,21212,PACK OF 72 RETROSPOT CAKE CASES,8,2010-12-11 12:26:00,0.55,12427,United Kingdom
537747,85123A,WHITE HANGING HEART T-LIGHT HOLDER,3,2011-01-23 13:19:00,2.95,12455,United Kingdom
537747,71053,WHITE METAL LANTERN,6,2011-01-23 13:19:00,3.75,12455,United Kingdom
537747,21730,GLASS STAR FROSTED T-LIGHT HOLDER,6,2011-01-23 13:19:00,4.25,12455,United Kingdom
537747,22960,JAM MAKING SET WITH JARS,6,2011-01-23 13:19:00,4.25,12455,United Kingdom
537747,84879,ASSORTED COLOUR BIRD ORNAMENT,1,2011-01-23 13:19:00,1.69,12455,United Kingdom
537747,85099B,JUMBO BAG RED RETROSPOT,3,2011-01-23 13:19:00,2.08,12455,United Kingdom
537748,20727,LUNCH BAG BLACK SKULL,1,2011-03-28 13:51:00,1.65,12552,Spain
537748,22382,LUNCH BAG SPACEBOY DESIGN,2,2011-03-28 13:51:00,1.65,12552,Spain
537748,22139,RETROSPOT TEA SET CERAMIC 11 PC,12,2011-03-28 13:51:00,4.95,12552,Spain
537748,20725,LUNCH BAG RED RETROSPOT,8,2011-03-28 13:51:00,1.65,12552,Spain
537749,85123A,WHITE HANGING HEART T-LIGHT HOLDER,4,2011-06-29 13:25:00,2.95,12503,United Kingdom
537749,22720,SET OF 3 CAKE TINS PANTRY DESIGN,2,2011-06-29 13:25:00,4.95,12503,United Kingdom
537749,84406B,CREAM CUPID HEARTS COAT HANGER,6,2011-06-29 13:25:00,4.15,12503,United Kingdom
537749,21977,PACK OF 60 PINK PAISLEY CAKE CASES,4,2011-06-29 13:25:00,0.55,12503,United Kingdom
537750,22086,PAPER CHAIN KIT 50'S CHRISTMAS,3,2011-11-23 17:03:00,2.55,12630,United Kingdom
537750,23084,RABBIT NIGHT LIGHT,12,2011-11-23 17:03:00,2.08,12630,United Kingdom
537751,85123A,WHITE HANGING HEART T-LIGHT HOLDER,4,2011-11-22 09:13:00,2.95,12658,United Kingdom
537751,71053,WHITE METAL LANTERN,4,2011-11-22 09:13:00,3.75,12658,United Kingdom
537751,21730,GLASS STAR FROSTED T-LIGHT HOLDER,6,2011-11-22 09:13:00,4.25,12658,United Kingdom
537751,22632,HAND WARMER RED POLKA DOT,4,2011-11-22 09:13:00,1.85,12658,United Kingdom
537751,84029G,KNITTED UNION FLAG HOT WATER BOTTLE,6,2011-11-22 09:13:00,3.75,12658,United Kingdom
537752,84406B,CREAM CUPID HEARTS COAT HANGER,2,2011-05-11 09:55:00,4.15,12646,United Kingdom
537753,22382,LUNCH BAG SPACEBOY DESIGN,1,2011-10-04 16:03:00,1.65,12710,Germany
537754,21730,GLASS STAR FROSTED T-LIGHT HOLDER,6,2011-03-12 12:07:00,4.25,12656,United Kingdom
537754,22632,HAND WARMER RED POLKA DOT,4,2011-03-12 12:07:00,1.85,12656,United Kingdom
537754,21212,PACK OF 72 RETROSPOT CAKE CASES,1,2011-03-12 12:07:00,0.55,12656,United Kingdom
537754,84879,ASSORTED COLOUR BIRD ORNAMENT,8,2011-03-12 12:07:00,1.69,12656,United Kingdom
537754,22423,REGENCY CAKESTAND 3 TIER,1,2011-03-12 12:07:00,12.75,12656,United Kingdom
537754,21977,PACK OF 60 PINK PAISLEY CAKE CASES,2,2011-03-12 12:07:00,0.55,12656,United Kingdom
537755,47566,PARTY BUNTING,8,2011-10-10 17:01:00,4.95,12388,United Kingdom
537756,22961,JAM MAKING SET PRINTED,1,2011-09-09 17:27:00,1.45,12744,United Kingdom
537756,22960,JAM MAKING SET WITH JARS,1,2011-09-09 17:27:00,4.25,12744,United Kingdom
537756,21034,REX CASH+CARRY JUMBO SHOPPER,2,2011-09-09 17:27:00,0.95,12744,United Kingdom
537757,85123A,WHITE HANGING HEART T-LIGHT HOLDER,8,2011-07-01 10:05:00,2.95,12517,United Kingdom
537757,21977,PACK OF 60 PINK PAISLEY CAKE CASES,6,2011-07-01 10:05:00,0.55,12517,United Kingdom
537757,22386,JUMBO BAG PINK POLKADOT,12,2011-07-01 10:05:00,2.08,12517,United Kingdom
537757,84029G,KNITTED UNION FLAG HOT WATER BOTTLE,12,2011-07-01 10:05:00,3.75,12517,United Kingdom
537758,21212,PACK OF 72 RETROSPOT CAKE CASES,6,2011-04-25 17:37:00,0.55,12481,United Kingdom
537758,84879,ASSORTED COLOUR BIRD ORNAMENT,3,2011-04-25 17:37:00,1.69,12481,United Kingdom
537758,85099C,JUMBO BAG BAROQUE BLACK WHITE,1,2011-04-25 17:37:00,2.08,12481,United Kingdom
537758,22632,HAND WARMER RED POLKA DOT,2,2011-04-25 17:37:00,1.85,12481,United Kingdom
537759,22960,JAM MAKING SET WITH JARS,4,2011-10-06 10:21:00,4.25,12505,United Kingdom
537759,22752,SET 7 BABUSHKA NESTING BOXES,4,2011-10-06 10:21:00,7.65,12505,United Kingdom
537759,22382,LUNCH BAG SPACEBOY DESIGN,8,2011-10-06 10:21:00,1.65,12505,United Kingdom
537760,22139,RETROSPOT TEA SET CERAMIC 11 PC,3,2011-08-02 14:23:00,4.95,12617,United Kingdom
537760,22138,BAKING SET 9 PIECE RETROSPOT,4,2011-08-02 14:23:00,4.95,12617,United Kingdom
537760,22633,HAND WARMER UNION JACK,3,2011-08-02 14:23:00,1.85,12617,United Kingdom
537761,22633,HAND WARMER UNION JACK,6,2011-04-02 15:47:00,1.85,12383,United Kingdom
537761,22632,HAND WARMER RED POLKA DOT,1,2011-04-02 15:47:00,1.85,12383,United Kingdom
537761,84029G,KNITTED UNION FLAG HOT WATER BOTTLE,6,2011-04-02 15:47:00,3.75,12383,United Kingdom
537762,22720,SET OF 3 CAKE TINS PANTRY DESIGN,6,2011-08-24 16:56:00,4.95,12412,United Kingdom
537763,20727,LUNCH BAG BLACK SKULL,2,2011-08-10 14:57:00,1.65,12467,United Kingdom
537764,22139,RETROSPOT TEA SET CERAMIC 11 PC,1,2011-02-04 15:19:00,4.95,12405,United Kingdom
537765,21034,REX CASH+CARRY JUMBO SHOPPER,1,2011-03-15 13:54:00,0.95,12612,United Kingdom
537766,22752,SET 7 BABUSHKA NESTING BOXES,3,2011-02-17 15:34:00,7.65,12543,United Kingdom
537767,22633,HAND WARMER UNION JACK,2,2011-03-22 13:27:00,1.85,12739,United Kingdom
537767,22423,REGENCY CAKESTAND 3 TIER,12,2011-03-22 13:27:00,12.75,12739,United Kingdom
537767,22382,LUNCH BAG SPACEBOY DESIGN,12,2011-03-22 13:27:00,1.65,12739,United Kingdom
537767,23166,MEDIUM CERAMIC TOP STORAGE JAR,8,2011-03-22 13:27:00,1.04,12739,United Kingdom
537767,22139,RETROSPOT TEA SET CERAMIC 11 PC,3,2011-03-22 13:27:00,4.95,12739,United Kingdom
537767,22138,BAKING SET 9 PIECE RETROSPOT,4,2011-03-22 13:27:00,4.95,12739,United Kingdom
537768,85123A,WHITE HANGING HEART T-LIGHT HOLDER,4,2011-04-15 13:17:00,2.95,12614,United Kingdom
537768,47566,PARTY BUNTING,6,2011-04-15 13:17:00,4.95,12614,United Kingdom
537768,20725,LUNCH BAG RED RETROSPOT,6,2011-04-15 13:17:00,1.65,12614,United Kingdom
537768,20727,LUNCH BAG BLACK SKULL,4,2011-04-15 13:17:00,1.65,12614,United Kingdom
537768,22382,LUNCH BAG SPACEBOY DESIGN,12,2011-04-15 13:17:00,1.65,12614,United Kingdom
537768,22457,NATURAL SLATE HEART CHALKBOARD,3,2011-04-15 13:17:00,2.95,12614,United Kingdom
537769,22633,HAND WARMER UNION JACK,2,2010-12-24 11:44:00,1.85,12554,United Kingdom
537769,22632,HAND WARMER RED POLKA DOT,6,2010-12-24 11:44:00,1.85,12554,United Kingdom
537769,84029G,KNITTED UNION FLAG HOT WATER BOTTLE,12,2010-12-24 11:44:00,3.75,12554,United Kingdom
537770,84406B,CREAM CUPID HEARTS COAT HANGER,6,2011-11-21 09:08:00,4.15,12699,United Kingdom
537770,22960,JAM MAKING SET WITH JARS,3,2011-11-21 09:08:00,4.25,12699,United Kingdom
537770,22086,PAPER CHAIN KIT 50'S CHRISTMAS,1,2011-11-21 09:08:00,2.55,12699,United Kingdom
537770,47566,PARTY BUNTING,12,2011-11-21 09:08:00,4.95,12699,United Kingdom
537770,22386,JUMBO BAG PINK POLKADOT,6,2011-11-21 09:08:00,2.08,12699,United Kingdom
537770,22457,NATURAL SLATE HEART CHALKBOARD,3,2011-11-21 09:08:00,2.95,12699,United Kingdom
537771,22720,SET OF 3 CAKE TINS PANTRY DESIGN,6,2011-10-03 18:09:00,4.95,12552,United Kingdom
537771,22457,NATURAL SLATE HEART CHALKBOARD,12,2011-10-03 18:09:00,2.95,12552,United Kingdom
537771,22139,RETROSPOT TEA SET CERAMIC 11 PC,2,2011-10-03 18:09:00,4.95,12552,United Kingdom
537771,84879,ASSORTED COLOUR BIRD ORNAMENT,6,2011-10-03 18:09:00,1.69,12552,United Kingdom
537772,22086,PAPER CHAIN KIT 50'S CHRISTMAS,6,2011-09-01 14:07:00,2.55,12420,United Kingdom
537772,21730,GLASS STAR FROSTED T-LIGHT HOLDER,2,2011-09-01 14:07:00,4.25,12420,United Kingdom
537772,47566,PARTY BUNTING,6,2011-09-01 14:07:00,4.95,12420,United Kingdom
537773,22752,SET 7 BABUSHKA NESTING BOXES,3,2011-08-14 13:06:00,7.65,12356,United Kingdom
537774,22382,LUNCH BAG SPACEBOY DESIGN,1,2011-03-25 13:19:00,1.65,12745,United Kingdom
537774,23166,MEDIUM CERAMIC TOP STORAGE JAR,8,2011-03-25 13:19:00,1.04,12745,United Kingdom
537774,84879,ASSORTED COLOUR BIRD ORNAMENT,1,2011-03-25 13:19:00,1.69,12745,United Kingdom
537775,22139,RETROSPOT TEA SET CERAMIC 11 PC,12,2011-07-31 10:55:00,4.95,12631,United Kingdom
537775,22138,BAKING SET 9 PIECE RETROSPOT,3,2011-07-31 10:55:00,4.95,12631,United Kingdom
537776,85099C,JUMBO BAG BAROQUE BLACK WHITE,6,2011-03-21 13:05:00,2.08,12729,United Kingdom
537776,21977,PACK OF 60 PINK PAISLEY CAKE CASES,4,2011-03-21 13:05:00,0.55,12729,United Kingdom
537776,21212,PACK OF 72 RETROSPOT CAKE CASES,3,2011-03-21 13:05:00,0.55,12729,United Kingdom
537776,22423,REGENCY CAKESTAND 3 TIER,1,2011-03-21 13:05:00,12.75,12729,United Kingdom
537777,85123A,WHITE HANGING HEART T-LIGHT HOLDER,3,2010-12-02 13:56:00,2.95,12491,United Kingdom
537777,22086,PAPER CHAIN KIT 50'S CHRISTMAS,8,2010-12-02 13:56:00,2.55,12491,United Kingdom
537777,22197,POPCORN HOLDER,6,2010-12-02 13:56:00,0.85,12491,United Kingdom
537777,22423,REGENCY CAKESTAND 3 TIER,3,2010-12-02 13:56:00,12.75,12491,United Kingdom
537778,85099B,JUMBO BAG RED RETROSPOT,2,2011-11-04 12:35:00,2.08,12568,Spain
537778,22139,RETROSPOT TEA SET CERAMIC 11 PC,4,2011-11-04 12:35:00,4.95,12568,Spain
537778,22138,BAKING SET 9 PIECE RETROSPOT,1,2011-11-04 12:35:00,4.95,12568,Spain
537778,22423,REGENCY CAKESTAND 3 TIER,12,2011-11-04 12:35:00,12.75,12568,Spain
537779,23166,MEDIUM CERAMIC TOP STORAGE JAR,2,2011-01-20 11:19:00,1.04,12564,United Kingdom
537779,22086,PAPER CHAIN KIT 50'S CHRISTMAS,6,2011-01-20 11:19:00,2.55,12564,United Kingdom
537780,71053,WHITE METAL LANTERN,1,2011-04-16 15:04:00,3.75,12444,United Kingdom
537780,22961,JAM MAKING SET PRINTED,3,2011-04-16 15:04:00,1.45,12444,United Kingdom
537780,20725,LUNCH BAG RED RETROSPOT,12,2011-04-16 15:04:00,1.65,12444,United Kingdom
537780,20727,LUNCH BAG BLACK SKULL,4,2011-04-16 15:04:00,1.65,12444,United Kingdom
537780,22382,LUNCH BAG SPACEBOY DESIGN,1,2011-04-16 15:04:00,1.65,12444,United Kingdom
537780,85099B,JUMBO BAG RED RETROSPOT,1,2011-04-16 15:04:00,2.08,12444,United Kingdom
537780,22138,BAKING SET 9 PIECE RETROSPOT,8,2011-04-16 15:04:00,4.95,12444,United Kingdom
537781,84406B,CREAM CUPID HEARTS COAT HANGER,4,2011-06-19 14:34:00,4.15,12653,United Kingdom
537781,22632,HAND WARMER RED POLKA DOT,6,2011-06-19 14:34:00,1.85,12653,United Kingdom
537781,85099C,JUMBO BAG BAROQUE BLACK WHITE,1,2011-06-19 14:34:00,2.08,12653,United Kingdom
537781,22139,RETROSPOT TEA SET CERAMIC 11 PC,1,2011-06-19 14:34:00,4.95,12653,United Kingdom
537781,22138,BAKING SET 9 PIECE RETROSPOT,2,2011-06-19 14:34:00,4.95,12653,United Kingdom
537782,22086,PAPER CHAIN KIT 50'S CHRISTMAS,6,2011-08-28 09:09:00,2.55,12538,United Kingdom
537782,47566,PARTY BUNTING,1,2011-08-28 09:09:00,4.95,12538,United Kingdom
537783,22086,PAPER CHAIN KIT 50'S CHRISTMAS,3,2011-06-27 11:25:00,2.55,12578,EIRE
537783,85099B,JUMBO BAG RED RETROSPOT,1,2011-06-27 11:25:00,2.08,12578,EIRE
537783,22423,REGENCY CAKESTAND 3 TIER,6,2011-06-27 11:25:00,12.75,12578,EIRE
537783,47566,PARTY BUNTING,4,2011-06-27 11:25:00,4.95,12578,EIRE
537784,22086,PAPER CHAIN KIT 50'S CHRISTMAS,1,2011-04-23 12:31:00,2.55,12672,France
537784,84879,ASSORTED COLOUR BIRD ORNAMENT,12,2011-04-23 12:31:00,1.69,12672,France
537784,22633,HAND WARMER UNION JACK,3,2011-04-23 12:31:00,1.85,12672,France
537784,47566,PARTY BUNTING,8,2011-04-23 12:31:00,4.95,12672,France
537785,85123A,WHITE HANGING HEART T-LIGHT HOLDER,12,2011-06-29 11:08:00,2.95,12736,United Kingdom
537785,84406B,CREAM CUPID HEARTS COAT HANGER,12,2011-06-29 11:08:00,4.15,12736,United Kingdom
537786,85123A,WHITE HANGING HEART T-LIGHT HOLDER,6,2010-12-25 11:06:00,2.95,12542,United Kingdom
537786,84879,ASSORTED COLOUR BIRD ORNAMENT,2,2010-12-25 11:06:00,1.69,12542,United Kingdom
537787,22961,JAM MAKING SET PRINTED,3,2011-03-12 11:59:00,1.45,12445,United Kingdom
537787,22960,JAM MAKING SET WITH JARS,4,2011-03-12 11:59:00,4.25,12445,United Kingdom
537787,21212,PACK OF 72 RETROSPOT CAKE CASES,6,2011-03-12 11:59:00,0.55,12445,United Kingdom
537787,22386,JUMBO BAG PINK POLKADOT,8,2011-03-12 11:59:00,2.08,12445,United Kingdom
537788,85099C,JUMBO BAG BAROQUE BLACK WHITE,2,2011-07-28 17:29:00,2.08,12401,United Kingdom
537788,21977,PACK OF 60 PINK PAISLEY CAKE CASES,2,2011-07-28 17:29:00,0.55,12401,United Kingdom
537788,21212,PACK OF 72 RETROSPOT CAKE CASES,3,2011-07-28 17:29:00,0.55,12401,United Kingdom
537788,22423,REGENCY CAKESTAND 3 TIER,1,2011-07-28 17:29:00,12.75,12401,United Kingdom
537789,85123A,WHITE HANGING HEART T-LIGHT HOLDER,12,2011-01-27 12:18:00,2.95,12540,United Kingdom
537789,84406B,CREAM CUPID HEARTS COAT HANGER,6,2011-01-27 12:18:00,4.15,12540,United Kingdom
537789,21730,GLASS STAR FROSTED T-LIGHT HOLDER,8,2011-01-27 12:18:00,4.25,12540,United Kingdom
537789,47566,PARTY BUNTING,2,2011-01-27 12:18:00,4.95,12540,United Kingdom
537790,71053,WHITE METAL LANTERN,6,2011-03-22 15:34:00,3.75,12443,Spain
537790,22633,HAND WARMER UNION JACK,1,2011-03-22 15:34:00,1.85,12443,Spain
537790,20725,LUNCH BAG RED RETROSPOT,3,2011-03-22 15:34:00,1.65,12443,Spain
537790,20727,LUNCH BAG BLACK SKULL,8,2011-03-22 15:34:00,1.65,12443,Spain
537790,22382,LUNCH BAG SPACEBOY DESIGN,6,2011-03-22 15:34:00,1.65,12443,Spain
537790,23084,RABBIT NIGHT LIGHT,1,2011-03-22 15:34:00,2.08,12443,Spain
537790,22139,RETROSPOT TEA SET CERAMIC 11 PC,2,2011-03-22 15:34:00,4.95,12443,Spain
537791,20727,LUNCH BAG BLACK SKULL,8,2011-04-21 12:33:00,1.65,12566,United Kingdom
537791,22382,LUNCH BAG SPACEBOY DESIGN,12,2011-04-21 12:33:00,1.65,12566,United Kingdom
537791,20725,LUNCH BAG RED RETROSPOT,2,2011-04-21 12:33:00,1.65,12566,United Kingdom
537792,22961,JAM MAKING SET PRINTED,1,2011-07-26 16:12:00,1.45,12418,EIRE
537792,22960,JAM MAKING SET WITH JARS,3,2011-07-26 16:12:00,4.25,12418,EIRE
537793,22961,JAM MAKING SET PRINTED,4,2011-01-17 16:27:00,1.45,12673,Netherlands
537793,22960,JAM MAKING SET WITH JARS,6,2011-01-17 16:27:00,4.25,12673,Netherlands
537794,22720,SET OF 3 CAKE TINS PANTRY DESIGN,4,2011-07-03 11:06:00,4.95,12611,Spain
537794,22423,REGENCY CAKESTAND 3 TIER,4,2011-07-03 11:06:00,12.75,12611,Spain
537794,47566,PARTY BUNTING,2,2011-07-03 11:06:00,4.95,12611,Spain
537794,84029G,KNITTED UNION FLAG HOT WATER BOTTLE,3,2011-07-03 11:06:00,3.75,12611,Spain
537795,85123A,WHITE HANGING HEART T-LIGHT HOLDER,8,2011-11-14 13:56:00,2.95,12624,United Kingdom
537795,22086,PAPER CHAIN KIT 50'S CHRISTMAS,8,2011-11-14 13:56:00,2.55,12624,United Kingdom
537795,47566,PARTY BUNTING,2,2011-11-14 13:56:00,4.95,12624,United Kingdom
537795,20725,LUNCH BAG RED RETROSPOT,12,2011-11-14 13:56:00,1.65,12624,United Kingdom
537795,23084,RABBIT NIGHT LIGHT,12,2011-11-14 13:56:00,2.08,12624,United Kingdom
537796,21730,GLASS STAR FROSTED T-LIGHT HOLDER,1,2011-01-01 15:25:00,4.25,12704,France
537796,22720,SET OF 3 CAKE TINS PANTRY DESIGN,6,2011-01-01 15:25:00,4.95,12704,France
537796,22457,NATURAL SLATE HEART CHALKBOARD,1,2011-01-01 15:25:00,2.95,12704,France
537796,22139,RETROSPOT TEA SET CERAMIC 11 PC,8,2011-01-01 15:25:00,4.95,12704,France
537796,22138,BAKING SET 9 PIECE RETROSPOT,3,2011-01-01 15:25:00,4.95,12704,France
537797,84406B,CREAM CUPID HEARTS COAT HANGER,8,2011-11-03 10:41:00,4.15,12389,United Kingdom
537797,85099B,JUMBO BAG RED RETROSPOT,6,2011-11-03 10:41:00,2.08,12389,United Kingdom
537797,85099C,JUMBO BAG BAROQUE BLACK WHITE,1,2011-11-03 10:41:00,2.08,12389,United Kingdom
537797,22386,JUMBO BAG PINK POLKADOT,6,2011-11-03 10:41:00,2.08,12389,United Kingdom
537798,22961,JAM MAKING SET PRINTED,3,2011-07-18 10:13:00,1.45,12622,United Kingdom
537798,22960,JAM MAKING SET WITH JARS,2,2011-07-18 10:13:00,4.25,12622,United Kingdom
537799,71053,WHITE METAL LANTERN,6,2011-02-10 14:06:00,3.75,12638,United Kingdom
537799,23166,MEDIUM CERAMIC TOP STORAGE JAR,4,2011-02-10 14:06:00,1.04,12638,United Kingdom
537799,22382,LUNCH BAG SPACEBOY DESIGN,8,2011-02-10 14:06:00,1.65,12638,United Kingdom
537800,21730,GLASS STAR FROSTED T-LIGHT HOLDER,1,2011-10-08 16:48:00,4.25,12665,Spain
537801,85123A,WHITE HANGING HEART T-LIGHT HOLDER,6,2010-12-18 18:14:00,2.95,12515,United Kingdom
537801,84406B,CREAM CUPID HEARTS COAT HANGER,6,2010-12-18 18:14:00,4.15,12515,United Kingdom
537801,22197,POPCORN HOLDER,3,2010-12-18 18:14:00,0.85,12515,United Kingdom
537801,22386,JUMBO BAG PINK POLKADOT,6,2010-12-18 18:14:00,2.08,12515,United Kingdom
537801,23084,RABBIT NIGHT LIGHT,6,2010-12-18 18:14:00,2.08,12515,United Kingdom
537802,47566,PARTY BUNTING,12,2011-10-09 17:05:00,4.95,12722,United Kingdom
537802,20725,LUNCH BAG RED RETROSPOT,1,2011-10-09 17:05:00,1.65,12722,United Kingdom
537802,20727,LUNCH BAG BLACK SKULL,12,2011-10-09 17:05:00,1.65,12722,United Kingdom
537802,22382,LUNCH BAG SPACEBOY DESIGN,2,2011-10-09 17:05:00,1.65,12722,United Kingdom
537802,85099B,JUMBO BAG RED RETROSPOT,6,2011-10-09 17:05:00,2.08,12722,United Kingdom
537803,85123A,WHITE HANGING HEART T-LIGHT HOLDER,12,2011-03-31 16:55:00,2.95,12437,Germany
537803,22633,HAND WARMER UNION JACK,6,2011-03-31 16:55:00,1.85,12437,Germany
537803,21212,PACK OF 72 RETROSPOT CAKE CASES,8,2011-03-31 16:55:00,0.55,12437,Germany
537803,22423,REGENCY CAKESTAND 3 TIER,2,2011-03-31 16:55:00,12.75,12437,Germany
537803,85099C,JUMBO BAG BAROQUE BLACK WHITE,2,2011-03-31 16:55:00,2.08,12437,Germany
537803,22720,SET OF 3 CAKE TINS PANTRY DESIGN,12,2011-03-31 16:55:00,4.95,12437,Germany
537803,21977,PACK OF 60 PINK PAISLEY CAKE CASES,12,2011-03-31 16:55:00,0.55,12437,Germany
537804,22086,PAPER CHAIN KIT 50'S CHRISTMAS,3,2011-08-30 15:54:00,2.55,12658,Spain
537804,22423,REGENCY CAKESTAND 3 TIER,3,2011-08-30 15:54:00,12.75,12658,Spain
537804,47566,PARTY BUNTING,6,2011-08-30 15:54:00,4.95,12658,Spain
537804,20725,LUNCH BAG RED RETROSPOT,4,2011-08-30 15:54:00,1.65,12658,Spain
537804,20727,LUNCH BAG BLACK SKULL,12,2011-08-30 15:54:00,1.65,12658,Spain
537804,21977,PACK OF 60 PINK PAISLEY CAKE CASES,1,2011-08-30 15:54:00,0.55,12658,Spain
537805,22961,JAM MAKING SET PRINTED,1,2011-08-30 14:13:00,1.45,12675,EIRE
537805,22960,JAM MAKING SET WITH JARS,6,2011-08-30 14:13:00,4.25,12675,EIRE
537805,21212,PACK OF 72 RETROSPOT CAKE CASES,1,2011-08-30 14:13:00,0.55,12675,EIRE
537806,22086,PAPER CHAIN KIT 50'S CHRISTMAS,1,2011-06-03 14:54:00,2.55,12685,United Kingdom
537806,47566,PARTY BUNTING,2,2011-06-03 14:54:00,4.95,12685,United Kingdom
537807,22961,JAM MAKING SET PRINTED,8,2011-04-23 16:41:00,1.45,12431,United Kingdom
537807,22633,HAND WARMER UNION JACK,12,2011-04-23 16:41:00,1.85,12431,United Kingdom
537808,22960,JAM MAKING SET WITH JARS,3,2011-06-20 11:38:00,4.25,12649,United Kingdom
537808,85099B,JUMBO BAG RED RETROSPOT,6,2011-06-20 11:38:00,2.08,12649,United Kingdom
537808,22633,HAND WARMER UNION JACK,8,2011-06-20 11:38:00,1.85,12649,United Kingdom
537808,84029G,KNITTED UNION FLAG HOT WATER BOTTLE,4,2011-06-20 11:38:00,3.75,12649,United Kingdom
537809,22961,JAM MAKING SET PRINTED,6,2011-09-06 18:29:00,1.45,12445,United Kingdom
537809,22960,JAM MAKING SET WITH JARS,3,2011-09-06 18:29:00,4.25,12445,United Kingdom
537809,84406B,CREAM CUPID HEARTS COAT HANGER,6,2011-09-06 18:29:00,4.15,12445,United Kingdom
537809,85099C,JUMBO BAG BAROQUE BLACK WHITE,12,2011-09-06 18:29:00,2.08,12445,United Kingdom
537810,22086,PAPER CHAIN KIT 50'S CHRISTMAS,4,2011-05-25 14:40:00,2.55,12437,Netherlands
537810,22139,RETROSPOT TEA SET CERAMIC 11 PC,6,2011-05-25 14:40:00,4.95,12437,Netherlands
537810,47566,PARTY BUNTING,6,2011-05-25 14:40:00,4.95,12437,Netherlands
537811,85123A,WHITE HANGING HEART T-LIGHT HOLDER,12,2011-03-25 16:36:00,2.95,12398,Spain
537811,21212,PACK OF 72 RETROSPOT CAKE CASES,6,2011-03-25 16:36:00,0.55,12398,Spain
537812,22961,JAM MAKING SET PRINTED,4,2011-09-13 13:31:00,1.45,12543,United Kingdom
537812,21034,REX CASH+CARRY JUMBO SHOPPER,1,2011-09-13 13:31:00,0.95,12543,United Kingdom
537813,21977,PACK OF 60 PINK PAISLEY CAKE CASES,2,2011-05-06 17:37:00,0.55,12445,EIRE
537814,71053,WHITE METAL LANTERN,2,2011-10-03 15:40:00,3.75,12592,United Kingdom
537814,84029G,KNITTED UNION FLAG HOT WATER BOTTLE,6,2011-10-03 15:40:00,3.75,12592,United Kingdom
537814,22961,JAM MAKING SET PRINTED,4,2011-10-03 15:40:00,1.45,12592,United Kingdom
537814,85099B,JUMBO BAG RED RETROSPOT,8,2011-10-03 15:40:00,2.08,12592,United Kingdom
537814,85099C,JUMBO BAG BAROQUE BLACK WHITE,6,2011-10-03 15:40:00,2.08,12592,United Kingdom
537814,22386,JUMBO BAG PINK POLKADOT,2,2011-10-03 15:40:00,2.08,12592,United Kingdom
537814,22457,NATURAL SLATE HEART CHALKBOARD,6,2011-10-03 15:40:00,2.95,12592,United Kingdom
537815,21977,PACK OF 60 PINK PAISLEY CAKE CASES,4,2011-07-21 09:50:00,0.55,12496,United Kingdom
537815,21212,PACK OF 72 RETROSPOT CAKE CASES,8,2011-07-21 09:50:00,0.55,12496,United Kingdom
537815,22423,REGENCY CAKESTAND 3 TIER,12,2011-07-21 09:50:00,12.75,12496,United Kingdom
537816,85099B,JUMBO BAG RED RETROSPOT,1,2011-08-26 09:45:00,2.08,12718,United Kingdom
537816,85099C,JUMBO BAG BAROQUE BLACK WHITE,6,2011-08-26 09:45:00,2.08,12718,United Kingdom
537816,22386,JUMBO BAG PINK POLKADOT,3,2011-08-26 09:45:00,2.08,12718,United Kingdom
537817,85099B,JUMBO BAG RED RETROSPOT,8,2011-10-26 09:48:00,2.08,12702,United Kingdom
537817,85099C,JUMBO BAG BAROQUE BLACK WHITE,2,2011-10-26 09:48:00,2.08,12702,United Kingdom
537817,22386,JUMBO BAG PINK POLKADOT,12,2011-10-26 09:48:00,2.08,12702,United Kingdom
537817,47566,PARTY BUNTING,1,2011-10-26 09:48:00,4.95,12702,United Kingdom
537818,21212,PACK OF 72 RETROSPOT CAKE CASES,6,2011-02-06 15:30:00,0.55,12655,United Kingdom
537818,22423,REGENCY CAKESTAND 3 TIER,8,2011-02-06 15:30:00,12.75,12655,United Kingdom
537818,20727,LUNCH BAG BLACK SKULL,3,2011-02-06 15:30:00,1.65,12655,United Kingdom
537818,22382,LUNCH BAG SPACEBOY DESIGN,3,2011-02-06 15:30:00,1.65,12655,United Kingdom
537818,22720,SET OF 3 CAKE TINS PANTRY DESIGN,6,2011-02-06 15:30:00,4.95,12655,United Kingdom
537818,22139,RETROSPOT TEA SET CERAMIC 11 PC,8,2011-02-06 15:30:00,4.95,12655,United Kingdom
537818,21977,PACK OF 60 PINK PAISLEY CAKE CASES,8,2011-02-06 15:30:00,0.55,12655,United Kingdom
537819,22961,JAM MAKING SET PRINTED,6,2011-05-16 18:02:00,1.45,12375,United Kingdom
537819,22382,LUNCH BAG SPACEBOY DESIGN,3,2011-05-16 18:02:00,1.65,12375,United Kingdom
537819,47566,PARTY BUNTING,3,2011-05-16 18:02:00,4.95,12375,United Kingdom
537820,22382,LUNCH BAG SPACEBOY DESIGN,6,2011-11-27 14:02:00,1.65,12598,United Kingdom
537820,85099B,JUMBO BAG RED RETROSPOT,8,2011-11-27 14:02:00,2.08,12598,United Kingdom
537821,84406B,CREAM CUPID HEARTS COAT HANGER,8,2011-05-12 17:48:00,4.15,12532,United Kingdom
537821,22752,SET 7 BABUSHKA NESTING BOXES,6,2011-05-12 17:48:00,7.65,12532,United Kingdom
537821,20725,LUNCH BAG RED RETROSPOT,1,2011-05-12 17:48:00,1.65,12532,United Kingdom
537821,20727,LUNCH BAG BLACK SKULL,3,2011-05-12 17:48:00,1.65,12532,United Kingdom
537821,22382,LUNCH BAG SPACEBOY DESIGN,1,2011-05-12 17:48:00,1.65,12532,United Kingdom
537821,22457,NATURAL SLATE HEART CHALKBOARD,1,2011-05-12 17:48:00,2.95,12532,United Kingdom
537821,21977,PACK OF 60 PINK PAISLEY CAKE CASES,1,2011-05-12 17:48:00,0.55,12532,United Kingdom
537822,21977,PACK OF 60 PINK PAISLEY CAKE CASES,4,2011-05-07 14:10:00,0.55,12425,United Kingdom
537822,21212,PACK OF 72 RETROSPOT CAKE CASES,3,2011-05-07 14:10:00,0.55,12425,United Kingdom
537822,22423,REGENCY CAKESTAND 3 TIER,2,2011-05-07 14:10:00,12.75,12425,United Kingdom
537823,22720,SET OF 3 CAKE TINS PANTRY DESIGN,4,2011-05-12 09:43:00,4.95,12512,United Kingdom
537823,22423,REGENCY CAKESTAND 3 TIER,8,2011-05-12 09:43:00,12.75,12512,United Kingdom
537824,85123A,WHITE HANGING HEART T-LIGHT HOLDER,12,2011-03-04 09:48:00,2.95,12630,United Kingdom
537824,84406B,CREAM CUPID HEARTS COAT HANGER,3,2011-03-04 09:48:00,4.15,12630,United Kingdom
537824,84879,ASSORTED COLOUR BIRD ORNAMENT,12,2011-03-04 09:48:00,1.69,12630,United Kingdom
537824,23166,MEDIUM CERAMIC TOP STORAGE JAR,4,2011-03-04 09:48:00,1.04,12630,United Kingdom
537824,22197,POPCORN HOLDER,8,2011-03-04 09:48:00,0.85,12630,United Kingdom
537825,22961,JAM MAKING SET PRINTED,3,2011-10-23 16:16:00,1.45,12575,United Kingdom
537825,22960,JAM MAKING SET WITH JARS,6,2011-10-23 16:16:00,4.25,12575,United Kingdom
537826,22633,HAND WARMER UNION JACK,2,2011-11-26 11:28:00,1.85,12609,United Kingdom
537826,22632,HAND WARMER RED POLKA DOT,3,2011-11-26 11:28:00,1.85,12609,United Kingdom
537826,84029G,KNITTED UNION FLAG HOT WATER BOTTLE,4,2011-11-26 11:28:00,3.75,12609,United Kingdom
537826,22457,NATURAL SLATE HEART CHALKBOARD,2,2011-11-26 11:28:00,2.95,12609,United Kingdom
537826,21034,REX CASH+CARRY JUMBO SHOPPER,3,2011-11-26 11:28:00,0.95,12609,United Kingdom
537827,22086,PAPER CHAIN KIT 50'S CHRISTMAS,1,2011-10-07 11:26:00,2.55,12448,United Kingdom
537827,47566,PARTY BUNTING,8,2011-10-07 11:26:00,4.95,12448,United Kingdom
537828,22720,SET OF 3 CAKE TINS PANTRY DESIGN,12,2010-12-05 10:03:00,4.95,12724,United Kingdom
537828,22423,REGENCY CAKESTAND 3 TIER,6,2010-12-05 10:03:00,12.75,12724,United Kingdom
537828,22632,HAND WARMER RED POLKA DOT,1,2010-12-05 10:03:00,1.85,12724,United Kingdom
537829,22457,NATURAL SLATE HEART CHALKBOARD,6,2011-02-23 15:55:00,2.95,12618,EIRE
537829,22633,HAND WARMER UNION JACK,12,2011-02-23 15:55:00,1.85,12618,EIRE
537830,21730,GLASS STAR FROSTED T-LIGHT HOLDER,1,2011-05-14 13:17:00,4.25,12583,United Kingdom
537830,84879,ASSORTED COLOUR BIRD ORNAMENT,6,2011-05-14 13:17:00,1.69,12583,United Kingdom
537830,20725,LUNCH BAG RED RETROSPOT,3,2011-05-14 13:17:00,1.65,12583,United Kingdom
537830,20727,LUNCH BAG BLACK SKULL,2,2011-05-14 13:17:00,1.65,12583,United Kingdom
537830,22382,LUNCH BAG SPACEBOY DESIGN,12,2011-05-14 13:17:00,1.65,12583,United Kingdom
537831,85123A,WHITE HANGING HEART T-LIGHT HOLDER,12,2011-11-02 16:45:00,2.95,12541,United Kingdom
537831,84406B,CREAM CUPID HEARTS COAT HANGER,2,2011-11-02 16:45:00,4.15,12541,United Kingdom
537831,22386,JUMBO BAG PINK POLKADOT,12,2011-11-02 16:45:00,2.08,12541,United Kingdom
537832,22633,HAND WARMER UNION JACK,1,2011-01-02 16:13:00,1.85,12435,United Kingdom
537832,21212,PACK OF 72 RETROSPOT CAKE CASES,6,2011-01-02 16:13:00,0.55,12435,United Kingdom
537832,22423,REGENCY CAKESTAND 3 TIER,3,2011-01-02 16:13:00,12.75,12435,United Kingdom
537832,23166,MEDIUM CERAMIC TOP STORAGE JAR,3,2011-01-02 16:13:00,1.04,12435,United Kingdom
537832,85099B,JUMBO BAG RED RETROSPOT,3,2011-01-02 16:13:00,2.08,12435,United Kingdom
537832,21034,REX CASH+CARRY JUMBO SHOPPER,4,2011-01-02 16:13:00,0.95,12435,United Kingdom
537832,21977,PACK OF 60 PINK PAISLEY CAKE CASES,8,2011-01-02 16:13:00,0.55,12435,United Kingdom
537833,22086,PAPER CHAIN KIT 50'S CHRISTMAS,6,2011-01-21 15:21:00,2.55,12433,United Kingdom
537833,47566,PARTY BUNTING,4,2011-01-21 15:21:00,4.95,12433,United Kingdom
537834,22457,NATURAL SLATE HEART CHALKBOARD,4,2011-09-08 10:45:00,2.95,12629,United Kingdom
537834,85099B,JUMBO BAG RED RETROSPOT,6,2011-09-08 10:45:00,2.08,12629,United Kingdom
537834,85099C,JUMBO BAG BAROQUE BLACK WHITE,6,2011-09-08 10:45:00,2.08,12629,United Kingdom
537834,22386,JUMBO BAG PINK POLKADOT,6,2011-09-08 10:45:00,2.08,12629,United Kingdom
537835,22457,NATURAL SLATE HEART CHALKBOARD,8,2011-02-01 16:16:00,2.95,12559,Germany
537835,22633,HAND WARMER UNION JACK,6,2011-02-01 16:16:00,1.85,12559,Germany
537835,84029G,KNITTED UNION FLAG HOT WATER BOTTLE,4,2011-02-01 16:16:00,3.75,12559,Germany
537836,22752,SET 7 BABUSHKA NESTING BOXES,12,2011-09-19 13:46:00,7.65,12356,United Kingdom
537836,22633,HAND WARMER UNION JACK,12,2011-09-19 13:46:00,1.85,12356,United Kingdom
537836,22423,REGENCY CAKESTAND 3 TIER,1,2011-09-19 13:46:00,12.75,12356,United Kingdom
537836,22386,JUMBO BAG PINK POLKADOT,3,2011-09-19 13:46:00,2.08,12356,United Kingdom
537836,23084,RABBIT NIGHT LIGHT,3,2011-09-19 13:46:00,2.08,12356,United Kingdom
537836,22720,SET OF 3 CAKE TINS PANTRY DESIGN,12,2011-09-19 13:46:00,4.95,12356,United Kingdom
537837,22086,PAPER CHAIN KIT 50'S CHRISTMAS,12,2011-02-21 08:51:00,2.55,12381,United Kingdom
537837,47566,PARTY BUNTING,2,2011-02-21 08:51:00,4.95,12381,United Kingdom
537837,20727,LUNCH BAG BLACK SKULL,4,2011-02-21 08:51:00,1.65,12381,United Kingdom
537837,22720,SET OF 3 CAKE TINS PANTRY DESIGN,12,2011-02-21 08:51:00,4.95,12381,United Kingdom
537837,21977,PACK OF 60 PINK PAISLEY CAKE CASES,6,2011-02-21 08:51:00,0.55,12381,United Kingdom
537838,22961,JAM MAKING SET PRINTED,2,2011-09-23 17:28:00,1.45,12416,EIRE
537838,22960,JAM MAKING SET WITH JARS,3,2011-09-23 17:28:00,4.25,12416,EIRE
537839,85123A,WHITE HANGING HEART T-LIGHT HOLDER,12,2011-06-22 09:05:00,2.95,12532,United Kingdom
537839,71053,WHITE METAL LANTERN,12,2011-06-22 09:05:00,3.75,12532,United Kingdom
537839,21730,GLASS STAR FROSTED T-LIGHT HOLDER,12,2011-06-22 09:05:00,4.25,12532,United Kingdom
537839,22382,LUNCH BAG SPACEBOY DESIGN,6,2011-06-22 09:05:00,1.65,12532,United Kingdom
537839,22720,SET OF 3 CAKE TINS PANTRY DESIGN,4,2011-06-22 09:05:00,4.95,12532,United Kingdom
537840,71053,WHITE METAL LANTERN,1,2011-11-26 14:12:00,3.75,12700,EIRE
537840,21212,PACK OF 72 RETROSPOT CAKE CASES,4,2011-11-26 14:12:00,0.55,12700,EIRE
537840,84879,ASSORTED COLOUR BIRD ORNAMENT,1,2011-11-26 14:12:00,1.69,12700,EIRE
537840,22423,REGENCY CAKESTAND 3 TIER,6,2011-11-26 14:12:00,12.75,12700,EIRE
537840,22457,NATURAL SLATE HEART CHALKBOARD,6,2011-11-26 14:12:00,2.95,12700,EIRE
537840,21977,PACK OF 60 PINK PAISLEY CAKE CASES,4,2011-11-26 14:12:00,0.55,12700,EIRE
537841,84406B,CREAM CUPID HEARTS COAT HANGER,6,2011-10-27 10:22:00,4.15,12544,Netherlands
537841,22086,PAPER CHAIN KIT 50'S CHRISTMAS,3,2011-10-27 10:22:00,2.55,12544,Netherlands
537841,22752,SET 7 BABUSHKA NESTING BOXES,4,2011-10-27 10:22:00,7.65,12544,Netherlands
537841,47566,PARTY BUNTING,2,2011-10-27 10:22:00,4.95,12544,Netherlands
537842,84406B,CREAM CUPID HEARTS COAT HANGER,6,2011-02-15 17:40:00,4.15,12357,Netherlands
537843,22086,PAPER CHAIN KIT 50'S CHRISTMAS,1,2011-08-02 13:11:00,2.55,12447,EIRE
537843,21977,PACK OF 60 PINK PAISLEY CAKE CASES,8,2011-08-02 13:11:00,0.55,12447,EIRE
537843,47566,PARTY BUNTING,12,2011-08-02 13:11:00,4.95,12447,EIRE
537844,84879,ASSORTED COLOUR BIRD ORNAMENT,1,2011-03-18 18:01:00,1.69,12388,United Kingdom
537844,22633,HAND WARMER UNION JACK,3,2011-03-18 18:01:00,1.85,12388,United Kingdom
537844,22632,HAND WARMER RED POLKA DOT,3,2011-03-18 18:01:00,1.85,12388,United Kingdom
537844,84029G,KNITTED UNION FLAG HOT WATER BOTTLE,2,2011-03-18 18:01:00,3.75,12388,United Kingdom
537845,22961,JAM MAKING SET PRINTED,2,2011-02-19 10:25:00,1.45,12452,Germany
537845,22960,JAM MAKING SET WITH JARS,2,2011-02-19 10:25:00,4.25,12452,Germany
537846,22961,JAM MAKING SET PRINTED,2,2011-01-27 14:55:00,1.45,12405,United Kingdom
537846,22960,JAM MAKING SET WITH JARS,1,2011-01-27 14:55:00,4.25,12405,United Kingdom
537847,22632,HAND WARMER RED POLKA DOT,4,2011-02-08 14:12:00,1.85,12574,EIRE
537848,85123A,WHITE HANGING HEART T-LIGHT HOLDER,6,2011-04-30 17:42:00,2.95,12364,United Kingdom
537848,22633,HAND WARMER UNION JACK,2,2011-04-30 17:42:00,1.85,12364,United Kingdom
537848,21212,PACK OF 72 RETROSPOT CAKE CASES,3,2011-04-30 17:42:00,0.55,12364,United Kingdom
537848,22423,REGENCY CAKESTAND 3 TIER,6,2011-04-30 17:42:00,12.75,12364,United Kingdom
537848,47566,PARTY BUNTING,3,2011-04-30 17:42:00,4.95,12364,United Kingdom
537848,85099C,JUMBO BAG BAROQUE BLACK WHITE,2,2011-04-30 17:42:00,2.08,12364,United Kingdom
537848,21977,PACK OF 60 PINK PAISLEY CAKE CASES,2,2011-04-30 17:42:00,0.55,12364,United Kingdom
537849,22961,JAM MAKING SET PRINTED,6,2010-12-12 17:13:00,1.45,12491,United Kingdom
537849,22960,JAM MAKING SET WITH JARS,3,2010-12-12 17:13:00,4.25,12491,United Kingdom
537849,22139,RETROSPOT TEA SET CERAMIC 11 PC,3,2010-12-12 17:13:00,4.95,12491,United Kingdom
537849,85123A,WHITE HANGING HEART T-LIGHT HOLDER,6,2010-12-12 17:13:00,2.95,12491,United Kingdom
537850,84879,ASSORTED COLOUR BIRD ORNAMENT,2,2011-02-04 09:23:00,1.69,12538,Netherlands
537850,85099B,JUMBO BAG RED RETROSPOT,1,2011-02-04 09:23:00,2.08,12538,Netherlands
537850,85099C,JUMBO BAG BAROQUE BLACK WHITE,4,2011-02-04 09:23:00,2.08,12538,Netherlands
537850,22386,JUMBO BAG PINK POLKADOT,6,2011-02-04 09:23:00,2.08,12538,Netherlands
537850,23084,RABBIT NIGHT LIGHT,3,2011-02-04 09:23:00,2.08,12538,Netherlands
537851,47566,PARTY BUNTING,2,2011-11-21 18:01:00,4.95,12744,United Kingdom
537852,85123A,WHITE HANGING HEART T-LIGHT HOLDER,3,2011-04-21 11:57:00,2.95,12418,United Kingdom
537852,22960,JAM MAKING SET WITH JARS,4,2011-04-21 11:57:00,4.25,12418,United Kingdom
537852,84406B,CREAM CUPID HEARTS COAT HANGER,1,2011-04-21 11:57:00,4.15,12418,United Kingdom
537852,84879,ASSORTED COLOUR BIRD ORNAMENT,6,2011-04-21 11:57:00,1.69,12418,United Kingdom
537853,21212,PACK OF 72 RETROSPOT CAKE CASES,3,2011-02-18 08:39:00,0.55,12384,France
537853,22197,POPCORN HOLDER,12,2011-02-18 08:39:00,0.85,12384,France
537853,22752,SET 7 BABUSHKA NESTING BOXES,4,2011-02-18 08:39:00,7.65,12384,France
537854,85123A,WHITE HANGING HEART T-LIGHT HOLDER,8,2011-08-11 12:33:00,2.95,12631,United Kingdom
537854,71053,WHITE METAL LANTERN,8,2011-08-11 12:33:00,3.75,12631,United Kingdom
537854,84406B,CREAM CUPID HEARTS COAT HANGER,1,2011-08-11 12:33:00,4.15,12631,United Kingdom
537854,21730,GLASS STAR FROSTED T-LIGHT HOLDER,8,2011-08-11 12:33:00,4.25,12631,United Kingdom
537854,23084,RABBIT NIGHT LIGHT,4,2011-08-11 12:33:00,2.08,12631,United Kingdom
537855,20727,LUNCH BAG BLACK SKULL,1,2011-02-03 13:03:00,1.65,12412,United Kingdom
537855,22382,LUNCH BAG SPACEBOY DESIGN,4,2011-02-03 13:03:00,1.65,12412,United Kingdom
537855,21034,REX CASH+CARRY JUMBO SHOPPER,6,2011-02-03 13:03:00,0.95,12412,United Kingdom
537855,20725,LUNCH BAG RED RETROSPOT,1,2011-02-03 13:03:00,1.65,12412,United Kingdom
537856,23166,MEDIUM CERAMIC TOP STORAGE JAR,12,2010-12-31 09:31:00,1.04,12473,United Kingdom
537856,21977,PACK OF 60 PINK PAISLEY CAKE CASES,6,2010-12-31 09:31:00,0.55,12473,United Kingdom
537856,20725,LUNCH BAG RED RETROSPOT,8,2010-12-31 09:31:00,1.65,12473,United Kingdom
537857,22960,JAM MAKING SET WITH JARS,3,2011-10-15 09:53:00,4.25,12503,Germany
537857,22423,REGENCY CAKESTAND 3 TIER,4,2011-10-15 09:53:00,12.75,12503,Germany
537857,85099B,JUMBO BAG RED RETROSPOT,6,2011-10-15 09:53:00,2.08,12503,Germany
537857,85099C,JUMBO BAG BAROQUE BLACK WHITE,12,2011-10-15 09:53:00,2.08,12503,Germany
537857,22386,JUMBO BAG PINK POLKADOT,2,2011-10-15 09:53:00,2.08,12503,Germany
537858,85123A,WHITE HANGING HEART T-LIGHT HOLDER,2,2011-04-08 15:57:00,2.95,12416,United Kingdom
537858,84406B,CREAM CUPID HEARTS COAT HANGER,2,2011-04-08 15:57:00,4.15,12416,United Kingdom
537859,22633,HAND WARMER UNION JACK,2,2011-03-17 09:21:00,1.85,12365,United Kingdom
537859,22632,HAND WARMER RED POLKA DOT,12,2011-03-17 09:21:00,1.85,12365,United Kingdom
537859,84029G,KNITTED UNION FLAG HOT WATER BOTTLE,3,2011-03-17 09:21:00,3.75,12365,United Kingdom
537859,22961,JAM MAKING SET PRINTED,8,2011-03-17 09:21:00,1.45,12365,United Kingdom
537859,84879,ASSORTED COLOUR BIRD ORNAMENT,1,2011-03-17 09:21:00,1.69,12365,United Kingdom
537859,22720,SET OF 3 CAKE TINS PANTRY DESIGN,1,2011-03-17 09:21:00,4.95,12365,United Kingdom
537860,85123A,WHITE HANGING HEART T-LIGHT HOLDER,6,2011-01-19 13:58:00,2.95,12610,United Kingdom
537860,71053,WHITE METAL LANTERN,1,2011-01-19 13:58:00,3.75,12610,United Kingdom
537860,21730,GLASS STAR FROSTED T-LIGHT HOLDER,12,2011-01-19 13:58:00,4.25,12610,United Kingdom
537861,21977,PACK OF 60 PINK PAISLEY CAKE CASES,12,2011-03-11 16:32:00,0.55,12389,United Kingdom
537861,21212,PACK OF 72 RETROSPOT CAKE CASES,4,2011-03-11 16:32:00,0.55,12389,United Kingdom
537861,22423,REGENCY CAKESTAND 3 TIER,6,2011-03-11 16:32:00,12.75,12389,United Kingdom
537862,22960,JAM MAKING SET WITH JARS,8,2010-12-25 12:53:00,4.25,12386,EIRE
537862,22632,HAND WARMER RED POLKA DOT,3,2010-12-25 12:53:00,1.85,12386,EIRE
537862,22457,NATURAL SLATE HEART CHALKBOARD,2,2010-12-25 12:53:00,2.95,12386,EIRE
537863,21212,PACK OF 72 RETROSPOT CAKE CASES,12,2011-03-11 08:31:00,0.55,12706,Netherlands
537863,20727,LUNCH BAG BLACK SKULL,8,2011-03-11 08:31:00,1.65,12706,Netherlands
537863,85099B,JUMBO BAG RED RETROSPOT,8,2011-03-11 08:31:00,2.08,12706,Netherlands
537863,85099C,JUMBO BAG BAROQUE BLACK WHITE,6,2011-03-11 08:31:00,2.08,12706,Netherlands
537863,22386,JUMBO BAG PINK POLKADOT,12,2011-03-11 08:31:00,2.08,12706,Netherlands
537863,22139,RETROSPOT TEA SET CERAMIC 11 PC,1,2011-03-11 08:31:00,4.95,12706,Netherlands
537864,22633,HAND WARMER UNION JACK,12,2011-01-31 16:30:00,1.85,12450,United Kingdom
537864,21212,PACK OF 72 RETROSPOT CAKE CASES,6,2011-01-31 16:30:00,0.55,12450,United Kingdom
537864,84879,ASSORTED COLOUR BIRD ORNAMENT,8,2011-01-31 16:30:00,1.69,12450,United Kingdom
537864,22423,REGENCY CAKESTAND 3 TIER,8,2011-01-31 16:30:00,12.75,12450,United Kingdom
537864,22457,NATURAL SLATE HEART CHALKBOARD,8,2011-01-31 16:30:00,2.95,12450,United Kingdom
537864,21034,REX CASH+CARRY JUMBO SHOPPER,3,2011-01-31 16:30:00,0.95,12450,United Kingdom
537864,21977,PACK OF 60 PINK PAISLEY CAKE CASES,2,2011-01-31 16:30:00,0.55,12450,United Kingdom
537865,85123A,WHITE HANGING HEART T-LIGHT HOLDER,6,2011-09-26 10:03:00,2.95,12526,United Kingdom
537865,71053,WHITE METAL LANTERN,8,2011-09-26 10:03:00,3.75,12526,United Kingdom
